solid OpenSCAD_Model
  facet normal 0.886946 -0 0.461873
    outer loop
      vertex 51.1464 0.000499725 11.1399
      vertex 51.4815 17.5005 10.4964
      vertex 51.1464 17.5005 11.1399
    endloop
  endfacet
  facet normal 0.886946 0 0.461873
    outer loop
      vertex 51.4815 17.5005 10.4964
      vertex 51.1464 0.000499725 11.1399
      vertex 51.4815 0.000499725 10.4964
    endloop
  endfacet
  facet normal 0.883075 -0 0.469231
    outer loop
      vertex 51.4815 0.000499725 10.4964
      vertex 51.823 17.5005 9.85371
      vertex 51.4815 17.5005 10.4964
    endloop
  endfacet
  facet normal 0.883075 0 0.469231
    outer loop
      vertex 51.823 17.5005 9.85371
      vertex 51.4815 0.000499725 10.4964
      vertex 51.823 0.000499725 9.85371
    endloop
  endfacet
  facet normal 0.879147 -0 0.476551
    outer loop
      vertex 51.823 0.000499725 9.85371
      vertex 52.1727 17.5005 9.20858
      vertex 51.823 17.5005 9.85371
    endloop
  endfacet
  facet normal 0.879147 0 0.476551
    outer loop
      vertex 52.1727 17.5005 9.20858
      vertex 51.823 0.000499725 9.85371
      vertex 52.1727 0.000499725 9.20858
    endloop
  endfacet
  facet normal 0.875366 -0 0.48346
    outer loop
      vertex 52.1727 0.000499725 9.20858
      vertex 52.5096 17.5005 8.59858
      vertex 52.1727 17.5005 9.20858
    endloop
  endfacet
  facet normal 0.875366 0 0.48346
    outer loop
      vertex 52.5096 17.5005 8.59858
      vertex 52.1727 0.000499725 9.20858
      vertex 52.5096 0.000499725 8.59858
    endloop
  endfacet
  facet normal 0.916043 -0 0.401081
    outer loop
      vertex 48.7254 0.000499725 16.2433
      vertex 48.9582 17.5005 15.7116
      vertex 48.7254 17.5005 16.2433
    endloop
  endfacet
  facet normal 0.916043 0 0.401081
    outer loop
      vertex 48.9582 17.5005 15.7116
      vertex 48.7254 0.000499725 16.2433
      vertex 48.9582 0.000499725 15.7116
    endloop
  endfacet
  facet normal 0.912914 -0 0.408152
    outer loop
      vertex 48.9582 0.000499725 15.7116
      vertex 49.2383 17.5005 15.0851
      vertex 48.9582 17.5005 15.7116
    endloop
  endfacet
  facet normal 0.912914 0 0.408152
    outer loop
      vertex 49.2383 17.5005 15.0851
      vertex 48.9582 0.000499725 15.7116
      vertex 49.2383 0.000499725 15.0851
    endloop
  endfacet
  facet normal 0.909467 -0 0.415777
    outer loop
      vertex 49.2383 0.000499725 15.0851
      vertex 49.5254 17.5005 14.4571
      vertex 49.2383 17.5005 15.0851
    endloop
  endfacet
  facet normal 0.909467 0 0.415777
    outer loop
      vertex 49.5254 17.5005 14.4571
      vertex 49.2383 0.000499725 15.0851
      vertex 49.5254 0.000499725 14.4571
    endloop
  endfacet
  facet normal 0.907319 -0 0.420444
    outer loop
      vertex 49.5254 0.000499725 14.4571
      vertex 49.6235 17.5005 14.2454
      vertex 49.5254 17.5005 14.4571
    endloop
  endfacet
  facet normal 0.907319 0 0.420444
    outer loop
      vertex 49.6235 17.5005 14.2454
      vertex 49.5254 0.000499725 14.4571
      vertex 49.6235 0.000499725 14.2454
    endloop
  endfacet
  facet normal 0.942668 -0 0.333733
    outer loop
      vertex 46.5938 0.000499725 21.6869
      vertex 46.7831 17.5005 21.1522
      vertex 46.5938 17.5005 21.6869
    endloop
  endfacet
  facet normal 0.942668 0 0.333733
    outer loop
      vertex 46.7831 17.5005 21.1522
      vertex 46.5938 0.000499725 21.6869
      vertex 46.7831 0.000499725 21.1522
    endloop
  endfacet
  facet normal 0.940083 -0 0.340946
    outer loop
      vertex 46.7831 0.000499725 21.1522
      vertex 47.0064 17.5005 20.5365
      vertex 46.7831 17.5005 21.1522
    endloop
  endfacet
  facet normal 0.940083 0 0.340946
    outer loop
      vertex 47.0064 17.5005 20.5365
      vertex 46.7831 0.000499725 21.1522
      vertex 47.0064 0.000499725 20.5365
    endloop
  endfacet
  facet normal 0.937251 -0 0.348656
    outer loop
      vertex 47.0064 0.000499725 20.5365
      vertex 47.2357 17.5005 19.9201
      vertex 47.0064 17.5005 20.5365
    endloop
  endfacet
  facet normal 0.937251 0 0.348656
    outer loop
      vertex 47.2357 17.5005 19.9201
      vertex 47.0064 0.000499725 20.5365
      vertex 47.2357 0.000499725 19.9201
    endloop
  endfacet
  facet normal 0.935344 -0 0.353741
    outer loop
      vertex 47.2357 0.000499725 19.9201
      vertex 47.2964 17.5005 19.7596
      vertex 47.2357 17.5005 19.9201
    endloop
  endfacet
  facet normal 0.935344 0 0.353741
    outer loop
      vertex 47.2964 17.5005 19.7596
      vertex 47.2357 0.000499725 19.9201
      vertex 47.2964 0.000499725 19.7596
    endloop
  endfacet
  facet normal 0.965524 -0 0.260314
    outer loop
      vertex 44.8465 0.000499725 27.3676
      vertex 44.9919 17.5005 26.8283
      vertex 44.8465 17.5005 27.3676
    endloop
  endfacet
  facet normal 0.965524 0 0.260314
    outer loop
      vertex 44.9919 17.5005 26.8283
      vertex 44.8465 0.000499725 27.3676
      vertex 44.9919 0.000499725 26.8283
    endloop
  endfacet
  facet normal 0.963428 -0 0.267969
    outer loop
      vertex 44.9919 0.000499725 26.8283
      vertex 45.1619 17.5005 26.2171
      vertex 44.9919 17.5005 26.8283
    endloop
  endfacet
  facet normal 0.963428 0 0.267969
    outer loop
      vertex 45.1619 17.5005 26.2171
      vertex 44.9919 0.000499725 26.8283
      vertex 45.1619 0.000499725 26.2171
    endloop
  endfacet
  facet normal 0.961173 -0 0.275946
    outer loop
      vertex 45.1619 0.000499725 26.2171
      vertex 45.3374 17.5005 25.6058
      vertex 45.1619 17.5005 26.2171
    endloop
  endfacet
  facet normal 0.961173 0 0.275946
    outer loop
      vertex 45.3374 17.5005 25.6058
      vertex 45.1619 0.000499725 26.2171
      vertex 45.3374 0.000499725 25.6058
    endloop
  endfacet
  facet normal 0.959393 -0 0.282072
    outer loop
      vertex 45.3374 0.000499725 25.6058
      vertex 45.4341 17.5005 25.2769
      vertex 45.3374 17.5005 25.6058
    endloop
  endfacet
  facet normal 0.959393 0 0.282072
    outer loop
      vertex 45.4341 17.5005 25.2769
      vertex 45.3374 0.000499725 25.6058
      vertex 45.4341 0.000499725 25.2769
    endloop
  endfacet
  facet normal 0.982827 -0 0.184528
    outer loop
      vertex 43.5517 0.000499725 33.1322
      vertex 43.6541 17.5005 32.5868
      vertex 43.5517 17.5005 33.1322
    endloop
  endfacet
  facet normal 0.982827 0 0.184528
    outer loop
      vertex 43.6541 17.5005 32.5868
      vertex 43.5517 0.000499725 33.1322
      vertex 43.6541 0.000499725 32.5868
    endloop
  endfacet
  facet normal 0.981366 -0 0.192149
    outer loop
      vertex 43.6541 0.000499725 32.5868
      vertex 43.7743 17.5005 31.9729
      vertex 43.6541 17.5005 32.5868
    endloop
  endfacet
  facet normal 0.981366 0 0.192149
    outer loop
      vertex 43.7743 17.5005 31.9729
      vertex 43.6541 0.000499725 32.5868
      vertex 43.7743 0.000499725 31.9729
    endloop
  endfacet
  facet normal 0.97973 -0 0.200323
    outer loop
      vertex 43.7743 0.000499725 31.9729
      vertex 43.8997 17.5005 31.3596
      vertex 43.7743 17.5005 31.9729
    endloop
  endfacet
  facet normal 0.97973 0 0.200323
    outer loop
      vertex 43.8997 17.5005 31.3596
      vertex 43.7743 0.000499725 31.9729
      vertex 43.8997 0.000499725 31.3596
    endloop
  endfacet
  facet normal 0.978258 -0 0.20739
    outer loop
      vertex 43.8997 0.000499725 31.3596
      vertex 43.9997 17.5005 30.8879
      vertex 43.8997 17.5005 31.3596
    endloop
  endfacet
  facet normal 0.978258 0 0.20739
    outer loop
      vertex 43.9997 17.5005 30.8879
      vertex 43.8997 0.000499725 31.3596
      vertex 43.9997 0.000499725 30.8879
    endloop
  endfacet
  facet normal 0.994028 -0 0.109129
    outer loop
      vertex 42.7271 0.000499725 38.8311
      vertex 42.7878 17.5005 38.2782
      vertex 42.7271 17.5005 38.8311
    endloop
  endfacet
  facet normal 0.994028 0 0.109129
    outer loop
      vertex 42.7878 17.5005 38.2782
      vertex 42.7271 0.000499725 38.8311
      vertex 42.7878 0.000499725 38.2782
    endloop
  endfacet
  facet normal 0.993167 -0 0.116703
    outer loop
      vertex 42.7878 0.000499725 38.2782
      vertex 42.8611 17.5005 37.6544
      vertex 42.7878 17.5005 38.2782
    endloop
  endfacet
  facet normal 0.993167 0 0.116703
    outer loop
      vertex 42.8611 17.5005 37.6544
      vertex 42.7878 0.000499725 38.2782
      vertex 42.8611 0.000499725 37.6544
    endloop
  endfacet
  facet normal 0.99214 -0 0.125133
    outer loop
      vertex 42.8611 0.000499725 37.6544
      vertex 42.9396 17.5005 37.032
      vertex 42.8611 17.5005 37.6544
    endloop
  endfacet
  facet normal 0.99214 0 0.125133
    outer loop
      vertex 42.9396 17.5005 37.032
      vertex 42.8611 0.000499725 37.6544
      vertex 42.9396 0.000499725 37.032
    endloop
  endfacet
  facet normal 0.991323 -0 0.131446
    outer loop
      vertex 42.9396 0.000499725 37.032
      vertex 42.9828 17.5005 36.7062
      vertex 42.9396 17.5005 37.032
    endloop
  endfacet
  facet normal 0.991323 0 0.131446
    outer loop
      vertex 42.9828 17.5005 36.7062
      vertex 42.9396 0.000499725 37.032
      vertex 42.9828 0.000499725 36.7062
    endloop
  endfacet
  facet normal 0.999339 -0 0.0363665
    outer loop
      vertex 42.3503 0.000499725 44.1761
      vertex 42.3626 17.5005 43.8381
      vertex 42.3503 17.5005 44.1761
    endloop
  endfacet
  facet normal 0.999339 0 0.0363665
    outer loop
      vertex 42.3626 17.5005 43.8381
      vertex 42.3503 0.000499725 44.1761
      vertex 42.3626 0.000499725 43.8381
    endloop
  endfacet
  facet normal 0.999032 -0 0.0439992
    outer loop
      vertex 42.3626 0.000499725 43.8381
      vertex 42.3908 17.5005 43.1978
      vertex 42.3626 17.5005 43.8381
    endloop
  endfacet
  facet normal 0.999032 0 0.0439992
    outer loop
      vertex 42.3908 17.5005 43.1978
      vertex 42.3626 0.000499725 43.8381
      vertex 42.3908 0.000499725 43.1978
    endloop
  endfacet
  facet normal 0.998743 -0 0.0501228
    outer loop
      vertex 42.3908 0.000499725 43.1978
      vertex 42.4043 17.5005 42.9288
      vertex 42.3908 17.5005 43.1978
    endloop
  endfacet
  facet normal 0.998743 0 0.0501228
    outer loop
      vertex 42.4043 17.5005 42.9288
      vertex 42.3908 0.000499725 43.1978
      vertex 42.4043 0.000499725 42.9288
    endloop
  endfacet
  facet normal 0 -1 0
    outer loop
      vertex 42.7271 0.000499725 38.8311
      vertex 43.9424 0.000499725 41.5126
      vertex 42.4043 0.000499725 42.9288
    endloop
  endfacet
  facet normal 0 -1 -0
    outer loop
      vertex 43.9424 0.000499725 41.5126
      vertex 42.7271 0.000499725 38.8311
      vertex 44.1884 0.000499725 40.0329
    endloop
  endfacet
  facet normal 0 -1 0
    outer loop
      vertex 43.5517 0.000499725 33.1322
      vertex 44.2597 0.000499725 35.8247
      vertex 42.9828 0.000499725 36.7062
    endloop
  endfacet
  facet normal 0 -1 -0
    outer loop
      vertex 44.2597 0.000499725 35.8247
      vertex 43.5517 0.000499725 33.1322
      vertex 44.7096 0.000499725 34.3938
    endloop
  endfacet
  facet normal 0 -1 0
    outer loop
      vertex 26.0997 0.000499725 30.173
      vertex 42.3626 0.000499725 43.8381
      vertex 42.3503 0.000499725 44.1761
    endloop
  endfacet
  facet normal 0 -1 0
    outer loop
      vertex 26.0997 0.000499725 30.173
      vertex 42.3908 0.000499725 43.1978
      vertex 42.3626 0.000499725 43.8381
    endloop
  endfacet
  facet normal 0 -1 0
    outer loop
      vertex 26.0997 0.000499725 30.173
      vertex 42.4043 0.000499725 42.9288
      vertex 42.3908 0.000499725 43.1978
    endloop
  endfacet
  facet normal 0 -1 0
    outer loop
      vertex 26.0997 0.000499725 30.173
      vertex 42.7271 0.000499725 38.8311
      vertex 42.4043 0.000499725 42.9288
    endloop
  endfacet
  facet normal 0 -1 0
    outer loop
      vertex 26.0997 0.000499725 30.173
      vertex 42.7878 0.000499725 38.2782
      vertex 42.7271 0.000499725 38.8311
    endloop
  endfacet
  facet normal 0 -1 0
    outer loop
      vertex 26.0997 0.000499725 30.173
      vertex 42.8611 0.000499725 37.6544
      vertex 42.7878 0.000499725 38.2782
    endloop
  endfacet
  facet normal 0 -1 0
    outer loop
      vertex 26.0997 0.000499725 30.173
      vertex 42.9396 0.000499725 37.032
      vertex 42.8611 0.000499725 37.6544
    endloop
  endfacet
  facet normal 0 -1 0
    outer loop
      vertex 26.0997 0.000499725 30.173
      vertex 42.9828 0.000499725 36.7062
      vertex 42.9396 0.000499725 37.032
    endloop
  endfacet
  facet normal 0 -1 0
    outer loop
      vertex 26.0997 0.000499725 30.173
      vertex 43.5517 0.000499725 33.1322
      vertex 42.9828 0.000499725 36.7062
    endloop
  endfacet
  facet normal 0 -1 0
    outer loop
      vertex 26.0997 0.000499725 30.173
      vertex 43.6541 0.000499725 32.5868
      vertex 43.5517 0.000499725 33.1322
    endloop
  endfacet
  facet normal 0 -1 0
    outer loop
      vertex 26.0997 0.000499725 30.173
      vertex 43.7743 0.000499725 31.9729
      vertex 43.6541 0.000499725 32.5868
    endloop
  endfacet
  facet normal 0 -1 0
    outer loop
      vertex 26.0997 0.000499725 30.173
      vertex 43.8997 0.000499725 31.3596
      vertex 43.7743 0.000499725 31.9729
    endloop
  endfacet
  facet normal 0 -1 0
    outer loop
      vertex 26.0997 0.000499725 30.173
      vertex 43.9997 0.000499725 30.8879
      vertex 43.8997 0.000499725 31.3596
    endloop
  endfacet
  facet normal 0 -1 0
    outer loop
      vertex 44.8465 0.000499725 27.3676
      vertex 43.9997 0.000499725 30.8879
      vertex 26.0997 0.000499725 30.173
    endloop
  endfacet
  facet normal 0 -1 0
    outer loop
      vertex 43.9997 0.000499725 30.8879
      vertex 44.8465 0.000499725 27.3676
      vertex 45.3039 0.000499725 30.1829
    endloop
  endfacet
  facet normal 0 -1 -0
    outer loop
      vertex 45.3039 0.000499725 30.1829
      vertex 44.8465 0.000499725 27.3676
      vertex 45.9063 0.000499725 28.8091
    endloop
  endfacet
  facet normal 0 -1 0
    outer loop
      vertex 26.0997 0.000499725 30.173
      vertex 44.9919 0.000499725 26.8283
      vertex 44.8465 0.000499725 27.3676
    endloop
  endfacet
  facet normal 0 -1 0
    outer loop
      vertex 26.0997 0.000499725 30.173
      vertex 45.1619 0.000499725 26.2171
      vertex 44.9919 0.000499725 26.8283
    endloop
  endfacet
  facet normal 0 -1 0
    outer loop
      vertex 26.0997 0.000499725 30.173
      vertex 45.3374 0.000499725 25.6058
      vertex 45.1619 0.000499725 26.2171
    endloop
  endfacet
  facet normal 0 -1 0
    outer loop
      vertex 26.0997 0.000499725 30.173
      vertex 45.4341 0.000499725 25.2769
      vertex 45.3374 0.000499725 25.6058
    endloop
  endfacet
  facet normal 0 -1 0
    outer loop
      vertex 46.5938 0.000499725 21.6869
      vertex 45.4341 0.000499725 25.2769
      vertex 26.0997 0.000499725 30.173
    endloop
  endfacet
  facet normal 0 -1 0
    outer loop
      vertex 45.4341 0.000499725 25.2769
      vertex 46.5938 0.000499725 21.6869
      vertex 46.8934 0.000499725 24.6288
    endloop
  endfacet
  facet normal 0 -1 -0
    outer loop
      vertex 46.8934 0.000499725 24.6288
      vertex 46.5938 0.000499725 21.6869
      vertex 47.6005 0.000499725 23.306
    endloop
  endfacet
  facet normal 0 -1 0
    outer loop
      vertex 26.0997 0.000499725 30.173
      vertex 46.7831 0.000499725 21.1522
      vertex 46.5938 0.000499725 21.6869
    endloop
  endfacet
  facet normal 0 -1 0
    outer loop
      vertex 26.0997 0.000499725 30.173
      vertex 47.0064 0.000499725 20.5365
      vertex 46.7831 0.000499725 21.1522
    endloop
  endfacet
  facet normal 0 -1 0
    outer loop
      vertex 26.0997 0.000499725 30.173
      vertex 47.2357 0.000499725 19.9201
      vertex 47.0064 0.000499725 20.5365
    endloop
  endfacet
  facet normal 0 -1 0
    outer loop
      vertex 26.0997 0.000499725 30.173
      vertex 47.2964 0.000499725 19.7596
      vertex 47.2357 0.000499725 19.9201
    endloop
  endfacet
  facet normal 0 -1 0
    outer loop
      vertex 48.7254 0.000499725 16.2433
      vertex 48.8572 0.000499725 19.157
      vertex 47.2964 0.000499725 19.7596
    endloop
  endfacet
  facet normal 0 -1 0
    outer loop
      vertex 46.6698 0.000499725 6.30137
      vertex 47.2964 0.000499725 19.7596
      vertex 26.0997 0.000499725 30.173
    endloop
  endfacet
  facet normal 0 -1 -0
    outer loop
      vertex 48.8572 0.000499725 19.157
      vertex 48.7254 0.000499725 16.2433
      vertex 49.6289 0.000499725 17.8707
    endloop
  endfacet
  facet normal 0 -1 -0
    outer loop
      vertex 47.2964 0.000499725 19.7596
      vertex 46.6698 0.000499725 6.30137
      vertex 48.7254 0.000499725 16.2433
    endloop
  endfacet
  facet normal 0 -1 -0
    outer loop
      vertex 48.7254 0.000499725 16.2433
      vertex 46.6698 0.000499725 6.30137
      vertex 48.9582 0.000499725 15.7116
    endloop
  endfacet
  facet normal 0 -1 -0
    outer loop
      vertex 48.9582 0.000499725 15.7116
      vertex 46.6698 0.000499725 6.30137
      vertex 49.2383 0.000499725 15.0851
    endloop
  endfacet
  facet normal 0 -1 -0
    outer loop
      vertex 49.2383 0.000499725 15.0851
      vertex 46.6698 0.000499725 6.30137
      vertex 49.5254 0.000499725 14.4571
    endloop
  endfacet
  facet normal 0 -1 0
    outer loop
      vertex 51.1464 0.000499725 11.1399
      vertex 51.0424 0.000499725 13.7349
      vertex 49.6235 0.000499725 14.2454
    endloop
  endfacet
  facet normal 0 -1 -0
    outer loop
      vertex 49.5254 0.000499725 14.4571
      vertex 46.6698 0.000499725 6.30137
      vertex 49.6235 0.000499725 14.2454
    endloop
  endfacet
  facet normal 0 -1 0
    outer loop
      vertex 51.0424 0.000499725 13.7349
      vertex 51.1464 0.000499725 11.1399
      vertex 51.8436 0.000499725 12.4667
    endloop
  endfacet
  facet normal 0 -1 -0
    outer loop
      vertex 49.6235 0.000499725 14.2454
      vertex 46.6698 0.000499725 6.30137
      vertex 51.1464 0.000499725 11.1399
    endloop
  endfacet
  facet normal 0 -1 -0
    outer loop
      vertex 51.1464 0.000499725 11.1399
      vertex 46.6698 0.000499725 6.30137
      vertex 51.4815 0.000499725 10.4964
    endloop
  endfacet
  facet normal 0 -1 0
    outer loop
      vertex 46.8966 0.000499725 6.15119
      vertex 51.4815 0.000499725 10.4964
      vertex 46.6698 0.000499725 6.30137
    endloop
  endfacet
  facet normal 0 -1 -0
    outer loop
      vertex 51.4815 0.000499725 10.4964
      vertex 46.8966 0.000499725 6.15119
      vertex 51.823 0.000499725 9.85371
    endloop
  endfacet
  facet normal 0 -1 0
    outer loop
      vertex 53.7693 0.000499725 6.41076
      vertex 53.3057 0.000499725 8.30847
      vertex 52.5096 0.000499725 8.59858
    endloop
  endfacet
  facet normal 0 -1 0
    outer loop
      vertex 47.4785 0.000499725 5.77268
      vertex 51.823 0.000499725 9.85371
      vertex 46.8966 0.000499725 6.15119
    endloop
  endfacet
  facet normal 0 -1 -0
    outer loop
      vertex 51.823 0.000499725 9.85371
      vertex 47.4785 0.000499725 5.77268
      vertex 52.1727 0.000499725 9.20858
    endloop
  endfacet
  facet normal 0 -1 0
    outer loop
      vertex 48.0735 0.000499725 5.39259
      vertex 52.1727 0.000499725 9.20858
      vertex 47.4785 0.000499725 5.77268
    endloop
  endfacet
  facet normal 0 -1 0
    outer loop
      vertex 48.6819 0.000499725 5.01088
      vertex 52.1727 0.000499725 9.20858
      vertex 48.0735 0.000499725 5.39259
    endloop
  endfacet
  facet normal 0 -1 -0
    outer loop
      vertex 52.1727 0.000499725 9.20858
      vertex 48.6819 0.000499725 5.01088
      vertex 52.5096 0.000499725 8.59858
    endloop
  endfacet
  facet normal 0 -1 0
    outer loop
      vertex 53.3057 0.000499725 8.30847
      vertex 53.7693 0.000499725 6.41076
      vertex 54.1016 0.000499725 7.03707
    endloop
  endfacet
  facet normal 0 -1 0
    outer loop
      vertex 49.3042 0.000499725 4.62753
      vertex 52.5096 0.000499725 8.59858
      vertex 48.6819 0.000499725 5.01088
    endloop
  endfacet
  facet normal 0 -1 0
    outer loop
      vertex 49.9408 0.000499725 4.24249
      vertex 52.5096 0.000499725 8.59858
      vertex 49.3042 0.000499725 4.62753
    endloop
  endfacet
  facet normal 0 -1 -0
    outer loop
      vertex 52.5096 0.000499725 8.59858
      vertex 49.9408 0.000499725 4.24249
      vertex 53.7693 0.000499725 6.41076
    endloop
  endfacet
  facet normal 0 -1 0
    outer loop
      vertex 50.5923 0.000499725 3.85575
      vertex 53.7693 0.000499725 6.41076
      vertex 49.9408 0.000499725 4.24249
    endloop
  endfacet
  facet normal 0 -1 0
    outer loop
      vertex 51.2591 0.000499725 3.46728
      vertex 53.7693 0.000499725 6.41076
      vertex 50.5923 0.000499725 3.85575
    endloop
  endfacet
  facet normal 0 -1 -0
    outer loop
      vertex 53.7693 0.000499725 6.41076
      vertex 51.2591 0.000499725 3.46728
      vertex 54.1672 0.000499725 5.74733
    endloop
  endfacet
  facet normal 0 -1 0
    outer loop
      vertex 51.9416 0.000499725 3.07704
      vertex 54.1672 0.000499725 5.74733
      vertex 51.2591 0.000499725 3.46728
    endloop
  endfacet
  facet normal 0 -1 -0
    outer loop
      vertex 54.1672 0.000499725 5.74733
      vertex 51.9416 0.000499725 3.07704
      vertex 54.5722 0.000499725 5.08463
    endloop
  endfacet
  facet normal 0 -1 0
    outer loop
      vertex 52.6406 0.000499725 2.68501
      vertex 54.5722 0.000499725 5.08463
      vertex 51.9416 0.000499725 3.07704
    endloop
  endfacet
  facet normal 0 -1 -0
    outer loop
      vertex 54.5722 0.000499725 5.08463
      vertex 52.6406 0.000499725 2.68501
      vertex 54.9867 0.000499725 4.41872
    endloop
  endfacet
  facet normal 0 -1 0
    outer loop
      vertex 53.3564 0.000499725 2.29117
      vertex 54.9867 0.000499725 4.41872
      vertex 52.6406 0.000499725 2.68501
    endloop
  endfacet
  facet normal 0 -1 -0
    outer loop
      vertex 54.9867 0.000499725 4.41872
      vertex 53.3564 0.000499725 2.29117
      vertex 55.1084 0.000499725 4.22551
    endloop
  endfacet
  facet normal 0 -1 0
    outer loop
      vertex 54.0897 0.000499725 1.89549
      vertex 55.1084 0.000499725 4.22551
      vertex 53.3564 0.000499725 2.29117
    endloop
  endfacet
  facet normal 0 -1 0
    outer loop
      vertex 54.8411 0.000499725 1.49795
      vertex 55.1084 0.000499725 4.22551
      vertex 54.0897 0.000499725 1.89549
    endloop
  endfacet
  facet normal 0 -1 0
    outer loop
      vertex 55.6112 0.000499725 1.09853
      vertex 55.1084 0.000499725 4.22551
      vertex 54.8411 0.000499725 1.49795
    endloop
  endfacet
  facet normal 0 -1 0
    outer loop
      vertex 55.1084 0.000499725 4.22551
      vertex 55.6112 0.000499725 1.09853
      vertex 57.9956 0.000499725 3.4106
    endloop
  endfacet
  facet normal 0 -1 0
    outer loop
      vertex 56.4007 0.000499725 0.69721
      vertex 57.9956 0.000499725 3.4106
      vertex 55.6112 0.000499725 1.09853
    endloop
  endfacet
  facet normal 0 -1 0
    outer loop
      vertex 57.2103 0.000499725 0.293977
      vertex 57.9956 0.000499725 3.4106
      vertex 56.4007 0.000499725 0.69721
    endloop
  endfacet
  facet normal 0 -1 0
    outer loop
      vertex 57.2103 0.000499725 0.293977
      vertex 57.9956 0.000499725 0.150002
      vertex 57.9956 0.000499725 3.4106
    endloop
  endfacet
  facet normal 0 -1 0
    outer loop
      vertex 57.7801 0.000499725 0.0150871
      vertex 57.9956 0.000499725 0.150002
      vertex 57.2103 0.000499725 0.293977
    endloop
  endfacet
  facet normal 0 -1 -0
    outer loop
      vertex 57.9956 0.000499725 0.150002
      vertex 57.7801 0.000499725 0.0150871
      vertex 57.9956 0.000499725 0.148691
    endloop
  endfacet
  facet normal 0 -1 -0
    outer loop
      vertex 57.9956 0.000499725 0.148691
      vertex 57.7801 0.000499725 0.0150871
      vertex 57.9956 0.000499725 0.147387
    endloop
  endfacet
  facet normal 0 -1 -0
    outer loop
      vertex 57.9956 0.000499725 0.147387
      vertex 57.7801 0.000499725 0.0150871
      vertex 57.9956 0.000499725 0.146075
    endloop
  endfacet
  facet normal 0 -1 0
    outer loop
      vertex 57.9956 0.000499725 0.146075
      vertex 57.7801 0.000499725 0.0150871
      vertex 57.9955 0.000499725 0.144772
    endloop
  endfacet
  facet normal 0 -1 -0
    outer loop
      vertex 57.9955 0.000499725 0.144772
      vertex 57.7801 0.000499725 0.0150871
      vertex 57.9955 0.000499725 0.14346
    endloop
  endfacet
  facet normal 0 -1 0
    outer loop
      vertex 57.9955 0.000499725 0.14346
      vertex 57.7801 0.000499725 0.0150871
      vertex 57.9954 0.000499725 0.142157
    endloop
  endfacet
  facet normal 0 -1 -0
    outer loop
      vertex 57.9954 0.000499725 0.142157
      vertex 57.7801 0.000499725 0.0150871
      vertex 57.9954 0.000499725 0.140845
    endloop
  endfacet
  facet normal 0 -1 0
    outer loop
      vertex 57.9954 0.000499725 0.140845
      vertex 57.7801 0.000499725 0.0150871
      vertex 57.9953 0.000499725 0.139542
    endloop
  endfacet
  facet normal 0 -1 0
    outer loop
      vertex 57.9953 0.000499725 0.139542
      vertex 57.7801 0.000499725 0.0150871
      vertex 57.9952 0.000499725 0.138238
    endloop
  endfacet
  facet normal 0 -1 0
    outer loop
      vertex 57.9952 0.000499725 0.138238
      vertex 57.7801 0.000499725 0.0150871
      vertex 57.9951 0.000499725 0.136933
    endloop
  endfacet
  facet normal 0 -1 0
    outer loop
      vertex 57.9951 0.000499725 0.136933
      vertex 57.7801 0.000499725 0.0150871
      vertex 57.9949 0.000499725 0.13563
    endloop
  endfacet
  facet normal 0 -1 0
    outer loop
      vertex 57.9949 0.000499725 0.13563
      vertex 57.7801 0.000499725 0.0150871
      vertex 57.9948 0.000499725 0.134334
    endloop
  endfacet
  facet normal 0 -1 0
    outer loop
      vertex 57.9948 0.000499725 0.134334
      vertex 57.7801 0.000499725 0.0150871
      vertex 57.9947 0.000499725 0.13303
    endloop
  endfacet
  facet normal 0 -1 0
    outer loop
      vertex 57.9947 0.000499725 0.13303
      vertex 57.7801 0.000499725 0.0150871
      vertex 57.9945 0.000499725 0.131733
    endloop
  endfacet
  facet normal 0 -1 0
    outer loop
      vertex 57.9945 0.000499725 0.131733
      vertex 57.7801 0.000499725 0.0150871
      vertex 57.9944 0.000499725 0.130437
    endloop
  endfacet
  facet normal 0 -1 0
    outer loop
      vertex 57.9944 0.000499725 0.130437
      vertex 57.7801 0.000499725 0.0150871
      vertex 57.9942 0.000499725 0.129141
    endloop
  endfacet
  facet normal 0 -1 0
    outer loop
      vertex 57.9942 0.000499725 0.129141
      vertex 57.7801 0.000499725 0.0150871
      vertex 57.994 0.000499725 0.127844
    endloop
  endfacet
  facet normal 0 -1 0
    outer loop
      vertex 57.994 0.000499725 0.127844
      vertex 57.7801 0.000499725 0.0150871
      vertex 57.9938 0.000499725 0.126548
    endloop
  endfacet
  facet normal 0 -1 0
    outer loop
      vertex 57.9938 0.000499725 0.126548
      vertex 57.7801 0.000499725 0.0150871
      vertex 57.9936 0.000499725 0.125258
    endloop
  endfacet
  facet normal 0 -1 0
    outer loop
      vertex 57.9936 0.000499725 0.125258
      vertex 57.7801 0.000499725 0.0150871
      vertex 57.9934 0.000499725 0.12397
    endloop
  endfacet
  facet normal 0 -1 0
    outer loop
      vertex 57.9934 0.000499725 0.12397
      vertex 57.7801 0.000499725 0.0150871
      vertex 57.9931 0.000499725 0.122681
    endloop
  endfacet
  facet normal 0 -1 0
    outer loop
      vertex 57.9931 0.000499725 0.122681
      vertex 57.7801 0.000499725 0.0150871
      vertex 57.9929 0.000499725 0.121399
    endloop
  endfacet
  facet normal 0 -1 0
    outer loop
      vertex 57.9929 0.000499725 0.121399
      vertex 57.7801 0.000499725 0.0150871
      vertex 57.9926 0.000499725 0.120118
    endloop
  endfacet
  facet normal 0 -1 0
    outer loop
      vertex 57.9926 0.000499725 0.120118
      vertex 57.7801 0.000499725 0.0150871
      vertex 57.9924 0.000499725 0.118836
    endloop
  endfacet
  facet normal 0 -1 0
    outer loop
      vertex 57.9924 0.000499725 0.118836
      vertex 57.7801 0.000499725 0.0150871
      vertex 57.9921 0.000499725 0.117555
    endloop
  endfacet
  facet normal 0 -1 0
    outer loop
      vertex 57.9921 0.000499725 0.117555
      vertex 57.7801 0.000499725 0.0150871
      vertex 57.9918 0.000499725 0.116281
    endloop
  endfacet
  facet normal 0 -1 0
    outer loop
      vertex 57.9918 0.000499725 0.116281
      vertex 57.7801 0.000499725 0.0150871
      vertex 57.9915 0.000499725 0.115006
    endloop
  endfacet
  facet normal 0 -1 0
    outer loop
      vertex 57.9915 0.000499725 0.115006
      vertex 57.7801 0.000499725 0.0150871
      vertex 57.9912 0.000499725 0.113732
    endloop
  endfacet
  facet normal 0 -1 0
    outer loop
      vertex 57.9912 0.000499725 0.113732
      vertex 57.7801 0.000499725 0.0150871
      vertex 57.9909 0.000499725 0.112466
    endloop
  endfacet
  facet normal 0 -1 0
    outer loop
      vertex 57.9909 0.000499725 0.112466
      vertex 57.7801 0.000499725 0.0150871
      vertex 57.9905 0.000499725 0.111199
    endloop
  endfacet
  facet normal 0 -1 0
    outer loop
      vertex 57.9905 0.000499725 0.111199
      vertex 57.7801 0.000499725 0.0150871
      vertex 57.9902 0.000499725 0.109941
    endloop
  endfacet
  facet normal 0 -1 0
    outer loop
      vertex 57.9902 0.000499725 0.109941
      vertex 57.7801 0.000499725 0.0150871
      vertex 57.9898 0.000499725 0.108681
    endloop
  endfacet
  facet normal 0 -1 0
    outer loop
      vertex 57.9898 0.000499725 0.108681
      vertex 57.7801 0.000499725 0.0150871
      vertex 57.9895 0.000499725 0.10743
    endloop
  endfacet
  facet normal 0 -1 0
    outer loop
      vertex 57.9895 0.000499725 0.10743
      vertex 57.7801 0.000499725 0.0150871
      vertex 57.9891 0.000499725 0.106171
    endloop
  endfacet
  facet normal 0 -1 0
    outer loop
      vertex 57.9891 0.000499725 0.106171
      vertex 57.7801 0.000499725 0.0150871
      vertex 57.9887 0.000499725 0.104926
    endloop
  endfacet
  facet normal 0 -1 0
    outer loop
      vertex 57.9887 0.000499725 0.104926
      vertex 57.7801 0.000499725 0.0150871
      vertex 57.9883 0.000499725 0.103674
    endloop
  endfacet
  facet normal 0 -1 0
    outer loop
      vertex 57.9883 0.000499725 0.103674
      vertex 57.7801 0.000499725 0.0150871
      vertex 57.9879 0.000499725 0.102438
    endloop
  endfacet
  facet normal 0 -1 0
    outer loop
      vertex 57.9879 0.000499725 0.102438
      vertex 57.7801 0.000499725 0.0150871
      vertex 57.9875 0.000499725 0.101193
    endloop
  endfacet
  facet normal 0 -1 0
    outer loop
      vertex 57.9875 0.000499725 0.101193
      vertex 57.7801 0.000499725 0.0150871
      vertex 57.987 0.000499725 0.0999641
    endloop
  endfacet
  facet normal 0 -1 0
    outer loop
      vertex 57.987 0.000499725 0.0999641
      vertex 57.7801 0.000499725 0.0150871
      vertex 57.9866 0.000499725 0.0987272
    endloop
  endfacet
  facet normal 0 -1 0
    outer loop
      vertex 57.9866 0.000499725 0.0987272
      vertex 57.7801 0.000499725 0.0150871
      vertex 57.9862 0.000499725 0.0975056
    endloop
  endfacet
  facet normal 0 -1 0
    outer loop
      vertex 57.9862 0.000499725 0.0975056
      vertex 57.7801 0.000499725 0.0150871
      vertex 57.9857 0.000499725 0.096283
    endloop
  endfacet
  facet normal 0 -1 0
    outer loop
      vertex 57.9857 0.000499725 0.096283
      vertex 57.7801 0.000499725 0.0150871
      vertex 57.9852 0.000499725 0.0950613
    endloop
  endfacet
  facet normal 0 -1 0
    outer loop
      vertex 57.9852 0.000499725 0.0950613
      vertex 57.7801 0.000499725 0.0150871
      vertex 57.9847 0.000499725 0.0938473
    endloop
  endfacet
  facet normal 0 -1 0
    outer loop
      vertex 57.9847 0.000499725 0.0938473
      vertex 57.7801 0.000499725 0.0150871
      vertex 57.9842 0.000499725 0.0926323
    endloop
  endfacet
  facet normal 0 -1 0
    outer loop
      vertex 57.9842 0.000499725 0.0926323
      vertex 57.7801 0.000499725 0.0150871
      vertex 57.9837 0.000499725 0.0914259
    endloop
  endfacet
  facet normal 0 -1 0
    outer loop
      vertex 57.9837 0.000499725 0.0914259
      vertex 57.7801 0.000499725 0.0150871
      vertex 57.9832 0.000499725 0.0902262
    endloop
  endfacet
  facet normal 0 -1 0
    outer loop
      vertex 57.9832 0.000499725 0.0902262
      vertex 57.7801 0.000499725 0.0150871
      vertex 57.9827 0.000499725 0.0890265
    endloop
  endfacet
  facet normal 0 -1 0
    outer loop
      vertex 57.9827 0.000499725 0.0890265
      vertex 57.7801 0.000499725 0.0150871
      vertex 57.9821 0.000499725 0.0878344
    endloop
  endfacet
  facet normal 0 -1 0
    outer loop
      vertex 57.9821 0.000499725 0.0878344
      vertex 57.7801 0.000499725 0.0150871
      vertex 57.9816 0.000499725 0.0866499
    endloop
  endfacet
  facet normal 0 -1 0
    outer loop
      vertex 57.9816 0.000499725 0.0866499
      vertex 57.7801 0.000499725 0.0150871
      vertex 57.981 0.000499725 0.0854654
    endloop
  endfacet
  facet normal 0 -1 0
    outer loop
      vertex 57.981 0.000499725 0.0854654
      vertex 57.7801 0.000499725 0.0150871
      vertex 57.9805 0.000499725 0.0842876
    endloop
  endfacet
  facet normal 0 -1 0
    outer loop
      vertex 57.9805 0.000499725 0.0842876
      vertex 57.7801 0.000499725 0.0150871
      vertex 57.9799 0.000499725 0.0831108
    endloop
  endfacet
  facet normal 0 -1 0
    outer loop
      vertex 57.9799 0.000499725 0.0831108
      vertex 57.7801 0.000499725 0.0150871
      vertex 57.9793 0.000499725 0.0819407
    endloop
  endfacet
  facet normal 0 -1 0
    outer loop
      vertex 57.9793 0.000499725 0.0819407
      vertex 57.7801 0.000499725 0.0150871
      vertex 57.9787 0.000499725 0.0807791
    endloop
  endfacet
  facet normal 0 -1 0
    outer loop
      vertex 57.9787 0.000499725 0.0807791
      vertex 57.7801 0.000499725 0.0150871
      vertex 57.9781 0.000499725 0.0796242
    endloop
  endfacet
  facet normal 0 -1 0
    outer loop
      vertex 57.9781 0.000499725 0.0796242
      vertex 57.7801 0.000499725 0.0150871
      vertex 57.9775 0.000499725 0.0784693
    endloop
  endfacet
  facet normal 0 -1 0
    outer loop
      vertex 57.9775 0.000499725 0.0784693
      vertex 57.7801 0.000499725 0.0150871
      vertex 57.9769 0.000499725 0.077322
    endloop
  endfacet
  facet normal 0 -1 0
    outer loop
      vertex 57.9769 0.000499725 0.077322
      vertex 57.7801 0.000499725 0.0150871
      vertex 57.9762 0.000499725 0.0761814
    endloop
  endfacet
  facet normal 0 -1 0
    outer loop
      vertex 57.9762 0.000499725 0.0761814
      vertex 57.7801 0.000499725 0.0150871
      vertex 57.9756 0.000499725 0.0750494
    endloop
  endfacet
  facet normal 0 -1 0
    outer loop
      vertex 57.9756 0.000499725 0.0750494
      vertex 57.7801 0.000499725 0.0150871
      vertex 57.9749 0.000499725 0.0739164
    endloop
  endfacet
  facet normal 0 -1 0
    outer loop
      vertex 57.9749 0.000499725 0.0739164
      vertex 57.7801 0.000499725 0.0150871
      vertex 57.9742 0.000499725 0.0727921
    endloop
  endfacet
  facet normal 0 -1 0
    outer loop
      vertex 57.9742 0.000499725 0.0727921
      vertex 57.7801 0.000499725 0.0150871
      vertex 57.9736 0.000499725 0.0716743
    endloop
  endfacet
  facet normal 0 -1 0
    outer loop
      vertex 57.9736 0.000499725 0.0716743
      vertex 57.7801 0.000499725 0.0150871
      vertex 57.9729 0.000499725 0.0705643
    endloop
  endfacet
  facet normal 0 -1 0
    outer loop
      vertex 57.9729 0.000499725 0.0705643
      vertex 57.7801 0.000499725 0.0150871
      vertex 57.9722 0.000499725 0.0694542
    endloop
  endfacet
  facet normal 0 -1 0
    outer loop
      vertex 57.9722 0.000499725 0.0694542
      vertex 57.7801 0.000499725 0.0150871
      vertex 57.9715 0.000499725 0.0683508
    endloop
  endfacet
  facet normal 0 -1 0
    outer loop
      vertex 57.9715 0.000499725 0.0683508
      vertex 57.7801 0.000499725 0.0150871
      vertex 57.9708 0.000499725 0.067256
    endloop
  endfacet
  facet normal 0 -1 0
    outer loop
      vertex 57.9708 0.000499725 0.067256
      vertex 57.7801 0.000499725 0.0150871
      vertex 57.97 0.000499725 0.0661678
    endloop
  endfacet
  facet normal 0 -1 0
    outer loop
      vertex 57.97 0.000499725 0.0661678
      vertex 57.7801 0.000499725 0.0150871
      vertex 57.9693 0.000499725 0.0650883
    endloop
  endfacet
  facet normal 0 -1 0
    outer loop
      vertex 57.9693 0.000499725 0.0650883
      vertex 57.7801 0.000499725 0.0150871
      vertex 57.9685 0.000499725 0.0640154
    endloop
  endfacet
  facet normal 0 -1 0
    outer loop
      vertex 57.9685 0.000499725 0.0640154
      vertex 57.7801 0.000499725 0.0150871
      vertex 57.9678 0.000499725 0.0629492
    endloop
  endfacet
  facet normal 0 -1 0
    outer loop
      vertex 57.9678 0.000499725 0.0629492
      vertex 57.7801 0.000499725 0.0150871
      vertex 57.967 0.000499725 0.0618839
    endloop
  endfacet
  facet normal 0 -1 0
    outer loop
      vertex 57.967 0.000499725 0.0618839
      vertex 57.7801 0.000499725 0.0150871
      vertex 57.9663 0.000499725 0.0608263
    endloop
  endfacet
  facet normal 0 -1 0
    outer loop
      vertex 57.9663 0.000499725 0.0608263
      vertex 57.7801 0.000499725 0.0150871
      vertex 57.9655 0.000499725 0.059783
    endloop
  endfacet
  facet normal 0 -1 0
    outer loop
      vertex 57.9655 0.000499725 0.059783
      vertex 57.7801 0.000499725 0.0150871
      vertex 57.9647 0.000499725 0.0587397
    endloop
  endfacet
  facet normal 0 -1 0
    outer loop
      vertex 57.9647 0.000499725 0.0587397
      vertex 57.7801 0.000499725 0.0150871
      vertex 57.9639 0.000499725 0.057704
    endloop
  endfacet
  facet normal 0 -1 0
    outer loop
      vertex 57.9639 0.000499725 0.057704
      vertex 57.7801 0.000499725 0.0150871
      vertex 57.9631 0.000499725 0.0566759
    endloop
  endfacet
  facet normal 0 -1 0
    outer loop
      vertex 57.9631 0.000499725 0.0566759
      vertex 57.7801 0.000499725 0.0150871
      vertex 57.9623 0.000499725 0.0556555
    endloop
  endfacet
  facet normal 0 -1 0
    outer loop
      vertex 57.9623 0.000499725 0.0556555
      vertex 57.7801 0.000499725 0.0150871
      vertex 57.9614 0.000499725 0.0546417
    endloop
  endfacet
  facet normal 0 -1 0
    outer loop
      vertex 57.9614 0.000499725 0.0546417
      vertex 57.7801 0.000499725 0.0150871
      vertex 57.9606 0.000499725 0.0536366
    endloop
  endfacet
  facet normal 0 -1 0
    outer loop
      vertex 57.9606 0.000499725 0.0536366
      vertex 57.7801 0.000499725 0.0150871
      vertex 57.9597 0.000499725 0.0526381
    endloop
  endfacet
  facet normal 0 -1 0
    outer loop
      vertex 57.9597 0.000499725 0.0526381
      vertex 57.7801 0.000499725 0.0150871
      vertex 57.9589 0.000499725 0.0516472
    endloop
  endfacet
  facet normal 0 -1 0
    outer loop
      vertex 57.9589 0.000499725 0.0516472
      vertex 57.7801 0.000499725 0.0150871
      vertex 57.958 0.000499725 0.0506639
    endloop
  endfacet
  facet normal 0 -1 0
    outer loop
      vertex 57.958 0.000499725 0.0506639
      vertex 57.7801 0.000499725 0.0150871
      vertex 57.9572 0.000499725 0.0496874
    endloop
  endfacet
  facet normal 0 -1 0
    outer loop
      vertex 57.9572 0.000499725 0.0496874
      vertex 57.7801 0.000499725 0.0150871
      vertex 57.9563 0.000499725 0.0487185
    endloop
  endfacet
  facet normal 0 -1 0
    outer loop
      vertex 57.9563 0.000499725 0.0487185
      vertex 57.7801 0.000499725 0.0150871
      vertex 57.9554 0.000499725 0.0477581
    endloop
  endfacet
  facet normal 0 -1 0
    outer loop
      vertex 57.9554 0.000499725 0.0477581
      vertex 57.7801 0.000499725 0.0150871
      vertex 57.9545 0.000499725 0.0468044
    endloop
  endfacet
  facet normal 0 -1 0
    outer loop
      vertex 57.9545 0.000499725 0.0468044
      vertex 57.7801 0.000499725 0.0150871
      vertex 57.9536 0.000499725 0.0458574
    endloop
  endfacet
  facet normal 0 -1 0
    outer loop
      vertex 57.9536 0.000499725 0.0458574
      vertex 57.7801 0.000499725 0.0150871
      vertex 57.9527 0.000499725 0.044919
    endloop
  endfacet
  facet normal 0 -1 0
    outer loop
      vertex 57.9527 0.000499725 0.044919
      vertex 57.7801 0.000499725 0.0150871
      vertex 57.9518 0.000499725 0.0439882
    endloop
  endfacet
  facet normal 0 -1 0
    outer loop
      vertex 57.9518 0.000499725 0.0439882
      vertex 57.7801 0.000499725 0.0150871
      vertex 57.9508 0.000499725 0.0430717
    endloop
  endfacet
  facet normal 0 -1 0
    outer loop
      vertex 57.9508 0.000499725 0.0430717
      vertex 57.7801 0.000499725 0.0150871
      vertex 57.9499 0.000499725 0.0421553
    endloop
  endfacet
  facet normal 0 -1 0
    outer loop
      vertex 57.9499 0.000499725 0.0421553
      vertex 57.7801 0.000499725 0.0150871
      vertex 57.949 0.000499725 0.0412531
    endloop
  endfacet
  facet normal 0 -1 0
    outer loop
      vertex 57.949 0.000499725 0.0412531
      vertex 57.7801 0.000499725 0.0150871
      vertex 57.948 0.000499725 0.0403519
    endloop
  endfacet
  facet normal 0 -1 0
    outer loop
      vertex 57.948 0.000499725 0.0403519
      vertex 57.7801 0.000499725 0.0150871
      vertex 57.947 0.000499725 0.039465
    endloop
  endfacet
  facet normal 0 -1 0
    outer loop
      vertex 57.947 0.000499725 0.039465
      vertex 57.7801 0.000499725 0.0150871
      vertex 57.9461 0.000499725 0.0385857
    endloop
  endfacet
  facet normal 0 -1 0
    outer loop
      vertex 57.9461 0.000499725 0.0385857
      vertex 57.7801 0.000499725 0.0150871
      vertex 57.9451 0.000499725 0.037714
    endloop
  endfacet
  facet normal 0 -1 0
    outer loop
      vertex 57.9451 0.000499725 0.037714
      vertex 57.7801 0.000499725 0.0150871
      vertex 57.9441 0.000499725 0.03685
    endloop
  endfacet
  facet normal 0 -1 0
    outer loop
      vertex 57.9441 0.000499725 0.03685
      vertex 57.7801 0.000499725 0.0150871
      vertex 57.9431 0.000499725 0.0359936
    endloop
  endfacet
  facet normal 0 -1 0
    outer loop
      vertex 57.9431 0.000499725 0.0359936
      vertex 57.7801 0.000499725 0.0150871
      vertex 57.9421 0.000499725 0.0351515
    endloop
  endfacet
  facet normal 0 -1 0
    outer loop
      vertex 57.9421 0.000499725 0.0351515
      vertex 57.7801 0.000499725 0.0150871
      vertex 57.9411 0.000499725 0.034317
    endloop
  endfacet
  facet normal 0 -1 0
    outer loop
      vertex 57.9411 0.000499725 0.034317
      vertex 57.7801 0.000499725 0.0150871
      vertex 57.9401 0.000499725 0.0334826
    endloop
  endfacet
  facet normal 0 -1 0
    outer loop
      vertex 57.9401 0.000499725 0.0334826
      vertex 57.7801 0.000499725 0.0150871
      vertex 57.9391 0.000499725 0.0326633
    endloop
  endfacet
  facet normal 0 -1 0
    outer loop
      vertex 57.9391 0.000499725 0.0326633
      vertex 57.7801 0.000499725 0.0150871
      vertex 57.937 0.000499725 0.0310535
    endloop
  endfacet
  facet normal 0 -1 0
    outer loop
      vertex 57.937 0.000499725 0.0310535
      vertex 57.7801 0.000499725 0.0150871
      vertex 57.936 0.000499725 0.0302639
    endloop
  endfacet
  facet normal 0 -1 0
    outer loop
      vertex 57.936 0.000499725 0.0302639
      vertex 57.7801 0.000499725 0.0150871
      vertex 57.9349 0.000499725 0.0294819
    endloop
  endfacet
  facet normal 0 -1 0
    outer loop
      vertex 57.9349 0.000499725 0.0294819
      vertex 57.7801 0.000499725 0.0150871
      vertex 57.9339 0.000499725 0.0287066
    endloop
  endfacet
  facet normal 0 -1 0
    outer loop
      vertex 57.9339 0.000499725 0.0287066
      vertex 57.7801 0.000499725 0.0150871
      vertex 57.9328 0.000499725 0.0279388
    endloop
  endfacet
  facet normal 0 -1 0
    outer loop
      vertex 57.9328 0.000499725 0.0279388
      vertex 57.7801 0.000499725 0.0150871
      vertex 57.9318 0.000499725 0.0271864
    endloop
  endfacet
  facet normal 0 -1 0
    outer loop
      vertex 57.9318 0.000499725 0.0271864
      vertex 57.7801 0.000499725 0.0150871
      vertex 57.9307 0.000499725 0.0264339
    endloop
  endfacet
  facet normal 0 -1 0
    outer loop
      vertex 57.9307 0.000499725 0.0264339
      vertex 57.7801 0.000499725 0.0150871
      vertex 57.9296 0.000499725 0.0256968
    endloop
  endfacet
  facet normal 0 -1 0
    outer loop
      vertex 57.9296 0.000499725 0.0256968
      vertex 57.7801 0.000499725 0.0150871
      vertex 57.9285 0.000499725 0.0249739
    endloop
  endfacet
  facet normal 0 -1 0
    outer loop
      vertex 57.9285 0.000499725 0.0249739
      vertex 57.7801 0.000499725 0.0150871
      vertex 57.9274 0.000499725 0.024251
    endloop
  endfacet
  facet normal 0 -1 0
    outer loop
      vertex 57.9274 0.000499725 0.024251
      vertex 57.7801 0.000499725 0.0150871
      vertex 57.9263 0.000499725 0.0235434
    endloop
  endfacet
  facet normal 0 -1 0
    outer loop
      vertex 57.9263 0.000499725 0.0235434
      vertex 57.7801 0.000499725 0.0150871
      vertex 57.9252 0.000499725 0.02285
    endloop
  endfacet
  facet normal 0 -1 0
    outer loop
      vertex 57.9252 0.000499725 0.02285
      vertex 57.7801 0.000499725 0.0150871
      vertex 57.9241 0.000499725 0.0221577
    endloop
  endfacet
  facet normal 0 -1 0
    outer loop
      vertex 57.9241 0.000499725 0.0221577
      vertex 57.7801 0.000499725 0.0150871
      vertex 57.923 0.000499725 0.0214796
    endloop
  endfacet
  facet normal 0 -1 0
    outer loop
      vertex 57.923 0.000499725 0.0214796
      vertex 57.7801 0.000499725 0.0150871
      vertex 57.9219 0.000499725 0.0208092
    endloop
  endfacet
  facet normal 0 -1 0
    outer loop
      vertex 57.9219 0.000499725 0.0208092
      vertex 57.7801 0.000499725 0.0150871
      vertex 57.9207 0.000499725 0.020153
    endloop
  endfacet
  facet normal 0 -1 0
    outer loop
      vertex 57.9207 0.000499725 0.020153
      vertex 57.7801 0.000499725 0.0150871
      vertex 57.9196 0.000499725 0.0194979
    endloop
  endfacet
  facet normal 0 -1 0
    outer loop
      vertex 57.9196 0.000499725 0.0194979
      vertex 57.7801 0.000499725 0.0150871
      vertex 57.9185 0.000499725 0.018857
    endloop
  endfacet
  facet normal 0 -1 0
    outer loop
      vertex 57.9185 0.000499725 0.018857
      vertex 57.7801 0.000499725 0.0150871
      vertex 57.9173 0.000499725 0.0182314
    endloop
  endfacet
  facet normal 0 -1 0
    outer loop
      vertex 57.9173 0.000499725 0.0182314
      vertex 57.7801 0.000499725 0.0150871
      vertex 57.9162 0.000499725 0.0176125
    endloop
  endfacet
  facet normal 0 -1 0
    outer loop
      vertex 57.9162 0.000499725 0.0176125
      vertex 57.7801 0.000499725 0.0150871
      vertex 57.915 0.000499725 0.0170021
    endloop
  endfacet
  facet normal 0 -1 0
    outer loop
      vertex 57.915 0.000499725 0.0170021
      vertex 57.7801 0.000499725 0.0150871
      vertex 57.9138 0.000499725 0.0163984
    endloop
  endfacet
  facet normal 0 -1 0
    outer loop
      vertex 57.9138 0.000499725 0.0163984
      vertex 57.7801 0.000499725 0.0150871
      vertex 57.9127 0.000499725 0.01581
    endloop
  endfacet
  facet normal 0 -1 0
    outer loop
      vertex 57.9127 0.000499725 0.01581
      vertex 57.7801 0.000499725 0.0150871
      vertex 57.9115 0.000499725 0.0152283
    endloop
  endfacet
  facet normal 0 -1 0
    outer loop
      vertex 57.7801 0.000499725 0.0150871
      vertex 57.9103 0.000499725 0.0146627
      vertex 57.9115 0.000499725 0.0152283
    endloop
  endfacet
  facet normal 0 -1 0
    outer loop
      vertex 57.7812 0.000499725 0.0145206
      vertex 57.9103 0.000499725 0.0146627
      vertex 57.7801 0.000499725 0.0150871
    endloop
  endfacet
  facet normal 0 -1 0
    outer loop
      vertex 57.7812 0.000499725 0.0145206
      vertex 57.9091 0.000499725 0.0141039
      vertex 57.9103 0.000499725 0.0146627
    endloop
  endfacet
  facet normal 0 -1 0
    outer loop
      vertex 57.7824 0.000499725 0.0139694
      vertex 57.9091 0.000499725 0.0141039
      vertex 57.7812 0.000499725 0.0145206
    endloop
  endfacet
  facet normal 0 -1 0
    outer loop
      vertex 57.7824 0.000499725 0.0139694
      vertex 57.9079 0.000499725 0.0135517
      vertex 57.9091 0.000499725 0.0141039
    endloop
  endfacet
  facet normal 0 -1 0
    outer loop
      vertex 57.7836 0.000499725 0.0134182
      vertex 57.9079 0.000499725 0.0135517
      vertex 57.7824 0.000499725 0.0139694
    endloop
  endfacet
  facet normal 0 -1 0
    outer loop
      vertex 57.7836 0.000499725 0.0134182
      vertex 57.9068 0.000499725 0.0130157
      vertex 57.9079 0.000499725 0.0135517
    endloop
  endfacet
  facet normal 0 -1 0
    outer loop
      vertex 57.7848 0.000499725 0.0128813
      vertex 57.9068 0.000499725 0.0130157
      vertex 57.7836 0.000499725 0.0134182
    endloop
  endfacet
  facet normal 0 -1 0
    outer loop
      vertex 57.7848 0.000499725 0.0128813
      vertex 57.9056 0.000499725 0.0124865
      vertex 57.9068 0.000499725 0.0130157
    endloop
  endfacet
  facet normal 0 -1 0
    outer loop
      vertex 57.786 0.000499725 0.0123596
      vertex 57.9056 0.000499725 0.0124865
      vertex 57.7848 0.000499725 0.0128813
    endloop
  endfacet
  facet normal 0 -1 0
    outer loop
      vertex 57.786 0.000499725 0.0123596
      vertex 57.9044 0.000499725 0.0119724
      vertex 57.9056 0.000499725 0.0124865
    endloop
  endfacet
  facet normal 0 -1 0
    outer loop
      vertex 57.7872 0.000499725 0.0118456
      vertex 57.9044 0.000499725 0.0119724
      vertex 57.786 0.000499725 0.0123596
    endloop
  endfacet
  facet normal 0 -1 0
    outer loop
      vertex 57.7872 0.000499725 0.0118456
      vertex 57.9032 0.000499725 0.011466
      vertex 57.9044 0.000499725 0.0119724
    endloop
  endfacet
  facet normal 0 -1 0
    outer loop
      vertex 57.7884 0.000499725 0.0113392
      vertex 57.9032 0.000499725 0.011466
      vertex 57.7872 0.000499725 0.0118456
    endloop
  endfacet
  facet normal 0 -1 0
    outer loop
      vertex 57.7884 0.000499725 0.0113392
      vertex 57.9019 0.000499725 0.0109673
      vertex 57.9032 0.000499725 0.011466
    endloop
  endfacet
  facet normal 0 -1 0
    outer loop
      vertex 57.7896 0.000499725 0.010848
      vertex 57.9019 0.000499725 0.0109673
      vertex 57.7884 0.000499725 0.0113392
    endloop
  endfacet
  facet normal 0 -1 0
    outer loop
      vertex 57.7896 0.000499725 0.010848
      vertex 57.9007 0.000499725 0.0104828
      vertex 57.9019 0.000499725 0.0109673
    endloop
  endfacet
  facet normal 0 -1 0
    outer loop
      vertex 57.7908 0.000499725 0.0103636
      vertex 57.9007 0.000499725 0.0104828
      vertex 57.7896 0.000499725 0.010848
    endloop
  endfacet
  facet normal 0 -1 0
    outer loop
      vertex 57.7908 0.000499725 0.0103636
      vertex 57.8995 0.000499725 0.010006
      vertex 57.9007 0.000499725 0.0104828
    endloop
  endfacet
  facet normal 0 -1 0
    outer loop
      vertex 57.7921 0.000499725 0.00989437
      vertex 57.8995 0.000499725 0.010006
      vertex 57.7908 0.000499725 0.0103636
    endloop
  endfacet
  facet normal 0 -1 0
    outer loop
      vertex 57.7921 0.000499725 0.00989437
      vertex 57.8983 0.000499725 0.00954342
      vertex 57.8995 0.000499725 0.010006
    endloop
  endfacet
  facet normal 0 -1 0
    outer loop
      vertex 57.7933 0.000499725 0.00943184
      vertex 57.8983 0.000499725 0.00954342
      vertex 57.7921 0.000499725 0.00989437
    endloop
  endfacet
  facet normal 0 -1 0
    outer loop
      vertex 57.7933 0.000499725 0.00943184
      vertex 57.8971 0.000499725 0.00908947
      vertex 57.8983 0.000499725 0.00954342
    endloop
  endfacet
  facet normal 0 -1 0
    outer loop
      vertex 57.7945 0.000499725 0.00897789
      vertex 57.8971 0.000499725 0.00908947
      vertex 57.7933 0.000499725 0.00943184
    endloop
  endfacet
  facet normal 0 -1 0
    outer loop
      vertex 57.7945 0.000499725 0.00897789
      vertex 57.8958 0.000499725 0.0086422
      vertex 57.8971 0.000499725 0.00908947
    endloop
  endfacet
  facet normal 0 -1 0
    outer loop
      vertex 57.7958 0.000499725 0.00853825
      vertex 57.8958 0.000499725 0.0086422
      vertex 57.7945 0.000499725 0.00897789
    endloop
  endfacet
  facet normal 0 -1 0
    outer loop
      vertex 57.7958 0.000499725 0.00853825
      vertex 57.8946 0.000499725 0.00821018
      vertex 57.8958 0.000499725 0.0086422
    endloop
  endfacet
  facet normal 0 -1 0
    outer loop
      vertex 57.797 0.000499725 0.00810623
      vertex 57.8946 0.000499725 0.00821018
      vertex 57.7958 0.000499725 0.00853825
    endloop
  endfacet
  facet normal 0 -1 0
    outer loop
      vertex 57.797 0.000499725 0.00810623
      vertex 57.8934 0.000499725 0.00779247
      vertex 57.8946 0.000499725 0.00821018
    endloop
  endfacet
  facet normal 0 -1 0
    outer loop
      vertex 57.7982 0.000499725 0.00768852
      vertex 57.8934 0.000499725 0.00779247
      vertex 57.797 0.000499725 0.00810623
    endloop
  endfacet
  facet normal 0 -1 0
    outer loop
      vertex 57.7982 0.000499725 0.00768852
      vertex 57.8921 0.000499725 0.00738335
      vertex 57.8934 0.000499725 0.00779247
    endloop
  endfacet
  facet normal 0 -1 0
    outer loop
      vertex 57.7995 0.000499725 0.00727844
      vertex 57.8921 0.000499725 0.00738335
      vertex 57.7982 0.000499725 0.00768852
    endloop
  endfacet
  facet normal 0 -1 0
    outer loop
      vertex 57.7995 0.000499725 0.00727844
      vertex 57.8909 0.000499725 0.0069809
      vertex 57.8921 0.000499725 0.00738335
    endloop
  endfacet
  facet normal 0 -1 0
    outer loop
      vertex 57.8007 0.000499725 0.00688362
      vertex 57.8909 0.000499725 0.0069809
      vertex 57.7995 0.000499725 0.00727844
    endloop
  endfacet
  facet normal 0 -1 0
    outer loop
      vertex 57.8007 0.000499725 0.00688362
      vertex 57.8896 0.000499725 0.0065937
      vertex 57.8909 0.000499725 0.0069809
    endloop
  endfacet
  facet normal 0 -1 0
    outer loop
      vertex 57.802 0.000499725 0.00649643
      vertex 57.8896 0.000499725 0.0065937
      vertex 57.8007 0.000499725 0.00688362
    endloop
  endfacet
  facet normal 0 -1 0
    outer loop
      vertex 57.802 0.000499725 0.00649643
      vertex 57.8884 0.000499725 0.00621319
      vertex 57.8896 0.000499725 0.0065937
    endloop
  endfacet
  facet normal 0 -1 0
    outer loop
      vertex 57.8032 0.000499725 0.00612354
      vertex 57.8884 0.000499725 0.00621319
      vertex 57.802 0.000499725 0.00649643
    endloop
  endfacet
  facet normal 0 -1 0
    outer loop
      vertex 57.8032 0.000499725 0.00612354
      vertex 57.8871 0.000499725 0.00584793
      vertex 57.8884 0.000499725 0.00621319
    endloop
  endfacet
  facet normal 0 -1 0
    outer loop
      vertex 57.8045 0.000499725 0.00575924
      vertex 57.8871 0.000499725 0.00584793
      vertex 57.8032 0.000499725 0.00612354
    endloop
  endfacet
  facet normal 0 -1 0
    outer loop
      vertex 57.8045 0.000499725 0.00575924
      vertex 57.8859 0.000499725 0.0054903
      vertex 57.8871 0.000499725 0.00584793
    endloop
  endfacet
  facet normal 0 -1 0
    outer loop
      vertex 57.8057 0.000499725 0.00540161
      vertex 57.8859 0.000499725 0.0054903
      vertex 57.8045 0.000499725 0.00575924
    endloop
  endfacet
  facet normal 0 -1 0
    outer loop
      vertex 57.8057 0.000499725 0.00540161
      vertex 57.8846 0.000499725 0.00514793
      vertex 57.8859 0.000499725 0.0054903
    endloop
  endfacet
  facet normal 0 -1 0
    outer loop
      vertex 57.807 0.000499725 0.00505829
      vertex 57.8846 0.000499725 0.00514793
      vertex 57.8057 0.000499725 0.00540161
    endloop
  endfacet
  facet normal 0 -1 0
    outer loop
      vertex 57.807 0.000499725 0.00505829
      vertex 57.8833 0.000499725 0.00481224
      vertex 57.8846 0.000499725 0.00514793
    endloop
  endfacet
  facet normal 0 -1 0
    outer loop
      vertex 57.8083 0.000499725 0.00473022
      vertex 57.8833 0.000499725 0.00481224
      vertex 57.807 0.000499725 0.00505829
    endloop
  endfacet
  facet normal 0 -1 0
    outer loop
      vertex 57.8083 0.000499725 0.00473022
      vertex 57.8821 0.000499725 0.00448513
      vertex 57.8833 0.000499725 0.00481224
    endloop
  endfacet
  facet normal 0 -1 0
    outer loop
      vertex 57.8095 0.000499725 0.00441074
      vertex 57.8821 0.000499725 0.00448513
      vertex 57.8083 0.000499725 0.00473022
    endloop
  endfacet
  facet normal 0 -1 0
    outer loop
      vertex 57.8095 0.000499725 0.00441074
      vertex 57.8808 0.000499725 0.004179
      vertex 57.8821 0.000499725 0.00448513
    endloop
  endfacet
  facet normal 0 -1 0
    outer loop
      vertex 57.8108 0.000499725 0.00409698
      vertex 57.8808 0.000499725 0.004179
      vertex 57.8095 0.000499725 0.00441074
    endloop
  endfacet
  facet normal 0 -1 0
    outer loop
      vertex 57.8108 0.000499725 0.00409698
      vertex 57.8795 0.000499725 0.00387383
      vertex 57.8808 0.000499725 0.004179
    endloop
  endfacet
  facet normal 0 -1 0
    outer loop
      vertex 57.8121 0.000499725 0.00379944
      vertex 57.8795 0.000499725 0.00387383
      vertex 57.8108 0.000499725 0.00409698
    endloop
  endfacet
  facet normal 0 -1 0
    outer loop
      vertex 57.8121 0.000499725 0.00379944
      vertex 57.8782 0.000499725 0.00358295
      vertex 57.8795 0.000499725 0.00387383
    endloop
  endfacet
  facet normal 0 -1 0
    outer loop
      vertex 57.8134 0.000499725 0.0035162
      vertex 57.8782 0.000499725 0.00358295
      vertex 57.8121 0.000499725 0.00379944
    endloop
  endfacet
  facet normal 0 -1 0
    outer loop
      vertex 57.8134 0.000499725 0.0035162
      vertex 57.877 0.000499725 0.00330734
      vertex 57.8782 0.000499725 0.00358295
    endloop
  endfacet
  facet normal 0 -1 0
    outer loop
      vertex 57.8146 0.000499725 0.00324059
      vertex 57.877 0.000499725 0.00330734
      vertex 57.8134 0.000499725 0.0035162
    endloop
  endfacet
  facet normal 0 -1 0
    outer loop
      vertex 57.8146 0.000499725 0.00324059
      vertex 57.8757 0.000499725 0.00303936
      vertex 57.877 0.000499725 0.00330734
    endloop
  endfacet
  facet normal 0 -1 0
    outer loop
      vertex 57.8159 0.000499725 0.0029726
      vertex 57.8757 0.000499725 0.00303936
      vertex 57.8146 0.000499725 0.00324059
    endloop
  endfacet
  facet normal 0 -1 0
    outer loop
      vertex 57.8159 0.000499725 0.0029726
      vertex 57.8744 0.000499725 0.00278568
      vertex 57.8757 0.000499725 0.00303936
    endloop
  endfacet
  facet normal 0 -1 0
    outer loop
      vertex 57.8172 0.000499725 0.00271893
      vertex 57.8744 0.000499725 0.00278568
      vertex 57.8159 0.000499725 0.0029726
    endloop
  endfacet
  facet normal 0 -1 0
    outer loop
      vertex 57.8172 0.000499725 0.00271893
      vertex 57.8731 0.000499725 0.00254059
      vertex 57.8744 0.000499725 0.00278568
    endloop
  endfacet
  facet normal 0 -1 0
    outer loop
      vertex 57.8185 0.000499725 0.00248051
      vertex 57.8731 0.000499725 0.00254059
      vertex 57.8172 0.000499725 0.00271893
    endloop
  endfacet
  facet normal 0 -1 0
    outer loop
      vertex 57.8185 0.000499725 0.00248051
      vertex 57.8718 0.000499725 0.00230217
      vertex 57.8731 0.000499725 0.00254059
    endloop
  endfacet
  facet normal 0 -1 0
    outer loop
      vertex 57.8198 0.000499725 0.00224972
      vertex 57.8718 0.000499725 0.00230217
      vertex 57.8185 0.000499725 0.00248051
    endloop
  endfacet
  facet normal 0 -1 0
    outer loop
      vertex 57.8198 0.000499725 0.00224972
      vertex 57.8705 0.000499725 0.00207806
      vertex 57.8718 0.000499725 0.00230217
    endloop
  endfacet
  facet normal 0 -1 0
    outer loop
      vertex 57.8211 0.000499725 0.00202656
      vertex 57.8705 0.000499725 0.00207806
      vertex 57.8198 0.000499725 0.00224972
    endloop
  endfacet
  facet normal 0 -1 0
    outer loop
      vertex 57.8211 0.000499725 0.00202656
      vertex 57.8692 0.000499725 0.0018692
      vertex 57.8705 0.000499725 0.00207806
    endloop
  endfacet
  facet normal 0 -1 0
    outer loop
      vertex 57.8223 0.000499725 0.0018177
      vertex 57.8692 0.000499725 0.0018692
      vertex 57.8211 0.000499725 0.00202656
    endloop
  endfacet
  facet normal 0 -1 0
    outer loop
      vertex 57.8223 0.000499725 0.0018177
      vertex 57.868 0.000499725 0.00166893
      vertex 57.8692 0.000499725 0.0018692
    endloop
  endfacet
  facet normal 0 -1 0
    outer loop
      vertex 57.8236 0.000499725 0.00162411
      vertex 57.868 0.000499725 0.00166893
      vertex 57.8223 0.000499725 0.0018177
    endloop
  endfacet
  facet normal 0 -1 0
    outer loop
      vertex 57.8236 0.000499725 0.00162411
      vertex 57.8667 0.000499725 0.00148201
      vertex 57.868 0.000499725 0.00166893
    endloop
  endfacet
  facet normal 0 -1 0
    outer loop
      vertex 57.8249 0.000499725 0.00143719
      vertex 57.8667 0.000499725 0.00148201
      vertex 57.8236 0.000499725 0.00162411
    endloop
  endfacet
  facet normal 0 -1 0
    outer loop
      vertex 57.8249 0.000499725 0.00143719
      vertex 57.8654 0.000499725 0.00130367
      vertex 57.8667 0.000499725 0.00148201
    endloop
  endfacet
  facet normal 0 -1 0
    outer loop
      vertex 57.8262 0.000499725 0.00125885
      vertex 57.8654 0.000499725 0.00130367
      vertex 57.8249 0.000499725 0.00143719
    endloop
  endfacet
  facet normal 0 -1 0
    outer loop
      vertex 57.8262 0.000499725 0.00125885
      vertex 57.8641 0.000499725 0.00113964
      vertex 57.8654 0.000499725 0.00130367
    endloop
  endfacet
  facet normal 0 -1 0
    outer loop
      vertex 57.8275 0.000499725 0.00109482
      vertex 57.8641 0.000499725 0.00113964
      vertex 57.8262 0.000499725 0.00125885
    endloop
  endfacet
  facet normal 0 -1 0
    outer loop
      vertex 57.8275 0.000499725 0.00109482
      vertex 57.8628 0.000499725 0.000983238
      vertex 57.8641 0.000499725 0.00113964
    endloop
  endfacet
  facet normal 0 -1 0
    outer loop
      vertex 57.8288 0.000499725 0.000946045
      vertex 57.8628 0.000499725 0.000983238
      vertex 57.8275 0.000499725 0.00109482
    endloop
  endfacet
  facet normal 0 -1 0
    outer loop
      vertex 57.8288 0.000499725 0.000946045
      vertex 57.8615 0.000499725 0.000834465
      vertex 57.8628 0.000499725 0.000983238
    endloop
  endfacet
  facet normal 0 -1 0
    outer loop
      vertex 57.8301 0.000499725 0.000803947
      vertex 57.8615 0.000499725 0.000834465
      vertex 57.8288 0.000499725 0.000946045
    endloop
  endfacet
  facet normal 0 -1 0
    outer loop
      vertex 57.8301 0.000499725 0.000803947
      vertex 57.8602 0.000499725 0.000707626
      vertex 57.8615 0.000499725 0.000834465
    endloop
  endfacet
  facet normal 0 -1 0
    outer loop
      vertex 57.8314 0.000499725 0.000677109
      vertex 57.8602 0.000499725 0.000707626
      vertex 57.8301 0.000499725 0.000803947
    endloop
  endfacet
  facet normal 0 -1 0
    outer loop
      vertex 57.8314 0.000499725 0.000677109
      vertex 57.8589 0.000499725 0.000580788
      vertex 57.8602 0.000499725 0.000707626
    endloop
  endfacet
  facet normal 0 -1 0
    outer loop
      vertex 57.8327 0.000499725 0.000557899
      vertex 57.8589 0.000499725 0.000580788
      vertex 57.8314 0.000499725 0.000677109
    endloop
  endfacet
  facet normal 0 -1 0
    outer loop
      vertex 57.8327 0.000499725 0.000557899
      vertex 57.8576 0.000499725 0.000476837
      vertex 57.8589 0.000499725 0.000580788
    endloop
  endfacet
  facet normal 0 -1 0
    outer loop
      vertex 57.834 0.000499725 0.00044632
      vertex 57.8576 0.000499725 0.000476837
      vertex 57.8327 0.000499725 0.000557899
    endloop
  endfacet
  facet normal 0 -1 0
    outer loop
      vertex 57.834 0.000499725 0.00044632
      vertex 57.8563 0.000499725 0.000379562
      vertex 57.8576 0.000499725 0.000476837
    endloop
  endfacet
  facet normal 0 -1 0
    outer loop
      vertex 57.8353 0.000499725 0.000349998
      vertex 57.8563 0.000499725 0.000379562
      vertex 57.834 0.000499725 0.00044632
    endloop
  endfacet
  facet normal 0 -1 0
    outer loop
      vertex 57.8353 0.000499725 0.000349998
      vertex 57.8549 0.000499725 0.000289917
      vertex 57.8563 0.000499725 0.000379562
    endloop
  endfacet
  facet normal 0 -1 0
    outer loop
      vertex 57.8366 0.000499725 0.000267982
      vertex 57.8549 0.000499725 0.000289917
      vertex 57.8353 0.000499725 0.000349998
    endloop
  endfacet
  facet normal 0 -1 0
    outer loop
      vertex 57.8366 0.000499725 0.000267982
      vertex 57.8536 0.000499725 0.00021553
      vertex 57.8549 0.000499725 0.000289917
    endloop
  endfacet
  facet normal 0 -1 0
    outer loop
      vertex 57.838 0.000499725 0.000193596
      vertex 57.8536 0.000499725 0.00021553
      vertex 57.8366 0.000499725 0.000267982
    endloop
  endfacet
  facet normal 0 -1 0
    outer loop
      vertex 57.838 0.000499725 0.000193596
      vertex 57.8523 0.000499725 0.000148773
      vertex 57.8536 0.000499725 0.00021553
    endloop
  endfacet
  facet normal 0 -1 0
    outer loop
      vertex 57.8393 0.000499725 0.000133514
      vertex 57.8523 0.000499725 0.000148773
      vertex 57.838 0.000499725 0.000193596
    endloop
  endfacet
  facet normal 0 -1 0
    outer loop
      vertex 57.8393 0.000499725 0.000133514
      vertex 57.851 0.000499725 9.63211e-05
      vertex 57.8523 0.000499725 0.000148773
    endloop
  endfacet
  facet normal 0 -1 0
    outer loop
      vertex 57.8406 0.000499725 8.86917e-05
      vertex 57.851 0.000499725 9.63211e-05
      vertex 57.8393 0.000499725 0.000133514
    endloop
  endfacet
  facet normal 0 -1 0
    outer loop
      vertex 57.8406 0.000499725 8.86917e-05
      vertex 57.8497 0.000499725 5.14984e-05
      vertex 57.851 0.000499725 9.63211e-05
    endloop
  endfacet
  facet normal 0 -1 0
    outer loop
      vertex 57.8419 0.000499725 4.3869e-05
      vertex 57.8497 0.000499725 5.14984e-05
      vertex 57.8406 0.000499725 8.86917e-05
    endloop
  endfacet
  facet normal 0 -1 0
    outer loop
      vertex 57.8432 0.000499725 2.19345e-05
      vertex 57.8497 0.000499725 5.14984e-05
      vertex 57.8419 0.000499725 4.3869e-05
    endloop
  endfacet
  facet normal 0 -1 0
    outer loop
      vertex 57.8432 0.000499725 2.19345e-05
      vertex 57.8484 0.000499725 2.19345e-05
      vertex 57.8497 0.000499725 5.14984e-05
    endloop
  endfacet
  facet normal 0 -1 0
    outer loop
      vertex 57.8445 0.000499725 6.67572e-06
      vertex 57.8484 0.000499725 2.19345e-05
      vertex 57.8432 0.000499725 2.19345e-05
    endloop
  endfacet
  facet normal 0 -1 0
    outer loop
      vertex 57.8445 0.000499725 6.67572e-06
      vertex 57.8471 0.000499725 6.67572e-06
      vertex 57.8484 0.000499725 2.19345e-05
    endloop
  endfacet
  facet normal -0 -1 0
    outer loop
      vertex 57.8471 0.000499725 6.67572e-06
      vertex 57.8445 0.000499725 6.67572e-06
      vertex 57.8458 0.000499725 0
    endloop
  endfacet
  facet normal -0 -1 0
    outer loop
      vertex 44.5072 0.000499725 45.6498
      vertex 44.5072 0.000499725 46.0348
      vertex 43.1535 0.000499725 44.8683
    endloop
  endfacet
  facet normal 0.857583 -0 0.514346
    outer loop
      vertex 53.7693 0.000499725 6.41076
      vertex 54.1672 17.5005 5.74733
      vertex 53.7693 17.5005 6.41076
    endloop
  endfacet
  facet normal 0.857583 0 0.514346
    outer loop
      vertex 54.1672 17.5005 5.74733
      vertex 53.7693 0.000499725 6.41076
      vertex 54.1672 0.000499725 5.74733
    endloop
  endfacet
  facet normal 0.853272 -0 0.521466
    outer loop
      vertex 54.1672 0.000499725 5.74733
      vertex 54.5722 17.5005 5.08463
      vertex 54.1672 17.5005 5.74733
    endloop
  endfacet
  facet normal 0.853272 0 0.521466
    outer loop
      vertex 54.5722 17.5005 5.08463
      vertex 54.1672 0.000499725 5.74733
      vertex 54.5722 0.000499725 5.08463
    endloop
  endfacet
  facet normal 0.848967 -0 0.528445
    outer loop
      vertex 54.5722 0.000499725 5.08463
      vertex 54.9867 17.5005 4.41872
      vertex 54.5722 17.5005 5.08463
    endloop
  endfacet
  facet normal 0.848967 0 0.528445
    outer loop
      vertex 54.9867 17.5005 4.41872
      vertex 54.5722 0.000499725 5.08463
      vertex 54.9867 0.000499725 4.41872
    endloop
  endfacet
  facet normal 0.846136 -0 0.532968
    outer loop
      vertex 54.9867 0.000499725 4.41872
      vertex 55.1084 17.5005 4.22551
      vertex 54.9867 17.5005 4.41872
    endloop
  endfacet
  facet normal 0.846136 0 0.532968
    outer loop
      vertex 55.1084 17.5005 4.22551
      vertex 54.9867 0.000499725 4.41872
      vertex 55.1084 0.000499725 4.22551
    endloop
  endfacet
  facet normal -0.439618 0 -0.898185
    outer loop
      vertex 57.2103 5.0005 0.293977
      vertex 57.7801 6.74082 0.0150871
      vertex 57.7801 0.000499725 0.0150871
    endloop
  endfacet
  facet normal -0.439623 1.86131e-06 -0.898182
    outer loop
      vertex 57.7801 6.74082 0.0150871
      vertex 57.2103 5.0005 0.293977
      vertex 57.4927 6.98223 0.155758
    endloop
  endfacet
  facet normal -0.439618 -0 -0.898185
    outer loop
      vertex 57.2103 5.0005 0.293977
      vertex 57.7801 0.000499725 0.0150871
      vertex 57.2103 0.000499725 0.293977
    endloop
  endfacet
  facet normal -0.439663 8.98092e-06 -0.898163
    outer loop
      vertex 57.4927 6.98223 0.155758
      vertex 57.2103 5.0005 0.293977
      vertex 57.311 7.20887 0.244705
    endloop
  endfacet
  facet normal -0.439624 0 -0.898182
    outer loop
      vertex 57.4927 10.5178 0.155758
      vertex 57.7801 17.5005 0.0150871
      vertex 57.7801 10.7592 0.0150871
    endloop
  endfacet
  facet normal -0.439151 -2.41224e-05 -0.898413
    outer loop
      vertex 57.7801 17.5005 0.0150871
      vertex 57.4927 10.5178 0.155758
      vertex 57.4599 10.4769 0.171792
    endloop
  endfacet
  facet normal -0.445859 -0 -0.895103
    outer loop
      vertex 57.2103 5.0005 0.293977
      vertex 57.2103 0.000499725 0.293977
      vertex 56.9432 5.0005 0.427022
    endloop
  endfacet
  facet normal -0.445827 2.14442e-06 -0.895119
    outer loop
      vertex 56.9432 5.0005 0.427022
      vertex 57.2103 0.000499725 0.293977
      vertex 56.4007 0.000499725 0.69721
    endloop
  endfacet
  facet normal -0.445811 -0 -0.895127
    outer loop
      vertex 56.4007 5.0005 0.69721
      vertex 56.9432 5.0005 0.427022
      vertex 56.4007 0.000499725 0.69721
    endloop
  endfacet
  facet normal -0.453193 -0 -0.891412
    outer loop
      vertex 56.4007 5.0005 0.69721
      vertex 56.4007 0.000499725 0.69721
      vertex 56.1172 5.0005 0.841341
    endloop
  endfacet
  facet normal -0.453138 3.88519e-06 -0.89144
    outer loop
      vertex 56.1172 5.0005 0.841341
      vertex 56.4007 0.000499725 0.69721
      vertex 55.6112 0.000499725 1.09853
    endloop
  endfacet
  facet normal -0.453108 -0 -0.891456
    outer loop
      vertex 55.6112 5.0005 1.09853
      vertex 56.1172 5.0005 0.841341
      vertex 55.6112 0.000499725 1.09853
    endloop
  endfacet
  facet normal -0.460454 -0 -0.887683
    outer loop
      vertex 55.6112 5.0005 1.09853
      vertex 55.6112 0.000499725 1.09853
      vertex 55.3125 5.0005 1.25347
    endloop
  endfacet
  facet normal -0.460416 2.891e-06 -0.887703
    outer loop
      vertex 55.3125 5.0005 1.25347
      vertex 55.6112 0.000499725 1.09853
      vertex 54.8411 0.000499725 1.49795
    endloop
  endfacet
  facet normal -0.460392 -0 -0.887716
    outer loop
      vertex 54.8411 5.0005 1.49795
      vertex 55.3125 5.0005 1.25347
      vertex 54.8411 0.000499725 1.49795
    endloop
  endfacet
  facet normal -0.467651 -0 -0.883913
    outer loop
      vertex 54.8411 5.0005 1.49795
      vertex 54.8411 0.000499725 1.49795
      vertex 54.5284 5.0005 1.66339
    endloop
  endfacet
  facet normal -0.467649 2.01863e-07 -0.883914
    outer loop
      vertex 54.5284 5.0005 1.66339
      vertex 54.8411 0.000499725 1.49795
      vertex 54.0897 0.000499725 1.89549
    endloop
  endfacet
  facet normal -0.467647 -0 -0.883915
    outer loop
      vertex 54.0897 5.0005 1.89549
      vertex 54.5284 5.0005 1.66339
      vertex 54.0897 0.000499725 1.89549
    endloop
  endfacet
  facet normal -0.474785 -0 -0.880102
    outer loop
      vertex 54.0897 5.0005 1.89549
      vertex 54.0897 0.000499725 1.89549
      vertex 53.7641 5.0005 2.07114
    endloop
  endfacet
  facet normal -0.474868 -7.02389e-06 -0.880057
    outer loop
      vertex 53.7641 5.0005 2.07114
      vertex 54.0897 0.000499725 1.89549
      vertex 53.3564 0.000499725 2.29117
    endloop
  endfacet
  facet normal -0.474935 -0 -0.880021
    outer loop
      vertex 53.3564 5.0005 2.29117
      vertex 53.7641 5.0005 2.07114
      vertex 53.3564 0.000499725 2.29117
    endloop
  endfacet
  facet normal -0.482028 -0 -0.876156
    outer loop
      vertex 53.3564 5.0005 2.29117
      vertex 53.3564 0.000499725 2.29117
      vertex 53.0191 5.0005 2.47674
    endloop
  endfacet
  facet normal -0.48206 -2.74812e-06 -0.876138
    outer loop
      vertex 53.0191 5.0005 2.47674
      vertex 53.3564 0.000499725 2.29117
      vertex 52.6406 0.000499725 2.68501
    endloop
  endfacet
  facet normal -0.481895 -1.90156e-05 -0.876229
    outer loop
      vertex 52.879 5.0005 2.55379
      vertex 53.0191 5.0005 2.47674
      vertex 52.6406 0.000499725 2.68501
    endloop
  endfacet
  facet normal -0.489164 3.88281e-06 -0.872192
    outer loop
      vertex 52.1599 5.0005 2.95463
      vertex 52.6406 0.000499725 2.68501
      vertex 51.9416 0.000499725 3.07704
    endloop
  endfacet
  facet normal -0.489194 -0 -0.872175
    outer loop
      vertex 52.6406 5.0005 2.68501
      vertex 52.6406 0.000499725 2.68501
      vertex 52.1599 5.0005 2.95463
    endloop
  endfacet
  facet normal -0.482201 -0 -0.876061
    outer loop
      vertex 52.6406 5.0005 2.68501
      vertex 52.879 5.0005 2.55379
      vertex 52.6406 0.000499725 2.68501
    endloop
  endfacet
  facet normal -0.496369 -2.29716e-07 -0.868112
    outer loop
      vertex 51.4544 5.0005 3.35561
      vertex 51.9416 0.000499725 3.07704
      vertex 51.2591 0.000499725 3.46728
    endloop
  endfacet
  facet normal -0.496367 -0 -0.868113
    outer loop
      vertex 51.9416 5.0005 3.07704
      vertex 51.9416 0.000499725 3.07704
      vertex 51.4544 5.0005 3.35561
    endloop
  endfacet
  facet normal -0.489096 -0 -0.87223
    outer loop
      vertex 51.9416 5.0005 3.07704
      vertex 52.1599 5.0005 2.95463
      vertex 51.9416 0.000499725 3.07704
    endloop
  endfacet
  facet normal -0.503391 9.71094e-07 -0.864059
    outer loop
      vertex 50.766 5.0005 3.75456
      vertex 51.2591 0.000499725 3.46728
      vertex 50.5923 0.000499725 3.85575
    endloop
  endfacet
  facet normal -0.503398 -0 -0.864055
    outer loop
      vertex 51.2591 5.0005 3.46728
      vertex 51.2591 0.000499725 3.46728
      vertex 50.766 5.0005 3.75456
    endloop
  endfacet
  facet normal -0.496373 -0 -0.868109
    outer loop
      vertex 51.2591 5.0005 3.46728
      vertex 51.4544 5.0005 3.35561
      vertex 51.2591 0.000499725 3.46728
    endloop
  endfacet
  facet normal -0.510453 1.95871e-07 -0.859906
    outer loop
      vertex 50.0941 5.0005 4.15149
      vertex 50.5923 0.000499725 3.85575
      vertex 49.9408 0.000499725 4.24249
    endloop
  endfacet
  facet normal -0.510454 -0 -0.859905
    outer loop
      vertex 50.5923 5.0005 3.85575
      vertex 50.5923 0.000499725 3.85575
      vertex 50.0941 5.0005 4.15149
    endloop
  endfacet
  facet normal -0.50337 -0 -0.864071
    outer loop
      vertex 50.5923 5.0005 3.85575
      vertex 50.766 5.0005 3.75456
      vertex 50.5923 0.000499725 3.85575
    endloop
  endfacet
  facet normal -0.517537 -3.71028e-06 -0.855661
    outer loop
      vertex 49.4382 5.0005 4.54646
      vertex 49.9408 0.000499725 4.24249
      vertex 49.3042 0.000499725 4.62753
    endloop
  endfacet
  facet normal -0.51751 -0 -0.855677
    outer loop
      vertex 49.9408 5.0005 4.24249
      vertex 49.9408 0.000499725 4.24249
      vertex 49.4382 5.0005 4.54646
    endloop
  endfacet
  facet normal -0.510448 -0 -0.859909
    outer loop
      vertex 49.9408 5.0005 4.24249
      vertex 50.0941 5.0005 4.15149
      vertex 49.9408 0.000499725 4.24249
    endloop
  endfacet
  facet normal -0.524491 -5.34957e-07 -0.851416
    outer loop
      vertex 48.7978 5.0005 4.93948
      vertex 49.3042 0.000499725 4.62753
      vertex 48.6819 0.000499725 5.01088
    endloop
  endfacet
  facet normal -0.524487 -0 -0.851419
    outer loop
      vertex 49.3042 5.0005 4.62753
      vertex 49.3042 0.000499725 4.62753
      vertex 48.7978 5.0005 4.93948
    endloop
  endfacet
  facet normal -0.517638 -0 -0.8556
    outer loop
      vertex 49.3042 5.0005 4.62753
      vertex 49.4382 5.0005 4.54646
      vertex 49.3042 0.000499725 4.62753
    endloop
  endfacet
  facet normal -0.53146 1.20184e-06 -0.847083
    outer loop
      vertex 48.1723 5.0005 5.33061
      vertex 48.6819 0.000499725 5.01088
      vertex 48.0735 0.000499725 5.39259
    endloop
  endfacet
  facet normal -0.531468 -0 -0.847078
    outer loop
      vertex 48.6819 5.0005 5.01088
      vertex 48.6819 0.000499725 5.01088
      vertex 48.1723 5.0005 5.33061
    endloop
  endfacet
  facet normal -0.524507 -0 -0.851406
    outer loop
      vertex 48.6819 5.0005 5.01088
      vertex 48.7978 5.0005 4.93948
      vertex 48.6819 0.000499725 5.01088
    endloop
  endfacet
  facet normal -0.53834 3.25562e-06 -0.842728
    outer loop
      vertex 47.5612 5.0005 5.71987
      vertex 48.0735 0.000499725 5.39259
      vertex 47.4785 0.000499725 5.77268
    endloop
  endfacet
  facet normal -0.538363 -0 -0.842713
    outer loop
      vertex 48.0735 5.0005 5.39259
      vertex 48.0735 0.000499725 5.39259
      vertex 47.5612 5.0005 5.71987
    endloop
  endfacet
  facet normal -0.531416 -0 -0.847111
    outer loop
      vertex 48.0735 5.0005 5.39259
      vertex 48.1723 5.0005 5.33061
      vertex 48.0735 0.000499725 5.39259
    endloop
  endfacet
  facet normal -0.545267 6.18635e-06 -0.838263
    outer loop
      vertex 46.9641 5.0005 6.10732
      vertex 47.4785 0.000499725 5.77268
      vertex 46.8966 0.000499725 6.15119
    endloop
  endfacet
  facet normal -0.545309 -0 -0.838235
    outer loop
      vertex 47.4785 5.0005 5.77268
      vertex 47.4785 0.000499725 5.77268
      vertex 46.9641 5.0005 6.10732
    endloop
  endfacet
  facet normal -0.5382 -0 -0.842817
    outer loop
      vertex 47.4785 5.0005 5.77268
      vertex 47.5612 5.0005 5.71987
      vertex 47.4785 0.000499725 5.77268
    endloop
  endfacet
  facet normal -0.552101 -0 -0.833777
    outer loop
      vertex 46.6698 2.19753 6.30137
      vertex 46.8966 0.000499725 6.15119
      vertex 46.6698 0.000499725 6.30137
    endloop
  endfacet
  facet normal -0.552101 0 -0.833777
    outer loop
      vertex 46.6698 2.19753 6.30137
      vertex 46.8966 5.0005 6.15119
      vertex 46.8966 0.000499725 6.15119
    endloop
  endfacet
  facet normal -0.552101 0 -0.833777
    outer loop
      vertex 46.8966 5.0005 6.15119
      vertex 46.6698 2.19753 6.30137
      vertex 46.6698 5.0005 6.30137
    endloop
  endfacet
  facet normal -0.544945 -0 -0.838472
    outer loop
      vertex 46.8966 5.0005 6.15119
      vertex 46.9641 5.0005 6.10732
      vertex 46.8966 0.000499725 6.15119
    endloop
  endfacet
  facet normal -0.440763 7.11453e-05 -0.897624
    outer loop
      vertex 57.2103 5.0005 0.293977
      vertex 57.1891 7.36107 0.304574
      vertex 57.311 7.20887 0.244705
    endloop
  endfacet
  facet normal -0.441459 6.3363e-05 -0.897282
    outer loop
      vertex 57.1891 7.36107 0.304574
      vertex 57.2103 5.0005 0.293977
      vertex 57.1586 7.41966 0.319584
    endloop
  endfacet
  facet normal -0.440933 5.94017e-05 -0.89754
    outer loop
      vertex 56.9428 17.5005 0.426292
      vertex 57.4599 10.4769 0.171792
      vertex 57.1893 10.1389 0.304707
    endloop
  endfacet
  facet normal -0.44081 6.45425e-05 -0.897601
    outer loop
      vertex 56.9428 17.5005 0.426292
      vertex 57.1893 10.1389 0.304707
      vertex 57.1039 9.97521 0.346635
    endloop
  endfacet
  facet normal -0.440817 7.00262e-05 -0.897597
    outer loop
      vertex 57.4599 10.4769 0.171792
      vertex 56.9428 17.5005 0.426292
      vertex 57.7801 17.5005 0.0150871
    endloop
  endfacet
  facet normal -0.445859 -5.37441e-05 -0.895103
    outer loop
      vertex 56.9432 5.0005 0.427022
      vertex 57.1586 7.41966 0.319584
      vertex 57.2103 5.0005 0.293977
    endloop
  endfacet
  facet normal -0.445607 -8.17763e-05 -0.895229
    outer loop
      vertex 57.1586 7.41966 0.319584
      vertex 56.9432 5.0005 0.427022
      vertex 57.0639 7.60202 0.366705
    endloop
  endfacet
  facet normal -0.445922 -6.69095e-05 -0.895072
    outer loop
      vertex 56.9432 5.0005 0.427022
      vertex 57.0641 9.69581 0.366439
      vertex 57.0639 7.80478 0.36668
    endloop
  endfacet
  facet normal 1 0 0
    outer loop
      vertex 57.0639 7.60202 0.366705
      vertex 57.0639 7.80478 0.36668
      vertex 57.0639 7.64028 0.366701
    endloop
  endfacet
  facet normal -0.445113 -0.000110411 -0.895475
    outer loop
      vertex 56.9432 5.0005 0.427022
      vertex 57.0639 7.80478 0.36668
      vertex 57.0639 7.60202 0.366705
    endloop
  endfacet
  facet normal -0.45301 0.000161606 -0.891506
    outer loop
      vertex 57.0641 9.69581 0.366439
      vertex 56.9432 5.0005 0.427022
      vertex 57.0642 9.86028 0.366418
    endloop
  endfacet
  facet normal -0.44408 -0.000116604 -0.895987
    outer loop
      vertex 56.9432 5.0005 0.427022
      vertex 57.0642 9.8987 0.366413
      vertex 57.0642 9.86028 0.366418
    endloop
  endfacet
  facet normal -0.445808 -6.86364e-05 -0.895128
    outer loop
      vertex 57.0642 9.8987 0.366413
      vertex 56.9428 17.5005 0.426292
      vertex 57.1039 9.97521 0.346635
    endloop
  endfacet
  facet normal -0.445703 -6.65411e-05 -0.895181
    outer loop
      vertex 56.9428 17.5005 0.426292
      vertex 57.0642 9.8987 0.366413
      vertex 56.9432 5.0005 0.427022
    endloop
  endfacet
  facet normal -0.445811 -6.65414e-05 -0.895127
    outer loop
      vertex 56.9428 17.5005 0.426292
      vertex 56.9432 5.0005 0.427022
      vertex 56.4007 5.0005 0.69721
    endloop
  endfacet
  facet normal -0.448342 7.06372e-05 -0.893862
    outer loop
      vertex 56.9428 17.5005 0.426292
      vertex 56.4007 5.0005 0.69721
      vertex 56.1168 17.5005 0.840596
    endloop
  endfacet
  facet normal -0.453193 -6.76304e-05 -0.891412
    outer loop
      vertex 56.4007 5.0005 0.69721
      vertex 56.1172 5.0005 0.841341
      vertex 56.1168 17.5005 0.840596
    endloop
  endfacet
  facet normal -0.453108 -6.76302e-05 -0.891456
    outer loop
      vertex 56.1168 17.5005 0.840596
      vertex 56.1172 5.0005 0.841341
      vertex 55.6112 5.0005 1.09853
    endloop
  endfacet
  facet normal -0.45585 7.21567e-05 -0.890057
    outer loop
      vertex 56.1168 17.5005 0.840596
      vertex 55.6112 5.0005 1.09853
      vertex 55.3121 17.5005 1.25273
    endloop
  endfacet
  facet normal -0.460454 -6.72854e-05 -0.887683
    outer loop
      vertex 55.6112 5.0005 1.09853
      vertex 55.3125 5.0005 1.25347
      vertex 55.3121 17.5005 1.25273
    endloop
  endfacet
  facet normal -0.460392 -6.72853e-05 -0.887716
    outer loop
      vertex 55.3121 17.5005 1.25273
      vertex 55.3125 5.0005 1.25347
      vertex 54.8411 5.0005 1.49795
    endloop
  endfacet
  facet normal -0.463298 7.19105e-05 -0.886202
    outer loop
      vertex 55.3121 17.5005 1.25273
      vertex 54.8411 5.0005 1.49795
      vertex 54.528 17.5005 1.66265
    endloop
  endfacet
  facet normal -0.467651 -6.72925e-05 -0.883913
    outer loop
      vertex 54.8411 5.0005 1.49795
      vertex 54.5284 5.0005 1.66339
      vertex 54.528 17.5005 1.66265
    endloop
  endfacet
  facet normal -0.467647 -6.72925e-05 -0.883915
    outer loop
      vertex 54.528 17.5005 1.66265
      vertex 54.5284 5.0005 1.66339
      vertex 54.0897 5.0005 1.89549
    endloop
  endfacet
  facet normal -0.470699 6.9929e-05 -0.882294
    outer loop
      vertex 54.528 17.5005 1.66265
      vertex 54.0897 5.0005 1.89549
      vertex 53.7637 17.5005 2.0704
    endloop
  endfacet
  facet normal -0.474785 -6.72951e-05 -0.880102
    outer loop
      vertex 54.0897 5.0005 1.89549
      vertex 53.7641 5.0005 2.07114
      vertex 53.7637 17.5005 2.0704
    endloop
  endfacet
  facet normal -0.474935 -6.72952e-05 -0.880021
    outer loop
      vertex 53.7637 17.5005 2.0704
      vertex 53.7641 5.0005 2.07114
      vertex 53.3564 5.0005 2.29117
    endloop
  endfacet
  facet normal -0.478167 6.89697e-05 -0.878269
    outer loop
      vertex 53.7637 17.5005 2.0704
      vertex 53.3564 5.0005 2.29117
      vertex 53.0187 17.5005 2.47601
    endloop
  endfacet
  facet normal -0.482028 -6.65924e-05 -0.876156
    outer loop
      vertex 53.3564 5.0005 2.29117
      vertex 53.0191 5.0005 2.47674
      vertex 53.0187 17.5005 2.47601
    endloop
  endfacet
  facet normal -0.481895 -6.65924e-05 -0.876229
    outer loop
      vertex 53.0187 17.5005 2.47601
      vertex 53.0191 5.0005 2.47674
      vertex 52.879 5.0005 2.55379
    endloop
  endfacet
  facet normal -0.482543 -5.71264e-05 -0.875872
    outer loop
      vertex 53.0187 17.5005 2.47601
      vertex 52.879 5.0005 2.55379
      vertex 52.8787 17.5005 2.55314
    endloop
  endfacet
  facet normal -0.482201 -5.7128e-05 -0.876061
    outer loop
      vertex 52.8787 17.5005 2.55314
      vertex 52.879 5.0005 2.55379
      vertex 52.6406 5.0005 2.68501
    endloop
  endfacet
  facet normal -0.486862 5.89033e-05 -0.873479
    outer loop
      vertex 52.8787 17.5005 2.55314
      vertex 52.6406 5.0005 2.68501
      vertex 52.1595 17.5005 2.95401
    endloop
  endfacet
  facet normal -0.489194 -5.89141e-05 -0.872175
    outer loop
      vertex 52.6406 5.0005 2.68501
      vertex 52.1599 5.0005 2.95463
      vertex 52.1595 17.5005 2.95401
    endloop
  endfacet
  facet normal -0.489096 -5.89137e-05 -0.87223
    outer loop
      vertex 52.1595 17.5005 2.95401
      vertex 52.1599 5.0005 2.95463
      vertex 51.9416 5.0005 3.07704
    endloop
  endfacet
  facet normal -0.494166 5.76302e-05 -0.869368
    outer loop
      vertex 52.1595 17.5005 2.95401
      vertex 51.9416 5.0005 3.07704
      vertex 51.454 17.5005 3.35503
    endloop
  endfacet
  facet normal -0.496367 -5.61642e-05 -0.868113
    outer loop
      vertex 51.9416 5.0005 3.07704
      vertex 51.4544 5.0005 3.35561
      vertex 51.454 17.5005 3.35503
    endloop
  endfacet
  facet normal -0.496373 -5.61642e-05 -0.868109
    outer loop
      vertex 51.454 17.5005 3.35503
      vertex 51.4544 5.0005 3.35561
      vertex 51.2591 5.0005 3.46728
    endloop
  endfacet
  facet normal -0.501517 5.06218e-05 -0.865148
    outer loop
      vertex 51.454 17.5005 3.35503
      vertex 51.2591 5.0005 3.46728
      vertex 50.7657 17.5005 3.75403
    endloop
  endfacet
  facet normal -0.503398 -4.87175e-05 -0.864055
    outer loop
      vertex 51.2591 5.0005 3.46728
      vertex 50.766 5.0005 3.75456
      vertex 50.7657 17.5005 3.75403
    endloop
  endfacet
  facet normal -0.50337 -4.87175e-05 -0.864071
    outer loop
      vertex 50.7657 17.5005 3.75403
      vertex 50.766 5.0005 3.75456
      vertex 50.5923 5.0005 3.85575
    endloop
  endfacet
  facet normal -0.50868 5.0298e-05 -0.860956
    outer loop
      vertex 50.7657 17.5005 3.75403
      vertex 50.5923 5.0005 3.85575
      vertex 50.0938 17.5005 4.15101
    endloop
  endfacet
  facet normal -0.510454 -4.52713e-05 -0.859905
    outer loop
      vertex 50.5923 5.0005 3.85575
      vertex 50.0941 5.0005 4.15149
      vertex 50.0938 17.5005 4.15101
    endloop
  endfacet
  facet normal -0.510448 -4.52712e-05 -0.859909
    outer loop
      vertex 50.0938 17.5005 4.15101
      vertex 50.0941 5.0005 4.15149
      vertex 49.9408 5.0005 4.24249
    endloop
  endfacet
  facet normal -0.515964 4.63908e-05 -0.85661
    outer loop
      vertex 50.0938 17.5005 4.15101
      vertex 49.9408 5.0005 4.24249
      vertex 49.438 17.5005 4.54602
    endloop
  endfacet
  facet normal -0.51751 -3.84e-05 -0.855677
    outer loop
      vertex 49.9408 5.0005 4.24249
      vertex 49.4382 5.0005 4.54646
      vertex 49.438 17.5005 4.54602
    endloop
  endfacet
  facet normal -0.517638 -3.83993e-05 -0.8556
    outer loop
      vertex 49.438 17.5005 4.54602
      vertex 49.4382 5.0005 4.54646
      vertex 49.3042 5.0005 4.62753
    endloop
  endfacet
  facet normal -0.523051 4.105e-05 -0.852301
    outer loop
      vertex 49.438 17.5005 4.54602
      vertex 49.3042 5.0005 4.62753
      vertex 48.7975 17.5005 4.93909
    endloop
  endfacet
  facet normal -0.524487 -3.91519e-05 -0.851419
    outer loop
      vertex 49.3042 5.0005 4.62753
      vertex 48.7978 5.0005 4.93948
      vertex 48.7975 17.5005 4.93909
    endloop
  endfacet
  facet normal -0.524507 -3.9152e-05 -0.851406
    outer loop
      vertex 48.7975 17.5005 4.93909
      vertex 48.7978 5.0005 4.93948
      vertex 48.6819 5.0005 5.01088
    endloop
  endfacet
  facet normal -0.530296 3.50232e-05 -0.847812
    outer loop
      vertex 48.7975 17.5005 4.93909
      vertex 48.6819 5.0005 5.01088
      vertex 48.1721 17.5005 5.33027
    endloop
  endfacet
  facet normal -0.531468 -3.1544e-05 -0.847078
    outer loop
      vertex 48.6819 5.0005 5.01088
      vertex 48.1723 5.0005 5.33061
      vertex 48.1721 17.5005 5.33027
    endloop
  endfacet
  facet normal -0.531416 -3.15441e-05 -0.847111
    outer loop
      vertex 48.1721 17.5005 5.33027
      vertex 48.1723 5.0005 5.33061
      vertex 48.0735 5.0005 5.39259
    endloop
  endfacet
  facet normal -0.537296 3.33674e-05 -0.843394
    outer loop
      vertex 48.1721 17.5005 5.33027
      vertex 48.0735 5.0005 5.39259
      vertex 47.561 17.5005 5.71958
    endloop
  endfacet
  facet normal -0.538363 -2.81648e-05 -0.842713
    outer loop
      vertex 48.0735 5.0005 5.39259
      vertex 47.5612 5.0005 5.71987
      vertex 47.561 17.5005 5.71958
    endloop
  endfacet
  facet normal -0.5382 -2.81646e-05 -0.842817
    outer loop
      vertex 47.561 17.5005 5.71958
      vertex 47.5612 5.0005 5.71987
      vertex 47.4785 5.0005 5.77268
    endloop
  endfacet
  facet normal -0.544371 2.94364e-05 -0.838845
    outer loop
      vertex 47.561 17.5005 5.71958
      vertex 47.4785 5.0005 5.77268
      vertex 46.9639 17.5005 6.10707
    endloop
  endfacet
  facet normal -0.545309 -2.54896e-05 -0.838235
    outer loop
      vertex 47.4785 5.0005 5.77268
      vertex 46.9641 5.0005 6.10732
      vertex 46.9639 17.5005 6.10707
    endloop
  endfacet
  facet normal -0.544945 -2.54886e-05 -0.838472
    outer loop
      vertex 46.9639 17.5005 6.10707
      vertex 46.9641 5.0005 6.10732
      vertex 46.8966 5.0005 6.15119
    endloop
  endfacet
  facet normal -0.551453 2.46104e-05 -0.834206
    outer loop
      vertex 46.6701 10.4857 6.30108
      vertex 46.9639 17.5005 6.10707
      vertex 46.8966 5.0005 6.15119
    endloop
  endfacet
  facet normal -0.55145 2.44479e-05 -0.834208
    outer loop
      vertex 46.9639 17.5005 6.10707
      vertex 46.6701 10.4857 6.30108
      vertex 46.6697 17.5005 6.30155
    endloop
  endfacet
  facet normal -0.552101 -1.38855e-05 -0.833777
    outer loop
      vertex 46.6701 10.4857 6.30108
      vertex 46.8966 5.0005 6.15119
      vertex 46.6698 5.0005 6.30137
    endloop
  endfacet
  facet normal 0 1 0
    outer loop
      vertex 42.7271 17.5005 38.8311
      vertex 43.9424 17.5005 41.5126
      vertex 44.1884 17.5005 40.0329
    endloop
  endfacet
  facet normal 0 1 0
    outer loop
      vertex 43.9424 17.5005 41.5126
      vertex 42.7271 17.5005 38.8311
      vertex 42.4043 17.5005 42.9288
    endloop
  endfacet
  facet normal 0 1 0
    outer loop
      vertex 43.5517 17.5005 33.1322
      vertex 44.2597 17.5005 35.8247
      vertex 44.7096 17.5005 34.3938
    endloop
  endfacet
  facet normal 0 1 0
    outer loop
      vertex 44.2597 17.5005 35.8247
      vertex 43.5517 17.5005 33.1322
      vertex 42.9828 17.5005 36.7062
    endloop
  endfacet
  facet normal 0 1 0
    outer loop
      vertex 42.3626 17.5005 43.8381
      vertex 26.0997 17.5005 30.173
      vertex 42.3503 17.5005 44.1761
    endloop
  endfacet
  facet normal 0 1 0
    outer loop
      vertex 42.3908 17.5005 43.1978
      vertex 26.0997 17.5005 30.173
      vertex 42.3626 17.5005 43.8381
    endloop
  endfacet
  facet normal 0 1 0
    outer loop
      vertex 42.4043 17.5005 42.9288
      vertex 26.0997 17.5005 30.173
      vertex 42.3908 17.5005 43.1978
    endloop
  endfacet
  facet normal 0 1 0
    outer loop
      vertex 42.7271 17.5005 38.8311
      vertex 26.0997 17.5005 30.173
      vertex 42.4043 17.5005 42.9288
    endloop
  endfacet
  facet normal 0 1 0
    outer loop
      vertex 42.7878 17.5005 38.2782
      vertex 26.0997 17.5005 30.173
      vertex 42.7271 17.5005 38.8311
    endloop
  endfacet
  facet normal 0 1 0
    outer loop
      vertex 42.8611 17.5005 37.6544
      vertex 26.0997 17.5005 30.173
      vertex 42.7878 17.5005 38.2782
    endloop
  endfacet
  facet normal 0 1 0
    outer loop
      vertex 42.9396 17.5005 37.032
      vertex 26.0997 17.5005 30.173
      vertex 42.8611 17.5005 37.6544
    endloop
  endfacet
  facet normal 0 1 0
    outer loop
      vertex 42.9828 17.5005 36.7062
      vertex 26.0997 17.5005 30.173
      vertex 42.9396 17.5005 37.032
    endloop
  endfacet
  facet normal 0 1 0
    outer loop
      vertex 43.5517 17.5005 33.1322
      vertex 26.0997 17.5005 30.173
      vertex 42.9828 17.5005 36.7062
    endloop
  endfacet
  facet normal 0 1 0
    outer loop
      vertex 43.6541 17.5005 32.5868
      vertex 26.0997 17.5005 30.173
      vertex 43.5517 17.5005 33.1322
    endloop
  endfacet
  facet normal 0 1 0
    outer loop
      vertex 43.7743 17.5005 31.9729
      vertex 26.0997 17.5005 30.173
      vertex 43.6541 17.5005 32.5868
    endloop
  endfacet
  facet normal 0 1 0
    outer loop
      vertex 43.8997 17.5005 31.3596
      vertex 26.0997 17.5005 30.173
      vertex 43.7743 17.5005 31.9729
    endloop
  endfacet
  facet normal 0 1 0
    outer loop
      vertex 43.9997 17.5005 30.8879
      vertex 26.0997 17.5005 30.173
      vertex 43.8997 17.5005 31.3596
    endloop
  endfacet
  facet normal 0 1 -0
    outer loop
      vertex 44.8465 17.5005 27.3676
      vertex 43.9997 17.5005 30.8879
      vertex 45.3039 17.5005 30.1829
    endloop
  endfacet
  facet normal 0 1 0
    outer loop
      vertex 44.8465 17.5005 27.3676
      vertex 45.3039 17.5005 30.1829
      vertex 45.9063 17.5005 28.8091
    endloop
  endfacet
  facet normal 0 1 0
    outer loop
      vertex 43.9997 17.5005 30.8879
      vertex 44.8465 17.5005 27.3676
      vertex 26.0997 17.5005 30.173
    endloop
  endfacet
  facet normal 0 1 0
    outer loop
      vertex 44.9919 17.5005 26.8283
      vertex 26.0997 17.5005 30.173
      vertex 44.8465 17.5005 27.3676
    endloop
  endfacet
  facet normal 0 1 0
    outer loop
      vertex 45.1619 17.5005 26.2171
      vertex 26.0997 17.5005 30.173
      vertex 44.9919 17.5005 26.8283
    endloop
  endfacet
  facet normal 0 1 0
    outer loop
      vertex 45.3374 17.5005 25.6058
      vertex 26.0997 17.5005 30.173
      vertex 45.1619 17.5005 26.2171
    endloop
  endfacet
  facet normal 0 1 0
    outer loop
      vertex 45.4341 17.5005 25.2769
      vertex 26.0997 17.5005 30.173
      vertex 45.3374 17.5005 25.6058
    endloop
  endfacet
  facet normal 0 1 -0
    outer loop
      vertex 46.5938 17.5005 21.6869
      vertex 45.4341 17.5005 25.2769
      vertex 46.8934 17.5005 24.6288
    endloop
  endfacet
  facet normal 0 1 0
    outer loop
      vertex 46.5938 17.5005 21.6869
      vertex 46.8934 17.5005 24.6288
      vertex 47.6005 17.5005 23.306
    endloop
  endfacet
  facet normal 0 1 0
    outer loop
      vertex 45.4341 17.5005 25.2769
      vertex 46.5938 17.5005 21.6869
      vertex 26.0997 17.5005 30.173
    endloop
  endfacet
  facet normal 0 1 0
    outer loop
      vertex 46.7831 17.5005 21.1522
      vertex 26.0997 17.5005 30.173
      vertex 46.5938 17.5005 21.6869
    endloop
  endfacet
  facet normal 0 1 0
    outer loop
      vertex 47.0064 17.5005 20.5365
      vertex 26.0997 17.5005 30.173
      vertex 46.7831 17.5005 21.1522
    endloop
  endfacet
  facet normal 0 1 0
    outer loop
      vertex 47.2357 17.5005 19.9201
      vertex 26.0997 17.5005 30.173
      vertex 47.0064 17.5005 20.5365
    endloop
  endfacet
  facet normal 0 1 0
    outer loop
      vertex 47.2964 17.5005 19.7596
      vertex 26.0997 17.5005 30.173
      vertex 47.2357 17.5005 19.9201
    endloop
  endfacet
  facet normal 0 1 0
    outer loop
      vertex 48.7254 17.5005 16.2433
      vertex 48.8572 17.5005 19.157
      vertex 49.6289 17.5005 17.8707
    endloop
  endfacet
  facet normal 0 1 0
    outer loop
      vertex 48.8572 17.5005 19.157
      vertex 48.7254 17.5005 16.2433
      vertex 47.2964 17.5005 19.7596
    endloop
  endfacet
  facet normal 0 1 0
    outer loop
      vertex 46.6697 17.5005 6.30155
      vertex 47.2964 17.5005 19.7596
      vertex 48.7254 17.5005 16.2433
    endloop
  endfacet
  facet normal 0 1 0
    outer loop
      vertex 46.6697 17.5005 6.30155
      vertex 48.7254 17.5005 16.2433
      vertex 48.9582 17.5005 15.7116
    endloop
  endfacet
  facet normal 0 1 0
    outer loop
      vertex 46.6697 17.5005 6.30155
      vertex 48.9582 17.5005 15.7116
      vertex 49.2383 17.5005 15.0851
    endloop
  endfacet
  facet normal 0 1 0
    outer loop
      vertex 46.6697 17.5005 6.30155
      vertex 49.2383 17.5005 15.0851
      vertex 49.5254 17.5005 14.4571
    endloop
  endfacet
  facet normal 0 1 0
    outer loop
      vertex 46.6697 17.5005 6.30155
      vertex 49.5254 17.5005 14.4571
      vertex 49.6235 17.5005 14.2454
    endloop
  endfacet
  facet normal 0 1 -0
    outer loop
      vertex 51.1464 17.5005 11.1399
      vertex 51.0424 17.5005 13.7349
      vertex 51.8436 17.5005 12.4667
    endloop
  endfacet
  facet normal 0 1 0
    outer loop
      vertex 51.0424 17.5005 13.7349
      vertex 51.1464 17.5005 11.1399
      vertex 49.6235 17.5005 14.2454
    endloop
  endfacet
  facet normal 0 1 0
    outer loop
      vertex 46.6697 17.5005 6.30155
      vertex 49.6235 17.5005 14.2454
      vertex 51.1464 17.5005 11.1399
    endloop
  endfacet
  facet normal 0 1 0
    outer loop
      vertex 46.6697 17.5005 6.30155
      vertex 51.1464 17.5005 11.1399
      vertex 51.4815 17.5005 10.4964
    endloop
  endfacet
  facet normal 0 1 0
    outer loop
      vertex 46.9639 17.5005 6.10707
      vertex 51.4815 17.5005 10.4964
      vertex 51.823 17.5005 9.85371
    endloop
  endfacet
  facet normal 0 1 0
    outer loop
      vertex 47.561 17.5005 5.71958
      vertex 51.823 17.5005 9.85371
      vertex 52.1727 17.5005 9.20858
    endloop
  endfacet
  facet normal 0 1 0
    outer loop
      vertex 48.1721 17.5005 5.33027
      vertex 52.1727 17.5005 9.20858
      vertex 52.5096 17.5005 8.59858
    endloop
  endfacet
  facet normal 0 1 -0
    outer loop
      vertex 53.7693 17.5005 6.41076
      vertex 53.3057 17.5005 8.30847
      vertex 54.1016 17.5005 7.03707
    endloop
  endfacet
  facet normal 0 1 0
    outer loop
      vertex 53.3057 17.5005 8.30847
      vertex 53.7693 17.5005 6.41076
      vertex 52.5096 17.5005 8.59858
    endloop
  endfacet
  facet normal 0 1 0
    outer loop
      vertex 50.0938 17.5005 4.15101
      vertex 52.5096 17.5005 8.59858
      vertex 53.7693 17.5005 6.41076
    endloop
  endfacet
  facet normal 0 1 0
    outer loop
      vertex 47.2964 17.5005 19.7596
      vertex 46.6697 17.5005 6.30155
      vertex 26.0997 17.5005 30.173
    endloop
  endfacet
  facet normal 0 1 0
    outer loop
      vertex 51.4815 17.5005 10.4964
      vertex 46.9639 17.5005 6.10707
      vertex 46.6697 17.5005 6.30155
    endloop
  endfacet
  facet normal 0 1 0
    outer loop
      vertex 51.454 17.5005 3.35503
      vertex 53.7693 17.5005 6.41076
      vertex 54.1672 17.5005 5.74733
    endloop
  endfacet
  facet normal 0 1 0
    outer loop
      vertex 51.823 17.5005 9.85371
      vertex 47.561 17.5005 5.71958
      vertex 46.9639 17.5005 6.10707
    endloop
  endfacet
  facet normal 0 1 0
    outer loop
      vertex 52.1727 17.5005 9.20858
      vertex 48.1721 17.5005 5.33027
      vertex 47.561 17.5005 5.71958
    endloop
  endfacet
  facet normal 0 1 0
    outer loop
      vertex 52.1595 17.5005 2.95401
      vertex 54.1672 17.5005 5.74733
      vertex 54.5722 17.5005 5.08463
    endloop
  endfacet
  facet normal 0 1 0
    outer loop
      vertex 52.5096 17.5005 8.59858
      vertex 48.7975 17.5005 4.93909
      vertex 48.1721 17.5005 5.33027
    endloop
  endfacet
  facet normal 0 1 0
    outer loop
      vertex 52.5096 17.5005 8.59858
      vertex 49.438 17.5005 4.54602
      vertex 48.7975 17.5005 4.93909
    endloop
  endfacet
  facet normal 0 1 0
    outer loop
      vertex 52.8787 17.5005 2.55314
      vertex 54.5722 17.5005 5.08463
      vertex 54.9867 17.5005 4.41872
    endloop
  endfacet
  facet normal 0 1 0
    outer loop
      vertex 53.0187 17.5005 2.47601
      vertex 54.9867 17.5005 4.41872
      vertex 55.1084 17.5005 4.22551
    endloop
  endfacet
  facet normal 0 1 0
    outer loop
      vertex 52.5096 17.5005 8.59858
      vertex 50.0938 17.5005 4.15101
      vertex 49.438 17.5005 4.54602
    endloop
  endfacet
  facet normal 0 1 0
    outer loop
      vertex 53.7693 17.5005 6.41076
      vertex 50.7657 17.5005 3.75403
      vertex 50.0938 17.5005 4.15101
    endloop
  endfacet
  facet normal 0 1 -0
    outer loop
      vertex 55.3121 17.5005 1.25273
      vertex 55.1084 17.5005 4.22551
      vertex 57.9956 17.5005 3.4106
    endloop
  endfacet
  facet normal 0 1 0
    outer loop
      vertex 53.7693 17.5005 6.41076
      vertex 51.454 17.5005 3.35503
      vertex 50.7657 17.5005 3.75403
    endloop
  endfacet
  facet normal 0 1 0
    outer loop
      vertex 54.1672 17.5005 5.74733
      vertex 52.1595 17.5005 2.95401
      vertex 51.454 17.5005 3.35503
    endloop
  endfacet
  facet normal 0 1 0
    outer loop
      vertex 54.5722 17.5005 5.08463
      vertex 52.8787 17.5005 2.55314
      vertex 52.1595 17.5005 2.95401
    endloop
  endfacet
  facet normal 0 1 0
    outer loop
      vertex 54.9867 17.5005 4.41872
      vertex 53.0187 17.5005 2.47601
      vertex 52.8787 17.5005 2.55314
    endloop
  endfacet
  facet normal 0 1 0
    outer loop
      vertex 55.1084 17.5005 4.22551
      vertex 53.7637 17.5005 2.0704
      vertex 53.0187 17.5005 2.47601
    endloop
  endfacet
  facet normal 0 1 0
    outer loop
      vertex 55.1084 17.5005 4.22551
      vertex 54.528 17.5005 1.66265
      vertex 53.7637 17.5005 2.0704
    endloop
  endfacet
  facet normal 0 1 0
    outer loop
      vertex 55.1084 17.5005 4.22551
      vertex 55.3121 17.5005 1.25273
      vertex 54.528 17.5005 1.66265
    endloop
  endfacet
  facet normal 0 1 0
    outer loop
      vertex 57.9956 17.5005 3.4106
      vertex 56.1168 17.5005 0.840596
      vertex 55.3121 17.5005 1.25273
    endloop
  endfacet
  facet normal 0 1 0
    outer loop
      vertex 57.9956 17.5005 3.4106
      vertex 56.9428 17.5005 0.426292
      vertex 56.1168 17.5005 0.840596
    endloop
  endfacet
  facet normal 0 1 -0
    outer loop
      vertex 57.9956 17.5005 0.150002
      vertex 56.9428 17.5005 0.426292
      vertex 57.9956 17.5005 3.4106
    endloop
  endfacet
  facet normal 0 1 0
    outer loop
      vertex 57.7801 17.5005 0.0150871
      vertex 57.9956 17.5005 0.150002
      vertex 57.9956 17.5005 0.148691
    endloop
  endfacet
  facet normal 0 1 0
    outer loop
      vertex 57.7801 17.5005 0.0150871
      vertex 57.9956 17.5005 0.148691
      vertex 57.9956 17.5005 0.147387
    endloop
  endfacet
  facet normal 0 1 0
    outer loop
      vertex 57.7801 17.5005 0.0150871
      vertex 57.9956 17.5005 0.147387
      vertex 57.9956 17.5005 0.146075
    endloop
  endfacet
  facet normal 0 1 0
    outer loop
      vertex 57.7801 17.5005 0.0150871
      vertex 57.9956 17.5005 0.146075
      vertex 57.9955 17.5005 0.144772
    endloop
  endfacet
  facet normal 0 1 0
    outer loop
      vertex 57.7801 17.5005 0.0150871
      vertex 57.9955 17.5005 0.144772
      vertex 57.9955 17.5005 0.14346
    endloop
  endfacet
  facet normal 0 1 0
    outer loop
      vertex 57.7801 17.5005 0.0150871
      vertex 57.9955 17.5005 0.14346
      vertex 57.9954 17.5005 0.142157
    endloop
  endfacet
  facet normal 0 1 0
    outer loop
      vertex 57.7801 17.5005 0.0150871
      vertex 57.9954 17.5005 0.142157
      vertex 57.9954 17.5005 0.140845
    endloop
  endfacet
  facet normal 0 1 0
    outer loop
      vertex 57.7801 17.5005 0.0150871
      vertex 57.9954 17.5005 0.140845
      vertex 57.9953 17.5005 0.139542
    endloop
  endfacet
  facet normal 0 1 0
    outer loop
      vertex 57.7801 17.5005 0.0150871
      vertex 57.9953 17.5005 0.139542
      vertex 57.9952 17.5005 0.138238
    endloop
  endfacet
  facet normal 0 1 0
    outer loop
      vertex 57.7801 17.5005 0.0150871
      vertex 57.9952 17.5005 0.138238
      vertex 57.9951 17.5005 0.136933
    endloop
  endfacet
  facet normal 0 1 0
    outer loop
      vertex 57.7801 17.5005 0.0150871
      vertex 57.9951 17.5005 0.136933
      vertex 57.9949 17.5005 0.13563
    endloop
  endfacet
  facet normal 0 1 0
    outer loop
      vertex 57.7801 17.5005 0.0150871
      vertex 57.9949 17.5005 0.13563
      vertex 57.9948 17.5005 0.134334
    endloop
  endfacet
  facet normal 0 1 0
    outer loop
      vertex 57.7801 17.5005 0.0150871
      vertex 57.9948 17.5005 0.134334
      vertex 57.9947 17.5005 0.13303
    endloop
  endfacet
  facet normal 0 1 0
    outer loop
      vertex 57.7801 17.5005 0.0150871
      vertex 57.9947 17.5005 0.13303
      vertex 57.9945 17.5005 0.131733
    endloop
  endfacet
  facet normal 0 1 0
    outer loop
      vertex 57.7801 17.5005 0.0150871
      vertex 57.9945 17.5005 0.131733
      vertex 57.9944 17.5005 0.130437
    endloop
  endfacet
  facet normal 0 1 0
    outer loop
      vertex 57.7801 17.5005 0.0150871
      vertex 57.9944 17.5005 0.130437
      vertex 57.9942 17.5005 0.129141
    endloop
  endfacet
  facet normal 0 1 0
    outer loop
      vertex 57.7801 17.5005 0.0150871
      vertex 57.9942 17.5005 0.129141
      vertex 57.994 17.5005 0.127844
    endloop
  endfacet
  facet normal 0 1 0
    outer loop
      vertex 57.7801 17.5005 0.0150871
      vertex 57.994 17.5005 0.127844
      vertex 57.9938 17.5005 0.126548
    endloop
  endfacet
  facet normal 0 1 0
    outer loop
      vertex 57.7801 17.5005 0.0150871
      vertex 57.9938 17.5005 0.126548
      vertex 57.9936 17.5005 0.125258
    endloop
  endfacet
  facet normal 0 1 0
    outer loop
      vertex 57.7801 17.5005 0.0150871
      vertex 57.9936 17.5005 0.125258
      vertex 57.9934 17.5005 0.12397
    endloop
  endfacet
  facet normal 0 1 0
    outer loop
      vertex 57.7801 17.5005 0.0150871
      vertex 57.9934 17.5005 0.12397
      vertex 57.9931 17.5005 0.122681
    endloop
  endfacet
  facet normal 0 1 0
    outer loop
      vertex 57.7801 17.5005 0.0150871
      vertex 57.9931 17.5005 0.122681
      vertex 57.9929 17.5005 0.121399
    endloop
  endfacet
  facet normal 0 1 0
    outer loop
      vertex 57.7801 17.5005 0.0150871
      vertex 57.9929 17.5005 0.121399
      vertex 57.9926 17.5005 0.120118
    endloop
  endfacet
  facet normal 0 1 0
    outer loop
      vertex 57.7801 17.5005 0.0150871
      vertex 57.9926 17.5005 0.120118
      vertex 57.9924 17.5005 0.118836
    endloop
  endfacet
  facet normal 0 1 0
    outer loop
      vertex 57.7801 17.5005 0.0150871
      vertex 57.9924 17.5005 0.118836
      vertex 57.9921 17.5005 0.117555
    endloop
  endfacet
  facet normal 0 1 0
    outer loop
      vertex 57.7801 17.5005 0.0150871
      vertex 57.9921 17.5005 0.117555
      vertex 57.9918 17.5005 0.116281
    endloop
  endfacet
  facet normal 0 1 0
    outer loop
      vertex 57.7801 17.5005 0.0150871
      vertex 57.9918 17.5005 0.116281
      vertex 57.9915 17.5005 0.115006
    endloop
  endfacet
  facet normal 0 1 0
    outer loop
      vertex 57.7801 17.5005 0.0150871
      vertex 57.9915 17.5005 0.115006
      vertex 57.9912 17.5005 0.113732
    endloop
  endfacet
  facet normal 0 1 0
    outer loop
      vertex 57.7801 17.5005 0.0150871
      vertex 57.9912 17.5005 0.113732
      vertex 57.9909 17.5005 0.112466
    endloop
  endfacet
  facet normal 0 1 0
    outer loop
      vertex 57.7801 17.5005 0.0150871
      vertex 57.9909 17.5005 0.112466
      vertex 57.9905 17.5005 0.111199
    endloop
  endfacet
  facet normal 0 1 0
    outer loop
      vertex 57.7801 17.5005 0.0150871
      vertex 57.9905 17.5005 0.111199
      vertex 57.9902 17.5005 0.109941
    endloop
  endfacet
  facet normal 0 1 0
    outer loop
      vertex 57.7801 17.5005 0.0150871
      vertex 57.9902 17.5005 0.109941
      vertex 57.9898 17.5005 0.108681
    endloop
  endfacet
  facet normal 0 1 0
    outer loop
      vertex 57.7801 17.5005 0.0150871
      vertex 57.9898 17.5005 0.108681
      vertex 57.9895 17.5005 0.10743
    endloop
  endfacet
  facet normal 0 1 0
    outer loop
      vertex 57.7801 17.5005 0.0150871
      vertex 57.9895 17.5005 0.10743
      vertex 57.9891 17.5005 0.106171
    endloop
  endfacet
  facet normal 0 1 0
    outer loop
      vertex 57.7801 17.5005 0.0150871
      vertex 57.9891 17.5005 0.106171
      vertex 57.9887 17.5005 0.104926
    endloop
  endfacet
  facet normal 0 1 0
    outer loop
      vertex 57.7801 17.5005 0.0150871
      vertex 57.9887 17.5005 0.104926
      vertex 57.9883 17.5005 0.103674
    endloop
  endfacet
  facet normal 0 1 0
    outer loop
      vertex 57.7801 17.5005 0.0150871
      vertex 57.9883 17.5005 0.103674
      vertex 57.9879 17.5005 0.102438
    endloop
  endfacet
  facet normal 0 1 0
    outer loop
      vertex 57.7801 17.5005 0.0150871
      vertex 57.9879 17.5005 0.102438
      vertex 57.9875 17.5005 0.101193
    endloop
  endfacet
  facet normal 0 1 0
    outer loop
      vertex 57.7801 17.5005 0.0150871
      vertex 57.9875 17.5005 0.101193
      vertex 57.987 17.5005 0.0999641
    endloop
  endfacet
  facet normal 0 1 0
    outer loop
      vertex 57.7801 17.5005 0.0150871
      vertex 57.987 17.5005 0.0999641
      vertex 57.9866 17.5005 0.0987272
    endloop
  endfacet
  facet normal 0 1 0
    outer loop
      vertex 57.7801 17.5005 0.0150871
      vertex 57.9866 17.5005 0.0987272
      vertex 57.9862 17.5005 0.0975056
    endloop
  endfacet
  facet normal 0 1 0
    outer loop
      vertex 57.7801 17.5005 0.0150871
      vertex 57.9862 17.5005 0.0975056
      vertex 57.9857 17.5005 0.096283
    endloop
  endfacet
  facet normal 0 1 0
    outer loop
      vertex 57.7801 17.5005 0.0150871
      vertex 57.9857 17.5005 0.096283
      vertex 57.9852 17.5005 0.0950613
    endloop
  endfacet
  facet normal 0 1 0
    outer loop
      vertex 57.7801 17.5005 0.0150871
      vertex 57.9852 17.5005 0.0950613
      vertex 57.9847 17.5005 0.0938473
    endloop
  endfacet
  facet normal 0 1 0
    outer loop
      vertex 57.7801 17.5005 0.0150871
      vertex 57.9847 17.5005 0.0938473
      vertex 57.9842 17.5005 0.0926323
    endloop
  endfacet
  facet normal 0 1 0
    outer loop
      vertex 57.7801 17.5005 0.0150871
      vertex 57.9842 17.5005 0.0926323
      vertex 57.9837 17.5005 0.0914259
    endloop
  endfacet
  facet normal 0 1 0
    outer loop
      vertex 57.7801 17.5005 0.0150871
      vertex 57.9837 17.5005 0.0914259
      vertex 57.9832 17.5005 0.0902262
    endloop
  endfacet
  facet normal 0 1 0
    outer loop
      vertex 57.7801 17.5005 0.0150871
      vertex 57.9832 17.5005 0.0902262
      vertex 57.9827 17.5005 0.0890265
    endloop
  endfacet
  facet normal 0 1 0
    outer loop
      vertex 57.7801 17.5005 0.0150871
      vertex 57.9827 17.5005 0.0890265
      vertex 57.9821 17.5005 0.0878344
    endloop
  endfacet
  facet normal 0 1 0
    outer loop
      vertex 57.7801 17.5005 0.0150871
      vertex 57.9821 17.5005 0.0878344
      vertex 57.9816 17.5005 0.0866499
    endloop
  endfacet
  facet normal 0 1 0
    outer loop
      vertex 57.7801 17.5005 0.0150871
      vertex 57.9816 17.5005 0.0866499
      vertex 57.981 17.5005 0.0854654
    endloop
  endfacet
  facet normal 0 1 0
    outer loop
      vertex 57.7801 17.5005 0.0150871
      vertex 57.981 17.5005 0.0854654
      vertex 57.9805 17.5005 0.0842876
    endloop
  endfacet
  facet normal 0 1 0
    outer loop
      vertex 57.7801 17.5005 0.0150871
      vertex 57.9805 17.5005 0.0842876
      vertex 57.9799 17.5005 0.0831108
    endloop
  endfacet
  facet normal 0 1 0
    outer loop
      vertex 57.7801 17.5005 0.0150871
      vertex 57.9799 17.5005 0.0831108
      vertex 57.9793 17.5005 0.0819407
    endloop
  endfacet
  facet normal 0 1 0
    outer loop
      vertex 57.7801 17.5005 0.0150871
      vertex 57.9793 17.5005 0.0819407
      vertex 57.9787 17.5005 0.0807791
    endloop
  endfacet
  facet normal 0 1 0
    outer loop
      vertex 57.7801 17.5005 0.0150871
      vertex 57.9787 17.5005 0.0807791
      vertex 57.9781 17.5005 0.0796242
    endloop
  endfacet
  facet normal 0 1 0
    outer loop
      vertex 57.7801 17.5005 0.0150871
      vertex 57.9781 17.5005 0.0796242
      vertex 57.9775 17.5005 0.0784693
    endloop
  endfacet
  facet normal 0 1 0
    outer loop
      vertex 57.7801 17.5005 0.0150871
      vertex 57.9775 17.5005 0.0784693
      vertex 57.9769 17.5005 0.077322
    endloop
  endfacet
  facet normal 0 1 0
    outer loop
      vertex 57.7801 17.5005 0.0150871
      vertex 57.9769 17.5005 0.077322
      vertex 57.9762 17.5005 0.0761814
    endloop
  endfacet
  facet normal 0 1 0
    outer loop
      vertex 57.7801 17.5005 0.0150871
      vertex 57.9762 17.5005 0.0761814
      vertex 57.9756 17.5005 0.0750494
    endloop
  endfacet
  facet normal 0 1 0
    outer loop
      vertex 57.7801 17.5005 0.0150871
      vertex 57.9756 17.5005 0.0750494
      vertex 57.9749 17.5005 0.0739164
    endloop
  endfacet
  facet normal 0 1 0
    outer loop
      vertex 57.7801 17.5005 0.0150871
      vertex 57.9749 17.5005 0.0739164
      vertex 57.9742 17.5005 0.0727921
    endloop
  endfacet
  facet normal 0 1 0
    outer loop
      vertex 57.7801 17.5005 0.0150871
      vertex 57.9742 17.5005 0.0727921
      vertex 57.9736 17.5005 0.0716743
    endloop
  endfacet
  facet normal 0 1 0
    outer loop
      vertex 57.7801 17.5005 0.0150871
      vertex 57.9736 17.5005 0.0716743
      vertex 57.9729 17.5005 0.0705643
    endloop
  endfacet
  facet normal 0 1 0
    outer loop
      vertex 57.7801 17.5005 0.0150871
      vertex 57.9729 17.5005 0.0705643
      vertex 57.9722 17.5005 0.0694542
    endloop
  endfacet
  facet normal 0 1 0
    outer loop
      vertex 57.7801 17.5005 0.0150871
      vertex 57.9722 17.5005 0.0694542
      vertex 57.9715 17.5005 0.0683508
    endloop
  endfacet
  facet normal 0 1 0
    outer loop
      vertex 57.7801 17.5005 0.0150871
      vertex 57.9715 17.5005 0.0683508
      vertex 57.9708 17.5005 0.067256
    endloop
  endfacet
  facet normal 0 1 0
    outer loop
      vertex 57.7801 17.5005 0.0150871
      vertex 57.9708 17.5005 0.067256
      vertex 57.97 17.5005 0.0661678
    endloop
  endfacet
  facet normal 0 1 0
    outer loop
      vertex 57.7801 17.5005 0.0150871
      vertex 57.97 17.5005 0.0661678
      vertex 57.9693 17.5005 0.0650883
    endloop
  endfacet
  facet normal 0 1 0
    outer loop
      vertex 57.7801 17.5005 0.0150871
      vertex 57.9693 17.5005 0.0650883
      vertex 57.9685 17.5005 0.0640154
    endloop
  endfacet
  facet normal 0 1 0
    outer loop
      vertex 57.7801 17.5005 0.0150871
      vertex 57.9685 17.5005 0.0640154
      vertex 57.9678 17.5005 0.0629492
    endloop
  endfacet
  facet normal 0 1 0
    outer loop
      vertex 57.7801 17.5005 0.0150871
      vertex 57.9678 17.5005 0.0629492
      vertex 57.967 17.5005 0.0618839
    endloop
  endfacet
  facet normal 0 1 0
    outer loop
      vertex 57.7801 17.5005 0.0150871
      vertex 57.967 17.5005 0.0618839
      vertex 57.9663 17.5005 0.0608263
    endloop
  endfacet
  facet normal 0 1 0
    outer loop
      vertex 57.7801 17.5005 0.0150871
      vertex 57.9663 17.5005 0.0608263
      vertex 57.9655 17.5005 0.059783
    endloop
  endfacet
  facet normal 0 1 0
    outer loop
      vertex 57.7801 17.5005 0.0150871
      vertex 57.9655 17.5005 0.059783
      vertex 57.9647 17.5005 0.0587397
    endloop
  endfacet
  facet normal 0 1 0
    outer loop
      vertex 57.7801 17.5005 0.0150871
      vertex 57.9647 17.5005 0.0587397
      vertex 57.9639 17.5005 0.057704
    endloop
  endfacet
  facet normal 0 1 0
    outer loop
      vertex 57.7801 17.5005 0.0150871
      vertex 57.9639 17.5005 0.057704
      vertex 57.9631 17.5005 0.0566759
    endloop
  endfacet
  facet normal 0 1 0
    outer loop
      vertex 57.7801 17.5005 0.0150871
      vertex 57.9631 17.5005 0.0566759
      vertex 57.9623 17.5005 0.0556555
    endloop
  endfacet
  facet normal 0 1 0
    outer loop
      vertex 57.7801 17.5005 0.0150871
      vertex 57.9623 17.5005 0.0556555
      vertex 57.9614 17.5005 0.0546417
    endloop
  endfacet
  facet normal 0 1 0
    outer loop
      vertex 57.7801 17.5005 0.0150871
      vertex 57.9614 17.5005 0.0546417
      vertex 57.9606 17.5005 0.0536366
    endloop
  endfacet
  facet normal 0 1 0
    outer loop
      vertex 57.7801 17.5005 0.0150871
      vertex 57.9606 17.5005 0.0536366
      vertex 57.9597 17.5005 0.0526381
    endloop
  endfacet
  facet normal 0 1 0
    outer loop
      vertex 57.7801 17.5005 0.0150871
      vertex 57.9597 17.5005 0.0526381
      vertex 57.9589 17.5005 0.0516472
    endloop
  endfacet
  facet normal 0 1 0
    outer loop
      vertex 57.7801 17.5005 0.0150871
      vertex 57.9589 17.5005 0.0516472
      vertex 57.958 17.5005 0.0506639
    endloop
  endfacet
  facet normal 0 1 0
    outer loop
      vertex 57.7801 17.5005 0.0150871
      vertex 57.958 17.5005 0.0506639
      vertex 57.9572 17.5005 0.0496874
    endloop
  endfacet
  facet normal 0 1 0
    outer loop
      vertex 57.7801 17.5005 0.0150871
      vertex 57.9572 17.5005 0.0496874
      vertex 57.9563 17.5005 0.0487185
    endloop
  endfacet
  facet normal 0 1 0
    outer loop
      vertex 57.7801 17.5005 0.0150871
      vertex 57.9563 17.5005 0.0487185
      vertex 57.9554 17.5005 0.0477581
    endloop
  endfacet
  facet normal 0 1 0
    outer loop
      vertex 57.7801 17.5005 0.0150871
      vertex 57.9554 17.5005 0.0477581
      vertex 57.9545 17.5005 0.0468044
    endloop
  endfacet
  facet normal 0 1 0
    outer loop
      vertex 57.7801 17.5005 0.0150871
      vertex 57.9545 17.5005 0.0468044
      vertex 57.9536 17.5005 0.0458574
    endloop
  endfacet
  facet normal 0 1 0
    outer loop
      vertex 57.7801 17.5005 0.0150871
      vertex 57.9536 17.5005 0.0458574
      vertex 57.9527 17.5005 0.044919
    endloop
  endfacet
  facet normal 0 1 0
    outer loop
      vertex 57.7801 17.5005 0.0150871
      vertex 57.9527 17.5005 0.044919
      vertex 57.9518 17.5005 0.0439882
    endloop
  endfacet
  facet normal 0 1 0
    outer loop
      vertex 57.7801 17.5005 0.0150871
      vertex 57.9518 17.5005 0.0439882
      vertex 57.9508 17.5005 0.0430717
    endloop
  endfacet
  facet normal 0 1 0
    outer loop
      vertex 57.7801 17.5005 0.0150871
      vertex 57.9508 17.5005 0.0430717
      vertex 57.9499 17.5005 0.0421553
    endloop
  endfacet
  facet normal 0 1 0
    outer loop
      vertex 57.7801 17.5005 0.0150871
      vertex 57.9499 17.5005 0.0421553
      vertex 57.949 17.5005 0.0412531
    endloop
  endfacet
  facet normal 0 1 0
    outer loop
      vertex 57.7801 17.5005 0.0150871
      vertex 57.949 17.5005 0.0412531
      vertex 57.948 17.5005 0.0403519
    endloop
  endfacet
  facet normal 0 1 0
    outer loop
      vertex 57.7801 17.5005 0.0150871
      vertex 57.948 17.5005 0.0403519
      vertex 57.947 17.5005 0.039465
    endloop
  endfacet
  facet normal 0 1 0
    outer loop
      vertex 57.7801 17.5005 0.0150871
      vertex 57.947 17.5005 0.039465
      vertex 57.9461 17.5005 0.0385857
    endloop
  endfacet
  facet normal 0 1 0
    outer loop
      vertex 57.7801 17.5005 0.0150871
      vertex 57.9461 17.5005 0.0385857
      vertex 57.9451 17.5005 0.037714
    endloop
  endfacet
  facet normal 0 1 0
    outer loop
      vertex 57.7801 17.5005 0.0150871
      vertex 57.9451 17.5005 0.037714
      vertex 57.9441 17.5005 0.03685
    endloop
  endfacet
  facet normal 0 1 0
    outer loop
      vertex 57.7801 17.5005 0.0150871
      vertex 57.9441 17.5005 0.03685
      vertex 57.9431 17.5005 0.0359936
    endloop
  endfacet
  facet normal 0 1 0
    outer loop
      vertex 57.7801 17.5005 0.0150871
      vertex 57.9431 17.5005 0.0359936
      vertex 57.9421 17.5005 0.0351515
    endloop
  endfacet
  facet normal 0 1 0
    outer loop
      vertex 57.7801 17.5005 0.0150871
      vertex 57.9421 17.5005 0.0351515
      vertex 57.9411 17.5005 0.034317
    endloop
  endfacet
  facet normal 0 1 0
    outer loop
      vertex 57.7801 17.5005 0.0150871
      vertex 57.9411 17.5005 0.034317
      vertex 57.9401 17.5005 0.0334826
    endloop
  endfacet
  facet normal 0 1 0
    outer loop
      vertex 57.7801 17.5005 0.0150871
      vertex 57.9401 17.5005 0.0334826
      vertex 57.9391 17.5005 0.0326633
    endloop
  endfacet
  facet normal 0 1 0
    outer loop
      vertex 57.7801 17.5005 0.0150871
      vertex 57.9391 17.5005 0.0326633
      vertex 57.937 17.5005 0.0310535
    endloop
  endfacet
  facet normal 0 1 0
    outer loop
      vertex 57.7801 17.5005 0.0150871
      vertex 57.937 17.5005 0.0310535
      vertex 57.936 17.5005 0.0302639
    endloop
  endfacet
  facet normal 0 1 0
    outer loop
      vertex 57.7801 17.5005 0.0150871
      vertex 57.936 17.5005 0.0302639
      vertex 57.9349 17.5005 0.0294819
    endloop
  endfacet
  facet normal 0 1 0
    outer loop
      vertex 57.7801 17.5005 0.0150871
      vertex 57.9349 17.5005 0.0294819
      vertex 57.9339 17.5005 0.0287066
    endloop
  endfacet
  facet normal 0 1 0
    outer loop
      vertex 57.7801 17.5005 0.0150871
      vertex 57.9339 17.5005 0.0287066
      vertex 57.9328 17.5005 0.0279388
    endloop
  endfacet
  facet normal 0 1 0
    outer loop
      vertex 57.7801 17.5005 0.0150871
      vertex 57.9328 17.5005 0.0279388
      vertex 57.9318 17.5005 0.0271864
    endloop
  endfacet
  facet normal 0 1 0
    outer loop
      vertex 57.7801 17.5005 0.0150871
      vertex 57.9318 17.5005 0.0271864
      vertex 57.9307 17.5005 0.0264339
    endloop
  endfacet
  facet normal 0 1 0
    outer loop
      vertex 57.7801 17.5005 0.0150871
      vertex 57.9307 17.5005 0.0264339
      vertex 57.9296 17.5005 0.0256968
    endloop
  endfacet
  facet normal 0 1 0
    outer loop
      vertex 57.7801 17.5005 0.0150871
      vertex 57.9296 17.5005 0.0256968
      vertex 57.9285 17.5005 0.0249739
    endloop
  endfacet
  facet normal 0 1 0
    outer loop
      vertex 57.7801 17.5005 0.0150871
      vertex 57.9285 17.5005 0.0249739
      vertex 57.9274 17.5005 0.024251
    endloop
  endfacet
  facet normal 0 1 0
    outer loop
      vertex 57.7801 17.5005 0.0150871
      vertex 57.9274 17.5005 0.024251
      vertex 57.9263 17.5005 0.0235434
    endloop
  endfacet
  facet normal 0 1 0
    outer loop
      vertex 57.7801 17.5005 0.0150871
      vertex 57.9263 17.5005 0.0235434
      vertex 57.9252 17.5005 0.02285
    endloop
  endfacet
  facet normal 0 1 0
    outer loop
      vertex 57.7801 17.5005 0.0150871
      vertex 57.9252 17.5005 0.02285
      vertex 57.9241 17.5005 0.0221577
    endloop
  endfacet
  facet normal 0 1 0
    outer loop
      vertex 57.7801 17.5005 0.0150871
      vertex 57.9241 17.5005 0.0221577
      vertex 57.923 17.5005 0.0214796
    endloop
  endfacet
  facet normal 0 1 0
    outer loop
      vertex 57.7801 17.5005 0.0150871
      vertex 57.923 17.5005 0.0214796
      vertex 57.9219 17.5005 0.0208092
    endloop
  endfacet
  facet normal 0 1 0
    outer loop
      vertex 57.7801 17.5005 0.0150871
      vertex 57.9219 17.5005 0.0208092
      vertex 57.9207 17.5005 0.020153
    endloop
  endfacet
  facet normal 0 1 0
    outer loop
      vertex 57.7801 17.5005 0.0150871
      vertex 57.9207 17.5005 0.020153
      vertex 57.9196 17.5005 0.0194979
    endloop
  endfacet
  facet normal 0 1 0
    outer loop
      vertex 57.7801 17.5005 0.0150871
      vertex 57.9196 17.5005 0.0194979
      vertex 57.9185 17.5005 0.018857
    endloop
  endfacet
  facet normal 0 1 0
    outer loop
      vertex 57.7801 17.5005 0.0150871
      vertex 57.9185 17.5005 0.018857
      vertex 57.9173 17.5005 0.0182314
    endloop
  endfacet
  facet normal 0 1 0
    outer loop
      vertex 57.7801 17.5005 0.0150871
      vertex 57.9173 17.5005 0.0182314
      vertex 57.9162 17.5005 0.0176125
    endloop
  endfacet
  facet normal 0 1 0
    outer loop
      vertex 57.7801 17.5005 0.0150871
      vertex 57.9162 17.5005 0.0176125
      vertex 57.915 17.5005 0.0170021
    endloop
  endfacet
  facet normal 0 1 0
    outer loop
      vertex 57.7801 17.5005 0.0150871
      vertex 57.915 17.5005 0.0170021
      vertex 57.9138 17.5005 0.0163984
    endloop
  endfacet
  facet normal 0 1 0
    outer loop
      vertex 57.7801 17.5005 0.0150871
      vertex 57.9138 17.5005 0.0163984
      vertex 57.9127 17.5005 0.01581
    endloop
  endfacet
  facet normal 0 1 0
    outer loop
      vertex 57.7801 17.5005 0.0150871
      vertex 57.9127 17.5005 0.01581
      vertex 57.9115 17.5005 0.0152283
    endloop
  endfacet
  facet normal 0 1 0
    outer loop
      vertex 57.9956 17.5005 0.150002
      vertex 57.7801 17.5005 0.0150871
      vertex 56.9428 17.5005 0.426292
    endloop
  endfacet
  facet normal 0 1 -0
    outer loop
      vertex 57.9103 17.5005 0.0146627
      vertex 57.7801 17.5005 0.0150871
      vertex 57.9115 17.5005 0.0152283
    endloop
  endfacet
  facet normal 0 1 0
    outer loop
      vertex 57.9103 17.5005 0.0146627
      vertex 57.7812 17.5005 0.0145206
      vertex 57.7801 17.5005 0.0150871
    endloop
  endfacet
  facet normal 0 1 -0
    outer loop
      vertex 57.9091 17.5005 0.0141039
      vertex 57.7812 17.5005 0.0145206
      vertex 57.9103 17.5005 0.0146627
    endloop
  endfacet
  facet normal 0 1 0
    outer loop
      vertex 57.9091 17.5005 0.0141039
      vertex 57.7824 17.5005 0.0139694
      vertex 57.7812 17.5005 0.0145206
    endloop
  endfacet
  facet normal 0 1 -0
    outer loop
      vertex 57.9079 17.5005 0.0135517
      vertex 57.7824 17.5005 0.0139694
      vertex 57.9091 17.5005 0.0141039
    endloop
  endfacet
  facet normal 0 1 0
    outer loop
      vertex 57.9079 17.5005 0.0135517
      vertex 57.7836 17.5005 0.0134182
      vertex 57.7824 17.5005 0.0139694
    endloop
  endfacet
  facet normal 0 1 -0
    outer loop
      vertex 57.9068 17.5005 0.0130157
      vertex 57.7836 17.5005 0.0134182
      vertex 57.9079 17.5005 0.0135517
    endloop
  endfacet
  facet normal 0 1 0
    outer loop
      vertex 57.9068 17.5005 0.0130157
      vertex 57.7848 17.5005 0.0128813
      vertex 57.7836 17.5005 0.0134182
    endloop
  endfacet
  facet normal 0 1 -0
    outer loop
      vertex 57.9056 17.5005 0.0124865
      vertex 57.7848 17.5005 0.0128813
      vertex 57.9068 17.5005 0.0130157
    endloop
  endfacet
  facet normal 0 1 0
    outer loop
      vertex 57.9056 17.5005 0.0124865
      vertex 57.786 17.5005 0.0123596
      vertex 57.7848 17.5005 0.0128813
    endloop
  endfacet
  facet normal 0 1 -0
    outer loop
      vertex 57.9044 17.5005 0.0119724
      vertex 57.786 17.5005 0.0123596
      vertex 57.9056 17.5005 0.0124865
    endloop
  endfacet
  facet normal 0 1 0
    outer loop
      vertex 57.9044 17.5005 0.0119724
      vertex 57.7872 17.5005 0.0118456
      vertex 57.786 17.5005 0.0123596
    endloop
  endfacet
  facet normal 0 1 -0
    outer loop
      vertex 57.9032 17.5005 0.011466
      vertex 57.7872 17.5005 0.0118456
      vertex 57.9044 17.5005 0.0119724
    endloop
  endfacet
  facet normal 0 1 0
    outer loop
      vertex 57.9032 17.5005 0.011466
      vertex 57.7884 17.5005 0.0113392
      vertex 57.7872 17.5005 0.0118456
    endloop
  endfacet
  facet normal 0 1 -0
    outer loop
      vertex 57.9019 17.5005 0.0109673
      vertex 57.7884 17.5005 0.0113392
      vertex 57.9032 17.5005 0.011466
    endloop
  endfacet
  facet normal 0 1 0
    outer loop
      vertex 57.9019 17.5005 0.0109673
      vertex 57.7896 17.5005 0.010848
      vertex 57.7884 17.5005 0.0113392
    endloop
  endfacet
  facet normal 0 1 -0
    outer loop
      vertex 57.9007 17.5005 0.0104828
      vertex 57.7896 17.5005 0.010848
      vertex 57.9019 17.5005 0.0109673
    endloop
  endfacet
  facet normal 0 1 0
    outer loop
      vertex 57.9007 17.5005 0.0104828
      vertex 57.7908 17.5005 0.0103636
      vertex 57.7896 17.5005 0.010848
    endloop
  endfacet
  facet normal 0 1 -0
    outer loop
      vertex 57.8995 17.5005 0.010006
      vertex 57.7908 17.5005 0.0103636
      vertex 57.9007 17.5005 0.0104828
    endloop
  endfacet
  facet normal 0 1 0
    outer loop
      vertex 57.8995 17.5005 0.010006
      vertex 57.7921 17.5005 0.00989437
      vertex 57.7908 17.5005 0.0103636
    endloop
  endfacet
  facet normal 0 1 -0
    outer loop
      vertex 57.8983 17.5005 0.00954342
      vertex 57.7921 17.5005 0.00989437
      vertex 57.8995 17.5005 0.010006
    endloop
  endfacet
  facet normal 0 1 0
    outer loop
      vertex 57.8983 17.5005 0.00954342
      vertex 57.7933 17.5005 0.00943184
      vertex 57.7921 17.5005 0.00989437
    endloop
  endfacet
  facet normal 0 1 -0
    outer loop
      vertex 57.8971 17.5005 0.00908947
      vertex 57.7933 17.5005 0.00943184
      vertex 57.8983 17.5005 0.00954342
    endloop
  endfacet
  facet normal 0 1 0
    outer loop
      vertex 57.8971 17.5005 0.00908947
      vertex 57.7945 17.5005 0.00897789
      vertex 57.7933 17.5005 0.00943184
    endloop
  endfacet
  facet normal 0 1 -0
    outer loop
      vertex 57.8958 17.5005 0.0086422
      vertex 57.7945 17.5005 0.00897789
      vertex 57.8971 17.5005 0.00908947
    endloop
  endfacet
  facet normal 0 1 0
    outer loop
      vertex 57.8958 17.5005 0.0086422
      vertex 57.7958 17.5005 0.00853825
      vertex 57.7945 17.5005 0.00897789
    endloop
  endfacet
  facet normal 0 1 -0
    outer loop
      vertex 57.8946 17.5005 0.00821018
      vertex 57.7958 17.5005 0.00853825
      vertex 57.8958 17.5005 0.0086422
    endloop
  endfacet
  facet normal 0 1 0
    outer loop
      vertex 57.8946 17.5005 0.00821018
      vertex 57.797 17.5005 0.00810623
      vertex 57.7958 17.5005 0.00853825
    endloop
  endfacet
  facet normal 0 1 -0
    outer loop
      vertex 57.8934 17.5005 0.00779247
      vertex 57.797 17.5005 0.00810623
      vertex 57.8946 17.5005 0.00821018
    endloop
  endfacet
  facet normal 0 1 0
    outer loop
      vertex 57.8934 17.5005 0.00779247
      vertex 57.7982 17.5005 0.00768852
      vertex 57.797 17.5005 0.00810623
    endloop
  endfacet
  facet normal 0 1 -0
    outer loop
      vertex 57.8921 17.5005 0.00738335
      vertex 57.7982 17.5005 0.00768852
      vertex 57.8934 17.5005 0.00779247
    endloop
  endfacet
  facet normal 0 1 0
    outer loop
      vertex 57.8921 17.5005 0.00738335
      vertex 57.7995 17.5005 0.00727844
      vertex 57.7982 17.5005 0.00768852
    endloop
  endfacet
  facet normal 0 1 -0
    outer loop
      vertex 57.8909 17.5005 0.0069809
      vertex 57.7995 17.5005 0.00727844
      vertex 57.8921 17.5005 0.00738335
    endloop
  endfacet
  facet normal 0 1 0
    outer loop
      vertex 57.8909 17.5005 0.0069809
      vertex 57.8007 17.5005 0.00688362
      vertex 57.7995 17.5005 0.00727844
    endloop
  endfacet
  facet normal 0 1 -0
    outer loop
      vertex 57.8896 17.5005 0.0065937
      vertex 57.8007 17.5005 0.00688362
      vertex 57.8909 17.5005 0.0069809
    endloop
  endfacet
  facet normal 0 1 0
    outer loop
      vertex 57.8896 17.5005 0.0065937
      vertex 57.802 17.5005 0.00649643
      vertex 57.8007 17.5005 0.00688362
    endloop
  endfacet
  facet normal 0 1 -0
    outer loop
      vertex 57.8884 17.5005 0.00621319
      vertex 57.802 17.5005 0.00649643
      vertex 57.8896 17.5005 0.0065937
    endloop
  endfacet
  facet normal 0 1 0
    outer loop
      vertex 57.8884 17.5005 0.00621319
      vertex 57.8032 17.5005 0.00612354
      vertex 57.802 17.5005 0.00649643
    endloop
  endfacet
  facet normal 0 1 -0
    outer loop
      vertex 57.8871 17.5005 0.00584793
      vertex 57.8032 17.5005 0.00612354
      vertex 57.8884 17.5005 0.00621319
    endloop
  endfacet
  facet normal 0 1 0
    outer loop
      vertex 57.8871 17.5005 0.00584793
      vertex 57.8045 17.5005 0.00575924
      vertex 57.8032 17.5005 0.00612354
    endloop
  endfacet
  facet normal 0 1 -0
    outer loop
      vertex 57.8859 17.5005 0.0054903
      vertex 57.8045 17.5005 0.00575924
      vertex 57.8871 17.5005 0.00584793
    endloop
  endfacet
  facet normal 0 1 0
    outer loop
      vertex 57.8859 17.5005 0.0054903
      vertex 57.8057 17.5005 0.00540161
      vertex 57.8045 17.5005 0.00575924
    endloop
  endfacet
  facet normal 0 1 -0
    outer loop
      vertex 57.8846 17.5005 0.00514793
      vertex 57.8057 17.5005 0.00540161
      vertex 57.8859 17.5005 0.0054903
    endloop
  endfacet
  facet normal 0 1 0
    outer loop
      vertex 57.8846 17.5005 0.00514793
      vertex 57.807 17.5005 0.00505829
      vertex 57.8057 17.5005 0.00540161
    endloop
  endfacet
  facet normal 0 1 -0
    outer loop
      vertex 57.8833 17.5005 0.00481224
      vertex 57.807 17.5005 0.00505829
      vertex 57.8846 17.5005 0.00514793
    endloop
  endfacet
  facet normal 0 1 0
    outer loop
      vertex 57.8833 17.5005 0.00481224
      vertex 57.8083 17.5005 0.00473022
      vertex 57.807 17.5005 0.00505829
    endloop
  endfacet
  facet normal 0 1 -0
    outer loop
      vertex 57.8821 17.5005 0.00448513
      vertex 57.8083 17.5005 0.00473022
      vertex 57.8833 17.5005 0.00481224
    endloop
  endfacet
  facet normal 0 1 0
    outer loop
      vertex 57.8821 17.5005 0.00448513
      vertex 57.8095 17.5005 0.00441074
      vertex 57.8083 17.5005 0.00473022
    endloop
  endfacet
  facet normal 0 1 -0
    outer loop
      vertex 57.8808 17.5005 0.004179
      vertex 57.8095 17.5005 0.00441074
      vertex 57.8821 17.5005 0.00448513
    endloop
  endfacet
  facet normal 0 1 0
    outer loop
      vertex 57.8808 17.5005 0.004179
      vertex 57.8108 17.5005 0.00409698
      vertex 57.8095 17.5005 0.00441074
    endloop
  endfacet
  facet normal 0 1 -0
    outer loop
      vertex 57.8795 17.5005 0.00387383
      vertex 57.8108 17.5005 0.00409698
      vertex 57.8808 17.5005 0.004179
    endloop
  endfacet
  facet normal 0 1 0
    outer loop
      vertex 57.8795 17.5005 0.00387383
      vertex 57.8121 17.5005 0.00379944
      vertex 57.8108 17.5005 0.00409698
    endloop
  endfacet
  facet normal 0 1 -0
    outer loop
      vertex 57.8782 17.5005 0.00358295
      vertex 57.8121 17.5005 0.00379944
      vertex 57.8795 17.5005 0.00387383
    endloop
  endfacet
  facet normal 0 1 0
    outer loop
      vertex 57.8782 17.5005 0.00358295
      vertex 57.8134 17.5005 0.0035162
      vertex 57.8121 17.5005 0.00379944
    endloop
  endfacet
  facet normal 0 1 -0
    outer loop
      vertex 57.877 17.5005 0.00330734
      vertex 57.8134 17.5005 0.0035162
      vertex 57.8782 17.5005 0.00358295
    endloop
  endfacet
  facet normal 0 1 0
    outer loop
      vertex 57.877 17.5005 0.00330734
      vertex 57.8146 17.5005 0.00324059
      vertex 57.8134 17.5005 0.0035162
    endloop
  endfacet
  facet normal 0 1 -0
    outer loop
      vertex 57.8757 17.5005 0.00303936
      vertex 57.8146 17.5005 0.00324059
      vertex 57.877 17.5005 0.00330734
    endloop
  endfacet
  facet normal 0 1 0
    outer loop
      vertex 57.8757 17.5005 0.00303936
      vertex 57.8159 17.5005 0.0029726
      vertex 57.8146 17.5005 0.00324059
    endloop
  endfacet
  facet normal 0 1 -0
    outer loop
      vertex 57.8744 17.5005 0.00278568
      vertex 57.8159 17.5005 0.0029726
      vertex 57.8757 17.5005 0.00303936
    endloop
  endfacet
  facet normal 0 1 0
    outer loop
      vertex 57.8744 17.5005 0.00278568
      vertex 57.8172 17.5005 0.00271893
      vertex 57.8159 17.5005 0.0029726
    endloop
  endfacet
  facet normal 0 1 -0
    outer loop
      vertex 57.8731 17.5005 0.00254059
      vertex 57.8172 17.5005 0.00271893
      vertex 57.8744 17.5005 0.00278568
    endloop
  endfacet
  facet normal 0 1 0
    outer loop
      vertex 57.8731 17.5005 0.00254059
      vertex 57.8185 17.5005 0.00248051
      vertex 57.8172 17.5005 0.00271893
    endloop
  endfacet
  facet normal 0 1 -0
    outer loop
      vertex 57.8718 17.5005 0.00230217
      vertex 57.8185 17.5005 0.00248051
      vertex 57.8731 17.5005 0.00254059
    endloop
  endfacet
  facet normal 0 1 0
    outer loop
      vertex 57.8718 17.5005 0.00230217
      vertex 57.8198 17.5005 0.00224972
      vertex 57.8185 17.5005 0.00248051
    endloop
  endfacet
  facet normal 0 1 -0
    outer loop
      vertex 57.8705 17.5005 0.00207806
      vertex 57.8198 17.5005 0.00224972
      vertex 57.8718 17.5005 0.00230217
    endloop
  endfacet
  facet normal 0 1 0
    outer loop
      vertex 57.8705 17.5005 0.00207806
      vertex 57.8211 17.5005 0.00202656
      vertex 57.8198 17.5005 0.00224972
    endloop
  endfacet
  facet normal 0 1 -0
    outer loop
      vertex 57.8692 17.5005 0.0018692
      vertex 57.8211 17.5005 0.00202656
      vertex 57.8705 17.5005 0.00207806
    endloop
  endfacet
  facet normal 0 1 0
    outer loop
      vertex 57.8692 17.5005 0.0018692
      vertex 57.8223 17.5005 0.0018177
      vertex 57.8211 17.5005 0.00202656
    endloop
  endfacet
  facet normal 0 1 -0
    outer loop
      vertex 57.868 17.5005 0.00166893
      vertex 57.8223 17.5005 0.0018177
      vertex 57.8692 17.5005 0.0018692
    endloop
  endfacet
  facet normal 0 1 0
    outer loop
      vertex 57.868 17.5005 0.00166893
      vertex 57.8236 17.5005 0.00162411
      vertex 57.8223 17.5005 0.0018177
    endloop
  endfacet
  facet normal 0 1 -0
    outer loop
      vertex 57.8667 17.5005 0.00148201
      vertex 57.8236 17.5005 0.00162411
      vertex 57.868 17.5005 0.00166893
    endloop
  endfacet
  facet normal 0 1 0
    outer loop
      vertex 57.8667 17.5005 0.00148201
      vertex 57.8249 17.5005 0.00143719
      vertex 57.8236 17.5005 0.00162411
    endloop
  endfacet
  facet normal 0 1 -0
    outer loop
      vertex 57.8654 17.5005 0.00130367
      vertex 57.8249 17.5005 0.00143719
      vertex 57.8667 17.5005 0.00148201
    endloop
  endfacet
  facet normal 0 1 0
    outer loop
      vertex 57.8654 17.5005 0.00130367
      vertex 57.8262 17.5005 0.00125885
      vertex 57.8249 17.5005 0.00143719
    endloop
  endfacet
  facet normal 0 1 -0
    outer loop
      vertex 57.8641 17.5005 0.00113964
      vertex 57.8262 17.5005 0.00125885
      vertex 57.8654 17.5005 0.00130367
    endloop
  endfacet
  facet normal 0 1 0
    outer loop
      vertex 57.8641 17.5005 0.00113964
      vertex 57.8275 17.5005 0.00109482
      vertex 57.8262 17.5005 0.00125885
    endloop
  endfacet
  facet normal 0 1 -0
    outer loop
      vertex 57.8628 17.5005 0.000983238
      vertex 57.8275 17.5005 0.00109482
      vertex 57.8641 17.5005 0.00113964
    endloop
  endfacet
  facet normal 0 1 0
    outer loop
      vertex 57.8628 17.5005 0.000983238
      vertex 57.8288 17.5005 0.000946045
      vertex 57.8275 17.5005 0.00109482
    endloop
  endfacet
  facet normal 0 1 -0
    outer loop
      vertex 57.8615 17.5005 0.000834465
      vertex 57.8288 17.5005 0.000946045
      vertex 57.8628 17.5005 0.000983238
    endloop
  endfacet
  facet normal 0 1 0
    outer loop
      vertex 57.8615 17.5005 0.000834465
      vertex 57.8301 17.5005 0.000803947
      vertex 57.8288 17.5005 0.000946045
    endloop
  endfacet
  facet normal 0 1 -0
    outer loop
      vertex 57.8602 17.5005 0.000707626
      vertex 57.8301 17.5005 0.000803947
      vertex 57.8615 17.5005 0.000834465
    endloop
  endfacet
  facet normal 0 1 0
    outer loop
      vertex 57.8602 17.5005 0.000707626
      vertex 57.8314 17.5005 0.000677109
      vertex 57.8301 17.5005 0.000803947
    endloop
  endfacet
  facet normal 0 1 -0
    outer loop
      vertex 57.8589 17.5005 0.000580788
      vertex 57.8314 17.5005 0.000677109
      vertex 57.8602 17.5005 0.000707626
    endloop
  endfacet
  facet normal 0 1 0
    outer loop
      vertex 57.8589 17.5005 0.000580788
      vertex 57.8327 17.5005 0.000557899
      vertex 57.8314 17.5005 0.000677109
    endloop
  endfacet
  facet normal 0 1 -0
    outer loop
      vertex 57.8576 17.5005 0.000476837
      vertex 57.8327 17.5005 0.000557899
      vertex 57.8589 17.5005 0.000580788
    endloop
  endfacet
  facet normal 0 1 0
    outer loop
      vertex 57.8576 17.5005 0.000476837
      vertex 57.834 17.5005 0.00044632
      vertex 57.8327 17.5005 0.000557899
    endloop
  endfacet
  facet normal 0 1 -0
    outer loop
      vertex 57.8563 17.5005 0.000379562
      vertex 57.834 17.5005 0.00044632
      vertex 57.8576 17.5005 0.000476837
    endloop
  endfacet
  facet normal 0 1 0
    outer loop
      vertex 57.8563 17.5005 0.000379562
      vertex 57.8353 17.5005 0.000349998
      vertex 57.834 17.5005 0.00044632
    endloop
  endfacet
  facet normal 0 1 -0
    outer loop
      vertex 57.8549 17.5005 0.000289917
      vertex 57.8353 17.5005 0.000349998
      vertex 57.8563 17.5005 0.000379562
    endloop
  endfacet
  facet normal 0 1 0
    outer loop
      vertex 57.8549 17.5005 0.000289917
      vertex 57.8366 17.5005 0.000267982
      vertex 57.8353 17.5005 0.000349998
    endloop
  endfacet
  facet normal 0 1 -0
    outer loop
      vertex 57.8536 17.5005 0.00021553
      vertex 57.8366 17.5005 0.000267982
      vertex 57.8549 17.5005 0.000289917
    endloop
  endfacet
  facet normal 0 1 0
    outer loop
      vertex 57.8536 17.5005 0.00021553
      vertex 57.838 17.5005 0.000193596
      vertex 57.8366 17.5005 0.000267982
    endloop
  endfacet
  facet normal 0 1 -0
    outer loop
      vertex 57.8523 17.5005 0.000148773
      vertex 57.838 17.5005 0.000193596
      vertex 57.8536 17.5005 0.00021553
    endloop
  endfacet
  facet normal 0 1 0
    outer loop
      vertex 57.8523 17.5005 0.000148773
      vertex 57.8393 17.5005 0.000133514
      vertex 57.838 17.5005 0.000193596
    endloop
  endfacet
  facet normal 0 1 -0
    outer loop
      vertex 57.851 17.5005 9.63211e-05
      vertex 57.8393 17.5005 0.000133514
      vertex 57.8523 17.5005 0.000148773
    endloop
  endfacet
  facet normal 0 1 0
    outer loop
      vertex 57.851 17.5005 9.63211e-05
      vertex 57.8406 17.5005 8.86917e-05
      vertex 57.8393 17.5005 0.000133514
    endloop
  endfacet
  facet normal 0 1 -0
    outer loop
      vertex 57.8497 17.5005 5.14984e-05
      vertex 57.8406 17.5005 8.86917e-05
      vertex 57.851 17.5005 9.63211e-05
    endloop
  endfacet
  facet normal 0 1 0
    outer loop
      vertex 57.8497 17.5005 5.14984e-05
      vertex 57.8419 17.5005 4.3869e-05
      vertex 57.8406 17.5005 8.86917e-05
    endloop
  endfacet
  facet normal 0 1 -0
    outer loop
      vertex 57.8484 17.5005 2.19345e-05
      vertex 57.8419 17.5005 4.3869e-05
      vertex 57.8497 17.5005 5.14984e-05
    endloop
  endfacet
  facet normal 0 1 0
    outer loop
      vertex 57.8484 17.5005 2.19345e-05
      vertex 57.8432 17.5005 2.19345e-05
      vertex 57.8419 17.5005 4.3869e-05
    endloop
  endfacet
  facet normal 0 1 -0
    outer loop
      vertex 57.8471 17.5005 6.67572e-06
      vertex 57.8432 17.5005 2.19345e-05
      vertex 57.8484 17.5005 2.19345e-05
    endloop
  endfacet
  facet normal 0 1 0
    outer loop
      vertex 57.8471 17.5005 6.67572e-06
      vertex 57.8445 17.5005 6.67572e-06
      vertex 57.8432 17.5005 2.19345e-05
    endloop
  endfacet
  facet normal -0 1 0
    outer loop
      vertex 57.8445 17.5005 6.67572e-06
      vertex 57.8471 17.5005 6.67572e-06
      vertex 57.8458 17.5005 0
    endloop
  endfacet
  facet normal 0 1 0
    outer loop
      vertex 44.5072 17.5005 46.0348
      vertex 44.5072 17.5005 45.6498
      vertex 43.1535 17.5005 44.8683
    endloop
  endfacet
  facet normal 1 0 0
    outer loop
      vertex 57.9956 17.5005 3.4106
      vertex 57.9956 10.7908 0.150002
      vertex 57.9956 17.5005 0.150002
    endloop
  endfacet
  facet normal 1 0 0
    outer loop
      vertex 57.9956 17.5005 3.4106
      vertex 57.9956 10.5178 0.589145
      vertex 57.9956 10.7908 0.150002
    endloop
  endfacet
  facet normal 1 0 0
    outer loop
      vertex 57.9956 17.5005 3.4106
      vertex 57.9956 10.1389 0.999557
      vertex 57.9956 10.5178 0.589145
    endloop
  endfacet
  facet normal 1 0 0
    outer loop
      vertex 57.9956 17.5005 3.4106
      vertex 57.9956 9.70671 1.30452
      vertex 57.9956 10.1389 0.999557
    endloop
  endfacet
  facet normal 1 0 0
    outer loop
      vertex 57.9956 17.5005 3.4106
      vertex 57.9956 9.23773 1.49232
      vertex 57.9956 9.70671 1.30452
    endloop
  endfacet
  facet normal 1 0 0
    outer loop
      vertex 57.9956 17.5005 3.4106
      vertex 57.9956 9.11981 1.50765
      vertex 57.9956 9.23773 1.49232
    endloop
  endfacet
  facet normal 1 0 0
    outer loop
      vertex 57.9956 17.5005 3.4106
      vertex 57.9956 8.75 1.55573
      vertex 57.9956 9.11981 1.50765
    endloop
  endfacet
  facet normal 1 -0 0
    outer loop
      vertex 57.9956 0.000499725 3.4106
      vertex 57.9956 8.75 1.55573
      vertex 57.9956 17.5005 3.4106
    endloop
  endfacet
  facet normal 1 0 0
    outer loop
      vertex 57.9956 8.75 1.55573
      vertex 57.9956 0.000499725 3.4106
      vertex 57.9956 8.38019 1.50765
    endloop
  endfacet
  facet normal 1 0 0
    outer loop
      vertex 57.9956 8.38019 1.50765
      vertex 57.9956 0.000499725 3.4106
      vertex 57.9956 8.26227 1.49232
    endloop
  endfacet
  facet normal 1 0 0
    outer loop
      vertex 57.9956 0.000499725 3.4106
      vertex 57.9956 7.79329 1.30452
      vertex 57.9956 8.26227 1.49232
    endloop
  endfacet
  facet normal 1 0 0
    outer loop
      vertex 57.9956 0.000499725 3.4106
      vertex 57.9956 7.36107 0.999557
      vertex 57.9956 7.79329 1.30452
    endloop
  endfacet
  facet normal 1 0 0
    outer loop
      vertex 57.9956 0.000499725 3.4106
      vertex 57.9956 6.98223 0.589145
      vertex 57.9956 7.36107 0.999557
    endloop
  endfacet
  facet normal 1 0 0
    outer loop
      vertex 57.9956 0.000499725 3.4106
      vertex 57.9956 6.70922 0.150002
      vertex 57.9956 6.98223 0.589145
    endloop
  endfacet
  facet normal 1 0 0
    outer loop
      vertex 57.9956 6.70922 0.150002
      vertex 57.9956 0.000499725 3.4106
      vertex 57.9956 0.000499725 0.150002
    endloop
  endfacet
  facet normal 0.271637 0 0.9624
    outer loop
      vertex 55.1084 17.5005 4.22551
      vertex 57.9956 0.000499725 3.4106
      vertex 57.9956 17.5005 3.4106
    endloop
  endfacet
  facet normal 0.271637 0 0.9624
    outer loop
      vertex 57.9956 0.000499725 3.4106
      vertex 55.1084 17.5005 4.22551
      vertex 55.1084 0.000499725 4.22551
    endloop
  endfacet
  facet normal 1 -0 0
    outer loop
      vertex 44.5072 0.000499725 46.0348
      vertex 44.5072 17.5005 45.6498
      vertex 44.5072 17.5005 46.0348
    endloop
  endfacet
  facet normal 1 0 0
    outer loop
      vertex 44.5072 17.5005 45.6498
      vertex 44.5072 0.000499725 46.0348
      vertex 44.5072 0.000499725 45.6498
    endloop
  endfacet
  facet normal 0.499972 0 -0.866042
    outer loop
      vertex 43.1535 0.000499725 44.8683
      vertex 44.5072 17.5005 45.6498
      vertex 44.5072 0.000499725 45.6498
    endloop
  endfacet
  facet normal 0.499972 0 -0.866042
    outer loop
      vertex 44.5072 17.5005 45.6498
      vertex 43.1535 0.000499725 44.8683
      vertex 43.1535 17.5005 44.8683
    endloop
  endfacet
  facet normal 0.677354 0 0.735657
    outer loop
      vertex 42.4043 17.5005 42.9288
      vertex 43.9424 0.000499725 41.5126
      vertex 43.9424 17.5005 41.5126
    endloop
  endfacet
  facet normal 0.677354 0 0.735657
    outer loop
      vertex 43.9424 0.000499725 41.5126
      vertex 42.4043 17.5005 42.9288
      vertex 42.4043 0.000499725 42.9288
    endloop
  endfacet
  facet normal 0.635196 0 -0.772351
    outer loop
      vertex 42.7271 0.000499725 38.8311
      vertex 44.1884 17.5005 40.0329
      vertex 44.1884 0.000499725 40.0329
    endloop
  endfacet
  facet normal 0.635196 0 -0.772351
    outer loop
      vertex 44.1884 17.5005 40.0329
      vertex 42.7271 0.000499725 38.8311
      vertex 42.7271 17.5005 38.8311
    endloop
  endfacet
  facet normal 0.986461 -0 0.163999
    outer loop
      vertex 43.9424 0.000499725 41.5126
      vertex 44.1884 17.5005 40.0329
      vertex 43.9424 17.5005 41.5126
    endloop
  endfacet
  facet normal 0.986461 0 0.163999
    outer loop
      vertex 44.1884 17.5005 40.0329
      vertex 43.9424 0.000499725 41.5126
      vertex 44.1884 0.000499725 40.0329
    endloop
  endfacet
  facet normal 0.568117 0 0.822948
    outer loop
      vertex 42.9828 17.5005 36.7062
      vertex 44.2597 0.000499725 35.8247
      vertex 44.2597 17.5005 35.8247
    endloop
  endfacet
  facet normal 0.568117 0 0.822948
    outer loop
      vertex 44.2597 0.000499725 35.8247
      vertex 42.9828 17.5005 36.7062
      vertex 42.9828 0.000499725 36.7062
    endloop
  endfacet
  facet normal 0.736737 0 -0.676179
    outer loop
      vertex 44.7096 0.000499725 34.3938
      vertex 43.5517 17.5005 33.1322
      vertex 44.7096 17.5005 34.3938
    endloop
  endfacet
  facet normal 0.736737 0 -0.676179
    outer loop
      vertex 43.5517 17.5005 33.1322
      vertex 44.7096 0.000499725 34.3938
      vertex 43.5517 0.000499725 33.1322
    endloop
  endfacet
  facet normal 0.953958 -0 0.299941
    outer loop
      vertex 44.2597 0.000499725 35.8247
      vertex 44.7096 17.5005 34.3938
      vertex 44.2597 17.5005 35.8247
    endloop
  endfacet
  facet normal 0.953958 0 0.299941
    outer loop
      vertex 44.7096 17.5005 34.3938
      vertex 44.2597 0.000499725 35.8247
      vertex 44.7096 0.000499725 34.3938
    endloop
  endfacet
  facet normal 0.475531 0 0.879699
    outer loop
      vertex 43.9997 17.5005 30.8879
      vertex 45.3039 0.000499725 30.1829
      vertex 45.3039 17.5005 30.1829
    endloop
  endfacet
  facet normal 0.475531 0 0.879699
    outer loop
      vertex 45.3039 0.000499725 30.1829
      vertex 43.9997 17.5005 30.8879
      vertex 43.9997 0.000499725 30.8879
    endloop
  endfacet
  facet normal 0.805685 0 -0.592345
    outer loop
      vertex 45.9063 0.000499725 28.8091
      vertex 44.8465 17.5005 27.3676
      vertex 45.9063 17.5005 28.8091
    endloop
  endfacet
  facet normal 0.805685 0 -0.592345
    outer loop
      vertex 44.8465 17.5005 27.3676
      vertex 45.9063 0.000499725 28.8091
      vertex 44.8465 0.000499725 27.3676
    endloop
  endfacet
  facet normal 0.915823 -0 0.401581
    outer loop
      vertex 45.3039 0.000499725 30.1829
      vertex 45.9063 17.5005 28.8091
      vertex 45.3039 17.5005 30.1829
    endloop
  endfacet
  facet normal 0.915823 0 0.401581
    outer loop
      vertex 45.9063 17.5005 28.8091
      vertex 45.3039 0.000499725 30.1829
      vertex 45.9063 0.000499725 28.8091
    endloop
  endfacet
  facet normal 0.405889 0 0.913923
    outer loop
      vertex 45.4341 17.5005 25.2769
      vertex 46.8934 0.000499725 24.6288
      vertex 46.8934 17.5005 24.6288
    endloop
  endfacet
  facet normal 0.405889 0 0.913923
    outer loop
      vertex 46.8934 0.000499725 24.6288
      vertex 45.4341 17.5005 25.2769
      vertex 45.4341 0.000499725 25.2769
    endloop
  endfacet
  facet normal 0.849231 0 -0.528022
    outer loop
      vertex 47.6005 0.000499725 23.306
      vertex 46.5938 17.5005 21.6869
      vertex 47.6005 17.5005 23.306
    endloop
  endfacet
  facet normal 0.849231 0 -0.528022
    outer loop
      vertex 46.5938 17.5005 21.6869
      vertex 47.6005 0.000499725 23.306
      vertex 46.5938 0.000499725 21.6869
    endloop
  endfacet
  facet normal 0.881908 -0 0.471422
    outer loop
      vertex 46.8934 0.000499725 24.6288
      vertex 47.6005 17.5005 23.306
      vertex 46.8934 17.5005 24.6288
    endloop
  endfacet
  facet normal 0.881908 0 0.471422
    outer loop
      vertex 47.6005 17.5005 23.306
      vertex 46.8934 0.000499725 24.6288
      vertex 47.6005 0.000499725 23.306
    endloop
  endfacet
  facet normal 0.360172 0 0.932886
    outer loop
      vertex 47.2964 17.5005 19.7596
      vertex 48.8572 0.000499725 19.157
      vertex 48.8572 17.5005 19.157
    endloop
  endfacet
  facet normal 0.360172 0 0.932886
    outer loop
      vertex 48.8572 0.000499725 19.157
      vertex 47.2964 17.5005 19.7596
      vertex 47.2964 0.000499725 19.7596
    endloop
  endfacet
  facet normal 0.874297 0 -0.485392
    outer loop
      vertex 49.6289 0.000499725 17.8707
      vertex 48.7254 17.5005 16.2433
      vertex 49.6289 17.5005 17.8707
    endloop
  endfacet
  facet normal 0.874297 0 -0.485392
    outer loop
      vertex 48.7254 17.5005 16.2433
      vertex 49.6289 0.000499725 17.8707
      vertex 48.7254 0.000499725 16.2433
    endloop
  endfacet
  facet normal 0.857516 -0 0.514457
    outer loop
      vertex 48.8572 0.000499725 19.157
      vertex 49.6289 17.5005 17.8707
      vertex 48.8572 17.5005 19.157
    endloop
  endfacet
  facet normal 0.857516 0 0.514457
    outer loop
      vertex 49.6289 17.5005 17.8707
      vertex 48.8572 0.000499725 19.157
      vertex 49.6289 0.000499725 17.8707
    endloop
  endfacet
  facet normal 0.338541 0 0.940952
    outer loop
      vertex 49.6235 17.5005 14.2454
      vertex 51.0424 0.000499725 13.7349
      vertex 51.0424 17.5005 13.7349
    endloop
  endfacet
  facet normal 0.338541 0 0.940952
    outer loop
      vertex 51.0424 0.000499725 13.7349
      vertex 49.6235 17.5005 14.2454
      vertex 49.6235 0.000499725 14.2454
    endloop
  endfacet
  facet normal 0.885225 0 -0.465163
    outer loop
      vertex 51.8436 0.000499725 12.4667
      vertex 51.1464 17.5005 11.1399
      vertex 51.8436 17.5005 12.4667
    endloop
  endfacet
  facet normal 0.885225 0 -0.465163
    outer loop
      vertex 51.1464 17.5005 11.1399
      vertex 51.8436 0.000499725 12.4667
      vertex 51.1464 0.000499725 11.1399
    endloop
  endfacet
  facet normal 0.845419 -0 0.534103
    outer loop
      vertex 51.0424 0.000499725 13.7349
      vertex 51.8436 17.5005 12.4667
      vertex 51.0424 17.5005 13.7349
    endloop
  endfacet
  facet normal 0.845419 0 0.534103
    outer loop
      vertex 51.8436 17.5005 12.4667
      vertex 51.0424 0.000499725 13.7349
      vertex 51.8436 0.000499725 12.4667
    endloop
  endfacet
  facet normal 0.342388 0 0.939559
    outer loop
      vertex 52.5096 17.5005 8.59858
      vertex 53.3057 0.000499725 8.30847
      vertex 53.3057 17.5005 8.30847
    endloop
  endfacet
  facet normal 0.342388 0 0.939559
    outer loop
      vertex 53.3057 0.000499725 8.30847
      vertex 52.5096 17.5005 8.59858
      vertex 52.5096 0.000499725 8.59858
    endloop
  endfacet
  facet normal 0.883365 0 -0.468685
    outer loop
      vertex 54.1016 0.000499725 7.03707
      vertex 53.7693 17.5005 6.41076
      vertex 54.1016 17.5005 7.03707
    endloop
  endfacet
  facet normal 0.883365 0 -0.468685
    outer loop
      vertex 53.7693 17.5005 6.41076
      vertex 54.1016 0.000499725 7.03707
      vertex 53.7693 0.000499725 6.41076
    endloop
  endfacet
  facet normal 0.847616 -0 0.53061
    outer loop
      vertex 53.3057 0.000499725 8.30847
      vertex 54.1016 17.5005 7.03707
      vertex 53.3057 17.5005 8.30847
    endloop
  endfacet
  facet normal 0.847616 0 0.53061
    outer loop
      vertex 54.1016 17.5005 7.03707
      vertex 53.3057 0.000499725 8.30847
      vertex 54.1016 0.000499725 7.03707
    endloop
  endfacet
  facet normal 0.422141 0 -0.90653
    outer loop
      vertex 57.9091 0.000499725 0.0141039
      vertex 57.9103 6.67097 0.0146627
      vertex 57.9103 0.000499725 0.0146627
    endloop
  endfacet
  facet normal 0.422141 0 -0.90653
    outer loop
      vertex 57.9103 6.67097 0.0146627
      vertex 57.9091 0.000499725 0.0141039
      vertex 57.9091 6.67116 0.0141039
    endloop
  endfacet
  facet normal 0.422141 0 -0.90653
    outer loop
      vertex 57.9091 17.5005 0.0141039
      vertex 57.9103 10.829 0.0146627
      vertex 57.9091 10.8288 0.0141039
    endloop
  endfacet
  facet normal 0.422141 0 -0.90653
    outer loop
      vertex 57.9103 10.829 0.0146627
      vertex 57.9091 17.5005 0.0141039
      vertex 57.9103 17.5005 0.0146627
    endloop
  endfacet
  facet normal 0.418031 0 -0.908433
    outer loop
      vertex 57.9079 0.000499725 0.0135517
      vertex 57.9091 6.67116 0.0141039
      vertex 57.9091 0.000499725 0.0141039
    endloop
  endfacet
  facet normal 0.438056 -4.3877e-06 -0.898948
    outer loop
      vertex 57.9091 6.67116 0.0141039
      vertex 57.9079 0.000499725 0.0135517
      vertex 57.9081 6.67133 0.0136166
    endloop
  endfacet
  facet normal 0.308656 0 -0.951174
    outer loop
      vertex 57.9081 6.67133 0.0136166
      vertex 57.9079 0.000499725 0.0135517
      vertex 57.9079 6.67136 0.0135517
    endloop
  endfacet
  facet normal 0.438057 4.38707e-06 -0.898947
    outer loop
      vertex 57.9079 17.5005 0.0135517
      vertex 57.9091 10.8288 0.0141039
      vertex 57.9081 10.8287 0.0136166
    endloop
  endfacet
  facet normal 0.308656 0 -0.951174
    outer loop
      vertex 57.9079 17.5005 0.0135517
      vertex 57.9081 10.8287 0.0136166
      vertex 57.9079 10.8286 0.0135517
    endloop
  endfacet
  facet normal 0.418031 0 -0.908433
    outer loop
      vertex 57.9091 10.8288 0.0141039
      vertex 57.9079 17.5005 0.0135517
      vertex 57.9091 17.5005 0.0141039
    endloop
  endfacet
  facet normal 0.438037 0 -0.898957
    outer loop
      vertex 57.9068 0.000499725 0.0130157
      vertex 57.9079 6.67136 0.0135517
      vertex 57.9079 0.000499725 0.0135517
    endloop
  endfacet
  facet normal 0.438037 0 -0.898957
    outer loop
      vertex 57.9079 6.67136 0.0135517
      vertex 57.9068 0.000499725 0.0130157
      vertex 57.9068 6.67167 0.0130157
    endloop
  endfacet
  facet normal 0.438037 0 -0.898957
    outer loop
      vertex 57.9068 17.5005 0.0130157
      vertex 57.9079 10.8286 0.0135517
      vertex 57.9068 10.8283 0.0130157
    endloop
  endfacet
  facet normal 0.438037 0 -0.898957
    outer loop
      vertex 57.9079 10.8286 0.0135517
      vertex 57.9068 17.5005 0.0130157
      vertex 57.9079 17.5005 0.0135517
    endloop
  endfacet
  facet normal 0.403505 0 -0.914977
    outer loop
      vertex 57.9056 0.000499725 0.0124865
      vertex 57.9068 6.67167 0.0130157
      vertex 57.9068 0.000499725 0.0130157
    endloop
  endfacet
  facet normal 0.403505 0 -0.914977
    outer loop
      vertex 57.9068 6.67167 0.0130157
      vertex 57.9056 0.000499725 0.0124865
      vertex 57.9056 6.67198 0.0124865
    endloop
  endfacet
  facet normal 0.403505 0 -0.914977
    outer loop
      vertex 57.9056 17.5005 0.0124865
      vertex 57.9068 10.8283 0.0130157
      vertex 57.9056 10.828 0.0124865
    endloop
  endfacet
  facet normal 0.403505 0 -0.914977
    outer loop
      vertex 57.9068 10.8283 0.0130157
      vertex 57.9056 17.5005 0.0124865
      vertex 57.9068 17.5005 0.0130157
    endloop
  endfacet
  facet normal 0.393799 0 -0.919197
    outer loop
      vertex 57.9044 0.000499725 0.0119724
      vertex 57.9056 6.67198 0.0124865
      vertex 57.9056 0.000499725 0.0124865
    endloop
  endfacet
  facet normal 0.393799 0 -0.919197
    outer loop
      vertex 57.9056 6.67198 0.0124865
      vertex 57.9044 0.000499725 0.0119724
      vertex 57.9044 6.6723 0.0119724
    endloop
  endfacet
  facet normal 0.393799 0 -0.919197
    outer loop
      vertex 57.9044 17.5005 0.0119724
      vertex 57.9056 10.828 0.0124865
      vertex 57.9044 10.8277 0.0119724
    endloop
  endfacet
  facet normal 0.393799 0 -0.919197
    outer loop
      vertex 57.9056 10.828 0.0124865
      vertex 57.9044 17.5005 0.0119724
      vertex 57.9056 17.5005 0.0124865
    endloop
  endfacet
  facet normal 0.388798 0 -0.921323
    outer loop
      vertex 57.9032 0.000499725 0.011466
      vertex 57.9044 6.6723 0.0119724
      vertex 57.9044 0.000499725 0.0119724
    endloop
  endfacet
  facet normal 0.388798 0 -0.921323
    outer loop
      vertex 57.9044 6.6723 0.0119724
      vertex 57.9032 0.000499725 0.011466
      vertex 57.9032 6.67263 0.011466
    endloop
  endfacet
  facet normal 0.388798 0 -0.921323
    outer loop
      vertex 57.9032 17.5005 0.011466
      vertex 57.9044 10.8277 0.0119724
      vertex 57.9032 10.8274 0.011466
    endloop
  endfacet
  facet normal 0.388798 0 -0.921323
    outer loop
      vertex 57.9044 10.8277 0.0119724
      vertex 57.9032 17.5005 0.011466
      vertex 57.9044 17.5005 0.0119724
    endloop
  endfacet
  facet normal 0.358166 0 -0.933658
    outer loop
      vertex 57.9019 0.000499725 0.0109673
      vertex 57.9032 6.67263 0.011466
      vertex 57.9032 0.000499725 0.011466
    endloop
  endfacet
  facet normal 0.358166 0 -0.933658
    outer loop
      vertex 57.9032 6.67263 0.011466
      vertex 57.9019 0.000499725 0.0109673
      vertex 57.9019 6.67297 0.0109673
    endloop
  endfacet
  facet normal 0.358166 0 -0.933658
    outer loop
      vertex 57.9019 17.5005 0.0109673
      vertex 57.9032 10.8274 0.011466
      vertex 57.9019 10.827 0.0109673
    endloop
  endfacet
  facet normal 0.358166 0 -0.933658
    outer loop
      vertex 57.9032 10.8274 0.011466
      vertex 57.9019 17.5005 0.0109673
      vertex 57.9032 17.5005 0.011466
    endloop
  endfacet
  facet normal 0.374386 0 -0.927273
    outer loop
      vertex 57.9007 0.000499725 0.0104828
      vertex 57.9019 6.67297 0.0109673
      vertex 57.9019 0.000499725 0.0109673
    endloop
  endfacet
  facet normal 0.374386 0 -0.927273
    outer loop
      vertex 57.9019 6.67297 0.0109673
      vertex 57.9007 0.000499725 0.0104828
      vertex 57.9007 6.67332 0.0104828
    endloop
  endfacet
  facet normal 0.374386 0 -0.927273
    outer loop
      vertex 57.9007 17.5005 0.0104828
      vertex 57.9019 10.827 0.0109673
      vertex 57.9007 10.8267 0.0104828
    endloop
  endfacet
  facet normal 0.374386 0 -0.927273
    outer loop
      vertex 57.9019 10.827 0.0109673
      vertex 57.9007 17.5005 0.0104828
      vertex 57.9019 17.5005 0.0109673
    endloop
  endfacet
  facet normal 0.369253 0 -0.929329
    outer loop
      vertex 57.8995 0.000499725 0.010006
      vertex 57.9007 6.67332 0.0104828
      vertex 57.9007 0.000499725 0.0104828
    endloop
  endfacet
  facet normal 0.369253 0 -0.929329
    outer loop
      vertex 57.9007 6.67332 0.0104828
      vertex 57.8995 0.000499725 0.010006
      vertex 57.8995 6.67368 0.010006
    endloop
  endfacet
  facet normal 0.369253 0 -0.929329
    outer loop
      vertex 57.8995 17.5005 0.010006
      vertex 57.9007 10.8267 0.0104828
      vertex 57.8995 10.8263 0.010006
    endloop
  endfacet
  facet normal 0.369253 0 -0.929329
    outer loop
      vertex 57.9007 10.8267 0.0104828
      vertex 57.8995 17.5005 0.010006
      vertex 57.9007 17.5005 0.0104828
    endloop
  endfacet
  facet normal 0.359684 0 -0.933074
    outer loop
      vertex 57.8983 0.000499725 0.00954342
      vertex 57.8995 6.67368 0.010006
      vertex 57.8995 0.000499725 0.010006
    endloop
  endfacet
  facet normal 0.359684 0 -0.933074
    outer loop
      vertex 57.8995 6.67368 0.010006
      vertex 57.8983 0.000499725 0.00954342
      vertex 57.8983 6.67404 0.00954342
    endloop
  endfacet
  facet normal 0.359684 0 -0.933074
    outer loop
      vertex 57.8983 17.5005 0.00954342
      vertex 57.8995 10.8263 0.010006
      vertex 57.8983 10.826 0.00954342
    endloop
  endfacet
  facet normal 0.359684 0 -0.933074
    outer loop
      vertex 57.8995 10.8263 0.010006
      vertex 57.8983 17.5005 0.00954342
      vertex 57.8995 17.5005 0.010006
    endloop
  endfacet
  facet normal 0.353821 0 -0.935313
    outer loop
      vertex 57.8971 0.000499725 0.00908947
      vertex 57.8983 6.67404 0.00954342
      vertex 57.8983 0.000499725 0.00954342
    endloop
  endfacet
  facet normal 0.353821 0 -0.935313
    outer loop
      vertex 57.8983 6.67404 0.00954342
      vertex 57.8971 0.000499725 0.00908947
      vertex 57.8971 6.67442 0.00908947
    endloop
  endfacet
  facet normal 0.353821 0 -0.935313
    outer loop
      vertex 57.8971 17.5005 0.00908947
      vertex 57.8983 10.826 0.00954342
      vertex 57.8971 10.8256 0.00908947
    endloop
  endfacet
  facet normal 0.353821 0 -0.935313
    outer loop
      vertex 57.8983 10.826 0.00954342
      vertex 57.8971 17.5005 0.00908947
      vertex 57.8983 17.5005 0.00954342
    endloop
  endfacet
  facet normal 0.325337 0 -0.945598
    outer loop
      vertex 57.8958 0.000499725 0.0086422
      vertex 57.8971 6.67442 0.00908947
      vertex 57.8971 0.000499725 0.00908947
    endloop
  endfacet
  facet normal 0.325337 0 -0.945598
    outer loop
      vertex 57.8971 6.67442 0.00908947
      vertex 57.8958 0.000499725 0.0086422
      vertex 57.8958 6.6748 0.0086422
    endloop
  endfacet
  facet normal 0.325337 0 -0.945598
    outer loop
      vertex 57.8958 17.5005 0.0086422
      vertex 57.8971 10.8256 0.00908947
      vertex 57.8958 10.8252 0.0086422
    endloop
  endfacet
  facet normal 0.325337 0 -0.945598
    outer loop
      vertex 57.8971 10.8256 0.00908947
      vertex 57.8958 17.5005 0.0086422
      vertex 57.8971 17.5005 0.00908947
    endloop
  endfacet
  facet normal 0.338733 0 -0.940882
    outer loop
      vertex 57.8946 0.000499725 0.00821018
      vertex 57.8958 6.6748 0.0086422
      vertex 57.8958 0.000499725 0.0086422
    endloop
  endfacet
  facet normal 0.338733 0 -0.940882
    outer loop
      vertex 57.8958 6.6748 0.0086422
      vertex 57.8946 0.000499725 0.00821018
      vertex 57.8946 6.67519 0.00821018
    endloop
  endfacet
  facet normal 0.338733 0 -0.940882
    outer loop
      vertex 57.8946 17.5005 0.00821018
      vertex 57.8958 10.8252 0.0086422
      vertex 57.8946 10.8248 0.00821018
    endloop
  endfacet
  facet normal 0.338733 0 -0.940882
    outer loop
      vertex 57.8958 10.8252 0.0086422
      vertex 57.8946 17.5005 0.00821018
      vertex 57.8958 17.5005 0.0086422
    endloop
  endfacet
  facet normal 0.328744 0 -0.944419
    outer loop
      vertex 57.8934 0.000499725 0.00779247
      vertex 57.8946 6.67519 0.00821018
      vertex 57.8946 0.000499725 0.00821018
    endloop
  endfacet
  facet normal 0.328744 0 -0.944419
    outer loop
      vertex 57.8946 6.67519 0.00821018
      vertex 57.8934 0.000499725 0.00779247
      vertex 57.8934 6.6756 0.00779247
    endloop
  endfacet
  facet normal 0.328744 0 -0.944419
    outer loop
      vertex 57.8934 17.5005 0.00779247
      vertex 57.8946 10.8248 0.00821018
      vertex 57.8934 10.8244 0.00779247
    endloop
  endfacet
  facet normal 0.328744 0 -0.944419
    outer loop
      vertex 57.8946 10.8248 0.00821018
      vertex 57.8934 17.5005 0.00779247
      vertex 57.8946 17.5005 0.00821018
    endloop
  endfacet
  facet normal 0.300193 0 -0.953879
    outer loop
      vertex 57.8921 0.000499725 0.00738335
      vertex 57.8934 6.6756 0.00779247
      vertex 57.8934 0.000499725 0.00779247
    endloop
  endfacet
  facet normal 0.300193 0 -0.953879
    outer loop
      vertex 57.8934 6.6756 0.00779247
      vertex 57.8921 0.000499725 0.00738335
      vertex 57.8921 6.67601 0.00738335
    endloop
  endfacet
  facet normal 0.300193 0 -0.953879
    outer loop
      vertex 57.8921 17.5005 0.00738335
      vertex 57.8934 10.8244 0.00779247
      vertex 57.8921 10.824 0.00738335
    endloop
  endfacet
  facet normal 0.300193 0 -0.953879
    outer loop
      vertex 57.8934 10.8244 0.00779247
      vertex 57.8921 17.5005 0.00738335
      vertex 57.8934 17.5005 0.00779247
    endloop
  endfacet
  facet normal 0.317969 0 -0.948101
    outer loop
      vertex 57.8909 0.000499725 0.0069809
      vertex 57.8921 6.67601 0.00738335
      vertex 57.8921 0.000499725 0.00738335
    endloop
  endfacet
  facet normal 0.317969 0 -0.948101
    outer loop
      vertex 57.8921 6.67601 0.00738335
      vertex 57.8909 0.000499725 0.0069809
      vertex 57.8909 6.67643 0.0069809
    endloop
  endfacet
  facet normal 0.317969 0 -0.948101
    outer loop
      vertex 57.8909 17.5005 0.0069809
      vertex 57.8921 10.824 0.00738335
      vertex 57.8909 10.8236 0.0069809
    endloop
  endfacet
  facet normal 0.317969 0 -0.948101
    outer loop
      vertex 57.8921 10.824 0.00738335
      vertex 57.8909 17.5005 0.0069809
      vertex 57.8921 17.5005 0.00738335
    endloop
  endfacet
  facet normal 0.285454 0 -0.958393
    outer loop
      vertex 57.8896 0.000499725 0.0065937
      vertex 57.8909 6.67643 0.0069809
      vertex 57.8909 0.000499725 0.0069809
    endloop
  endfacet
  facet normal 0.285454 0 -0.958393
    outer loop
      vertex 57.8909 6.67643 0.0069809
      vertex 57.8896 0.000499725 0.0065937
      vertex 57.8896 6.67685 0.0065937
    endloop
  endfacet
  facet normal 0.285454 0 -0.958393
    outer loop
      vertex 57.8896 17.5005 0.0065937
      vertex 57.8909 10.8236 0.0069809
      vertex 57.8896 10.8231 0.0065937
    endloop
  endfacet
  facet normal 0.285454 0 -0.958393
    outer loop
      vertex 57.8909 10.8236 0.0069809
      vertex 57.8896 17.5005 0.0065937
      vertex 57.8909 17.5005 0.0069809
    endloop
  endfacet
  facet normal 0.30226 0 -0.953226
    outer loop
      vertex 57.8884 0.000499725 0.00621319
      vertex 57.8896 6.67685 0.0065937
      vertex 57.8896 0.000499725 0.0065937
    endloop
  endfacet
  facet normal 0.30226 0 -0.953226
    outer loop
      vertex 57.8896 6.67685 0.0065937
      vertex 57.8884 0.000499725 0.00621319
      vertex 57.8884 6.67729 0.00621319
    endloop
  endfacet
  facet normal 0.30226 0 -0.953226
    outer loop
      vertex 57.8884 17.5005 0.00621319
      vertex 57.8896 10.8231 0.0065937
      vertex 57.8884 10.8227 0.00621319
    endloop
  endfacet
  facet normal 0.30226 0 -0.953226
    outer loop
      vertex 57.8896 10.8231 0.0065937
      vertex 57.8884 17.5005 0.00621319
      vertex 57.8896 17.5005 0.0065937
    endloop
  endfacet
  facet normal 0.270495 0 -0.962721
    outer loop
      vertex 57.8871 0.000499725 0.00584793
      vertex 57.8884 6.67729 0.00621319
      vertex 57.8884 0.000499725 0.00621319
    endloop
  endfacet
  facet normal 0.270495 0 -0.962721
    outer loop
      vertex 57.8884 6.67729 0.00621319
      vertex 57.8871 0.000499725 0.00584793
      vertex 57.8871 6.67773 0.00584793
    endloop
  endfacet
  facet normal 0.270495 0 -0.962721
    outer loop
      vertex 57.8871 17.5005 0.00584793
      vertex 57.8884 10.8227 0.00621319
      vertex 57.8871 10.8223 0.00584793
    endloop
  endfacet
  facet normal 0.270495 0 -0.962721
    outer loop
      vertex 57.8884 10.8227 0.00621319
      vertex 57.8871 17.5005 0.00584793
      vertex 57.8884 17.5005 0.00621319
    endloop
  endfacet
  facet normal 0.285611 0 -0.958346
    outer loop
      vertex 57.8859 0.000499725 0.0054903
      vertex 57.8871 6.67773 0.00584793
      vertex 57.8871 0.000499725 0.00584793
    endloop
  endfacet
  facet normal 0.285611 0 -0.958346
    outer loop
      vertex 57.8871 6.67773 0.00584793
      vertex 57.8859 0.000499725 0.0054903
      vertex 57.8859 6.67818 0.0054903
    endloop
  endfacet
  facet normal 0.285611 0 -0.958346
    outer loop
      vertex 57.8859 17.5005 0.0054903
      vertex 57.8871 10.8223 0.00584793
      vertex 57.8859 10.8218 0.0054903
    endloop
  endfacet
  facet normal 0.285611 0 -0.958346
    outer loop
      vertex 57.8871 10.8223 0.00584793
      vertex 57.8859 17.5005 0.0054903
      vertex 57.8871 17.5005 0.00584793
    endloop
  endfacet
  facet normal 0.254677 0 -0.967026
    outer loop
      vertex 57.8846 0.000499725 0.00514793
      vertex 57.8859 6.67818 0.0054903
      vertex 57.8859 0.000499725 0.0054903
    endloop
  endfacet
  facet normal 0.254677 0 -0.967026
    outer loop
      vertex 57.8859 6.67818 0.0054903
      vertex 57.8846 0.000499725 0.00514793
      vertex 57.8846 6.67865 0.00514793
    endloop
  endfacet
  facet normal 0.254677 0 -0.967026
    outer loop
      vertex 57.8846 17.5005 0.00514793
      vertex 57.8859 10.8218 0.0054903
      vertex 57.8846 10.8214 0.00514793
    endloop
  endfacet
  facet normal 0.254677 0 -0.967026
    outer loop
      vertex 57.8859 10.8218 0.0054903
      vertex 57.8846 17.5005 0.00514793
      vertex 57.8859 17.5005 0.0054903
    endloop
  endfacet
  facet normal 0.250022 0 -0.96824
    outer loop
      vertex 57.8833 0.000499725 0.00481224
      vertex 57.8846 6.67865 0.00514793
      vertex 57.8846 0.000499725 0.00514793
    endloop
  endfacet
  facet normal 0.250022 0 -0.96824
    outer loop
      vertex 57.8846 6.67865 0.00514793
      vertex 57.8833 0.000499725 0.00481224
      vertex 57.8833 6.67912 0.00481224
    endloop
  endfacet
  facet normal 0.250022 0 -0.96824
    outer loop
      vertex 57.8833 17.5005 0.00481224
      vertex 57.8846 10.8214 0.00514793
      vertex 57.8833 10.8209 0.00481224
    endloop
  endfacet
  facet normal 0.250022 0 -0.96824
    outer loop
      vertex 57.8846 10.8214 0.00514793
      vertex 57.8833 17.5005 0.00481224
      vertex 57.8846 17.5005 0.00514793
    endloop
  endfacet
  facet normal 0.262996 0 -0.964797
    outer loop
      vertex 57.8821 0.000499725 0.00448513
      vertex 57.8833 6.67912 0.00481224
      vertex 57.8833 0.000499725 0.00481224
    endloop
  endfacet
  facet normal 0.262996 0 -0.964797
    outer loop
      vertex 57.8833 6.67912 0.00481224
      vertex 57.8821 0.000499725 0.00448513
      vertex 57.8821 6.67959 0.00448513
    endloop
  endfacet
  facet normal 0.262996 0 -0.964797
    outer loop
      vertex 57.8821 17.5005 0.00448513
      vertex 57.8833 10.8209 0.00481224
      vertex 57.8821 10.8204 0.00448513
    endloop
  endfacet
  facet normal 0.262996 0 -0.964797
    outer loop
      vertex 57.8833 10.8209 0.00481224
      vertex 57.8821 17.5005 0.00448513
      vertex 57.8833 17.5005 0.00481224
    endloop
  endfacet
  facet normal 0.229215 0 -0.973376
    outer loop
      vertex 57.8808 0.000499725 0.004179
      vertex 57.8821 6.67959 0.00448513
      vertex 57.8821 0.000499725 0.00448513
    endloop
  endfacet
  facet normal 0.229215 0 -0.973376
    outer loop
      vertex 57.8821 6.67959 0.00448513
      vertex 57.8808 0.000499725 0.004179
      vertex 57.8808 6.68008 0.004179
    endloop
  endfacet
  facet normal 0.229215 0 -0.973376
    outer loop
      vertex 57.8808 17.5005 0.004179
      vertex 57.8821 10.8204 0.00448513
      vertex 57.8808 10.8199 0.004179
    endloop
  endfacet
  facet normal 0.229215 0 -0.973376
    outer loop
      vertex 57.8821 10.8204 0.00448513
      vertex 57.8808 17.5005 0.004179
      vertex 57.8821 17.5005 0.00448513
    endloop
  endfacet
  facet normal 0.228534 0 -0.973536
    outer loop
      vertex 57.8795 0.000499725 0.00387383
      vertex 57.8808 6.68008 0.004179
      vertex 57.8808 0.000499725 0.004179
    endloop
  endfacet
  facet normal 0.228534 0 -0.973536
    outer loop
      vertex 57.8808 6.68008 0.004179
      vertex 57.8795 0.000499725 0.00387383
      vertex 57.8795 6.68057 0.00387383
    endloop
  endfacet
  facet normal 0.228534 0 -0.973536
    outer loop
      vertex 57.8795 17.5005 0.00387383
      vertex 57.8808 10.8199 0.004179
      vertex 57.8795 10.8194 0.00387383
    endloop
  endfacet
  facet normal 0.228534 0 -0.973536
    outer loop
      vertex 57.8808 10.8199 0.004179
      vertex 57.8795 17.5005 0.00387383
      vertex 57.8808 17.5005 0.004179
    endloop
  endfacet
  facet normal 0.218355 0 -0.97587
    outer loop
      vertex 57.8782 0.000499725 0.00358295
      vertex 57.8795 6.68057 0.00387383
      vertex 57.8795 0.000499725 0.00387383
    endloop
  endfacet
  facet normal 0.218355 0 -0.97587
    outer loop
      vertex 57.8795 6.68057 0.00387383
      vertex 57.8782 0.000499725 0.00358295
      vertex 57.8782 6.68108 0.00358295
    endloop
  endfacet
  facet normal 0.218355 0 -0.97587
    outer loop
      vertex 57.8782 17.5005 0.00358295
      vertex 57.8795 10.8194 0.00387383
      vertex 57.8782 10.8189 0.00358295
    endloop
  endfacet
  facet normal 0.218355 0 -0.97587
    outer loop
      vertex 57.8795 10.8194 0.00387383
      vertex 57.8782 17.5005 0.00358295
      vertex 57.8795 17.5005 0.00387383
    endloop
  endfacet
  facet normal 0.223847 0 -0.974624
    outer loop
      vertex 57.877 0.000499725 0.00330734
      vertex 57.8782 6.68108 0.00358295
      vertex 57.8782 0.000499725 0.00358295
    endloop
  endfacet
  facet normal 0.223847 0 -0.974624
    outer loop
      vertex 57.8782 6.68108 0.00358295
      vertex 57.877 0.000499725 0.00330734
      vertex 57.877 6.68159 0.00330734
    endloop
  endfacet
  facet normal 0.223847 0 -0.974624
    outer loop
      vertex 57.877 17.5005 0.00330734
      vertex 57.8782 10.8189 0.00358295
      vertex 57.877 10.8184 0.00330734
    endloop
  endfacet
  facet normal 0.223847 0 -0.974624
    outer loop
      vertex 57.8782 10.8189 0.00358295
      vertex 57.877 17.5005 0.00330734
      vertex 57.8782 17.5005 0.00358295
    endloop
  endfacet
  facet normal 0.201894 0 -0.979407
    outer loop
      vertex 57.8757 0.000499725 0.00303936
      vertex 57.877 6.68159 0.00330734
      vertex 57.877 0.000499725 0.00330734
    endloop
  endfacet
  facet normal 0.201894 0 -0.979407
    outer loop
      vertex 57.877 6.68159 0.00330734
      vertex 57.8757 0.000499725 0.00303936
      vertex 57.8757 6.68211 0.00303936
    endloop
  endfacet
  facet normal 0.201894 0 -0.979407
    outer loop
      vertex 57.8757 17.5005 0.00303936
      vertex 57.877 10.8184 0.00330734
      vertex 57.8757 10.8179 0.00303936
    endloop
  endfacet
  facet normal 0.201894 0 -0.979407
    outer loop
      vertex 57.877 10.8184 0.00330734
      vertex 57.8757 17.5005 0.00303936
      vertex 57.877 17.5005 0.00330734
    endloop
  endfacet
  facet normal 0.191526 0 -0.981488
    outer loop
      vertex 57.8744 0.000499725 0.00278568
      vertex 57.8757 6.68211 0.00303936
      vertex 57.8757 0.000499725 0.00303936
    endloop
  endfacet
  facet normal 0.191526 0 -0.981488
    outer loop
      vertex 57.8757 6.68211 0.00303936
      vertex 57.8744 0.000499725 0.00278568
      vertex 57.8744 6.68264 0.00278568
    endloop
  endfacet
  facet normal 0.191526 0 -0.981488
    outer loop
      vertex 57.8744 17.5005 0.00278568
      vertex 57.8757 10.8179 0.00303936
      vertex 57.8744 10.8174 0.00278568
    endloop
  endfacet
  facet normal 0.191526 0 -0.981488
    outer loop
      vertex 57.8757 10.8179 0.00303936
      vertex 57.8744 17.5005 0.00278568
      vertex 57.8757 17.5005 0.00303936
    endloop
  endfacet
  facet normal 0.185267 0 -0.982688
    outer loop
      vertex 57.8731 0.000499725 0.00254059
      vertex 57.8744 6.68264 0.00278568
      vertex 57.8744 0.000499725 0.00278568
    endloop
  endfacet
  facet normal 0.185267 0 -0.982688
    outer loop
      vertex 57.8744 6.68264 0.00278568
      vertex 57.8731 0.000499725 0.00254059
      vertex 57.8731 6.68318 0.00254059
    endloop
  endfacet
  facet normal 0.185267 0 -0.982688
    outer loop
      vertex 57.8731 17.5005 0.00254059
      vertex 57.8744 10.8174 0.00278568
      vertex 57.8731 10.8168 0.00254059
    endloop
  endfacet
  facet normal 0.185267 0 -0.982688
    outer loop
      vertex 57.8744 10.8174 0.00278568
      vertex 57.8731 17.5005 0.00254059
      vertex 57.8744 17.5005 0.00278568
    endloop
  endfacet
  facet normal 0.180391 0 -0.983595
    outer loop
      vertex 57.8718 0.000499725 0.00230217
      vertex 57.8731 6.68318 0.00254059
      vertex 57.8731 0.000499725 0.00254059
    endloop
  endfacet
  facet normal 0.180391 0 -0.983595
    outer loop
      vertex 57.8731 6.68318 0.00254059
      vertex 57.8718 0.000499725 0.00230217
      vertex 57.8718 6.68372 0.00230217
    endloop
  endfacet
  facet normal 0.180391 0 -0.983595
    outer loop
      vertex 57.8718 17.5005 0.00230217
      vertex 57.8731 10.8168 0.00254059
      vertex 57.8718 10.8163 0.00230217
    endloop
  endfacet
  facet normal 0.180391 0 -0.983595
    outer loop
      vertex 57.8731 10.8168 0.00254059
      vertex 57.8718 17.5005 0.00230217
      vertex 57.8731 17.5005 0.00254059
    endloop
  endfacet
  facet normal 0.169886 0 -0.985464
    outer loop
      vertex 57.8705 0.000499725 0.00207806
      vertex 57.8718 6.68372 0.00230217
      vertex 57.8718 0.000499725 0.00230217
    endloop
  endfacet
  facet normal 0.169886 0 -0.985464
    outer loop
      vertex 57.8718 6.68372 0.00230217
      vertex 57.8705 0.000499725 0.00207806
      vertex 57.8705 6.68427 0.00207806
    endloop
  endfacet
  facet normal 0.169886 0 -0.985464
    outer loop
      vertex 57.8705 17.5005 0.00207806
      vertex 57.8718 10.8163 0.00230217
      vertex 57.8705 10.8157 0.00207806
    endloop
  endfacet
  facet normal 0.169886 0 -0.985464
    outer loop
      vertex 57.8718 10.8163 0.00230217
      vertex 57.8705 17.5005 0.00207806
      vertex 57.8718 17.5005 0.00230217
    endloop
  endfacet
  facet normal 0.158627 0 -0.987339
    outer loop
      vertex 57.8692 0.000499725 0.0018692
      vertex 57.8705 6.68427 0.00207806
      vertex 57.8705 0.000499725 0.00207806
    endloop
  endfacet
  facet normal 0.158627 0 -0.987339
    outer loop
      vertex 57.8705 6.68427 0.00207806
      vertex 57.8692 0.000499725 0.0018692
      vertex 57.8692 6.68483 0.0018692
    endloop
  endfacet
  facet normal 0.158627 0 -0.987339
    outer loop
      vertex 57.8692 17.5005 0.0018692
      vertex 57.8705 10.8157 0.00207806
      vertex 57.8692 10.8152 0.0018692
    endloop
  endfacet
  facet normal 0.158627 0 -0.987339
    outer loop
      vertex 57.8705 10.8157 0.00207806
      vertex 57.8692 17.5005 0.0018692
      vertex 57.8705 17.5005 0.00207806
    endloop
  endfacet
  facet normal 0.164615 0 -0.986358
    outer loop
      vertex 57.868 0.000499725 0.00166893
      vertex 57.8692 6.68483 0.0018692
      vertex 57.8692 0.000499725 0.0018692
    endloop
  endfacet
  facet normal 0.164615 0 -0.986358
    outer loop
      vertex 57.8692 6.68483 0.0018692
      vertex 57.868 0.000499725 0.00166893
      vertex 57.868 6.6854 0.00166893
    endloop
  endfacet
  facet normal 0.164615 0 -0.986358
    outer loop
      vertex 57.868 17.5005 0.00166893
      vertex 57.8692 10.8152 0.0018692
      vertex 57.868 10.8146 0.00166893
    endloop
  endfacet
  facet normal 0.164615 0 -0.986358
    outer loop
      vertex 57.8692 10.8152 0.0018692
      vertex 57.868 17.5005 0.00166893
      vertex 57.8692 17.5005 0.0018692
    endloop
  endfacet
  facet normal 0.142321 0 -0.989821
    outer loop
      vertex 57.8667 0.000499725 0.00148201
      vertex 57.868 6.6854 0.00166893
      vertex 57.868 0.000499725 0.00166893
    endloop
  endfacet
  facet normal 0.142321 0 -0.989821
    outer loop
      vertex 57.868 6.6854 0.00166893
      vertex 57.8667 0.000499725 0.00148201
      vertex 57.8667 6.68598 0.00148201
    endloop
  endfacet
  facet normal 0.142321 0 -0.989821
    outer loop
      vertex 57.8667 17.5005 0.00148201
      vertex 57.868 10.8146 0.00166893
      vertex 57.8667 10.814 0.00148201
    endloop
  endfacet
  facet normal 0.142321 0 -0.989821
    outer loop
      vertex 57.868 10.8146 0.00166893
      vertex 57.8667 17.5005 0.00148201
      vertex 57.868 17.5005 0.00166893
    endloop
  endfacet
  facet normal 0.135912 0 -0.990721
    outer loop
      vertex 57.8654 0.000499725 0.00130367
      vertex 57.8667 6.68598 0.00148201
      vertex 57.8667 0.000499725 0.00148201
    endloop
  endfacet
  facet normal 0.135912 0 -0.990721
    outer loop
      vertex 57.8667 6.68598 0.00148201
      vertex 57.8654 0.000499725 0.00130367
      vertex 57.8654 6.68656 0.00130367
    endloop
  endfacet
  facet normal 0.135912 0 -0.990721
    outer loop
      vertex 57.8654 17.5005 0.00130367
      vertex 57.8667 10.814 0.00148201
      vertex 57.8654 10.8134 0.00130367
    endloop
  endfacet
  facet normal 0.135912 0 -0.990721
    outer loop
      vertex 57.8667 10.814 0.00148201
      vertex 57.8654 17.5005 0.00130367
      vertex 57.8667 17.5005 0.00148201
    endloop
  endfacet
  facet normal 0.125184 0 -0.992133
    outer loop
      vertex 57.8641 0.000499725 0.00113964
      vertex 57.8654 6.68656 0.00130367
      vertex 57.8654 0.000499725 0.00130367
    endloop
  endfacet
  facet normal 0.125184 0 -0.992133
    outer loop
      vertex 57.8654 6.68656 0.00130367
      vertex 57.8641 0.000499725 0.00113964
      vertex 57.8641 6.68715 0.00113964
    endloop
  endfacet
  facet normal 0.125184 0 -0.992133
    outer loop
      vertex 57.8641 17.5005 0.00113964
      vertex 57.8654 10.8134 0.00130367
      vertex 57.8641 10.8128 0.00113964
    endloop
  endfacet
  facet normal 0.125184 0 -0.992133
    outer loop
      vertex 57.8654 10.8134 0.00130367
      vertex 57.8641 17.5005 0.00113964
      vertex 57.8654 17.5005 0.00130367
    endloop
  endfacet
  facet normal 0.119448 0 -0.99284
    outer loop
      vertex 57.8628 0.000499725 0.000983238
      vertex 57.8641 6.68715 0.00113964
      vertex 57.8641 0.000499725 0.00113964
    endloop
  endfacet
  facet normal 0.119448 0 -0.99284
    outer loop
      vertex 57.8641 6.68715 0.00113964
      vertex 57.8628 0.000499725 0.000983238
      vertex 57.8628 6.68775 0.000983238
    endloop
  endfacet
  facet normal 0.119448 0 -0.99284
    outer loop
      vertex 57.8628 17.5005 0.000983238
      vertex 57.8641 10.8128 0.00113964
      vertex 57.8628 10.8122 0.000983238
    endloop
  endfacet
  facet normal 0.119448 0 -0.99284
    outer loop
      vertex 57.8641 10.8128 0.00113964
      vertex 57.8628 17.5005 0.000983238
      vertex 57.8641 17.5005 0.00113964
    endloop
  endfacet
  facet normal 0.113699 0 -0.993515
    outer loop
      vertex 57.8615 0.000499725 0.000834465
      vertex 57.8628 6.68775 0.000983238
      vertex 57.8628 0.000499725 0.000983238
    endloop
  endfacet
  facet normal 0.113699 0 -0.993515
    outer loop
      vertex 57.8628 6.68775 0.000983238
      vertex 57.8615 0.000499725 0.000834465
      vertex 57.8615 6.68835 0.000834465
    endloop
  endfacet
  facet normal 0.113699 0 -0.993515
    outer loop
      vertex 57.8615 17.5005 0.000834465
      vertex 57.8628 10.8122 0.000983238
      vertex 57.8615 10.8116 0.000834465
    endloop
  endfacet
  facet normal 0.113699 0 -0.993515
    outer loop
      vertex 57.8628 10.8122 0.000983238
      vertex 57.8615 17.5005 0.000834465
      vertex 57.8628 17.5005 0.000983238
    endloop
  endfacet
  facet normal 0.0971073 0 -0.995274
    outer loop
      vertex 57.8602 0.000499725 0.000707626
      vertex 57.8615 6.68835 0.000834465
      vertex 57.8615 0.000499725 0.000834465
    endloop
  endfacet
  facet normal 0.0971073 0 -0.995274
    outer loop
      vertex 57.8615 6.68835 0.000834465
      vertex 57.8602 0.000499725 0.000707626
      vertex 57.8602 6.68898 0.000707626
    endloop
  endfacet
  facet normal 0.0971073 0 -0.995274
    outer loop
      vertex 57.8602 17.5005 0.000707626
      vertex 57.8615 10.8116 0.000834465
      vertex 57.8602 10.811 0.000707626
    endloop
  endfacet
  facet normal 0.0971073 0 -0.995274
    outer loop
      vertex 57.8615 10.8116 0.000834465
      vertex 57.8602 17.5005 0.000707626
      vertex 57.8615 17.5005 0.000834465
    endloop
  endfacet
  facet normal 0.0971066 0 -0.995274
    outer loop
      vertex 57.8589 0.000499725 0.000580788
      vertex 57.8602 6.68898 0.000707626
      vertex 57.8602 0.000499725 0.000707626
    endloop
  endfacet
  facet normal 0.0971066 0 -0.995274
    outer loop
      vertex 57.8602 6.68898 0.000707626
      vertex 57.8589 0.000499725 0.000580788
      vertex 57.8589 6.68959 0.000580788
    endloop
  endfacet
  facet normal 0.0971066 0 -0.995274
    outer loop
      vertex 57.8589 17.5005 0.000580788
      vertex 57.8602 10.811 0.000707626
      vertex 57.8589 10.8104 0.000580788
    endloop
  endfacet
  facet normal 0.0971066 0 -0.995274
    outer loop
      vertex 57.8602 10.811 0.000707626
      vertex 57.8589 17.5005 0.000580788
      vertex 57.8602 17.5005 0.000707626
    endloop
  endfacet
  facet normal 0.0797079 0 -0.996818
    outer loop
      vertex 57.8576 0.000499725 0.000476837
      vertex 57.8589 6.68959 0.000580788
      vertex 57.8589 0.000499725 0.000580788
    endloop
  endfacet
  facet normal 0.0797079 0 -0.996818
    outer loop
      vertex 57.8589 6.68959 0.000580788
      vertex 57.8576 0.000499725 0.000476837
      vertex 57.8576 6.69023 0.000476837
    endloop
  endfacet
  facet normal 0.0797079 0 -0.996818
    outer loop
      vertex 57.8576 17.5005 0.000476837
      vertex 57.8589 10.8104 0.000580788
      vertex 57.8576 10.8098 0.000476837
    endloop
  endfacet
  facet normal 0.0797079 0 -0.996818
    outer loop
      vertex 57.8589 10.8104 0.000580788
      vertex 57.8576 17.5005 0.000476837
      vertex 57.8589 17.5005 0.000580788
    endloop
  endfacet
  facet normal 0.0746183 0 -0.997212
    outer loop
      vertex 57.8563 0.000499725 0.000379562
      vertex 57.8576 6.69023 0.000476837
      vertex 57.8576 0.000499725 0.000476837
    endloop
  endfacet
  facet normal 0.0746183 0 -0.997212
    outer loop
      vertex 57.8576 6.69023 0.000476837
      vertex 57.8563 0.000499725 0.000379562
      vertex 57.8563 6.69086 0.000379562
    endloop
  endfacet
  facet normal 0.0746183 0 -0.997212
    outer loop
      vertex 57.8563 17.5005 0.000379562
      vertex 57.8576 10.8098 0.000476837
      vertex 57.8563 10.8091 0.000379562
    endloop
  endfacet
  facet normal 0.0746183 0 -0.997212
    outer loop
      vertex 57.8576 10.8098 0.000476837
      vertex 57.8563 17.5005 0.000379562
      vertex 57.8576 17.5005 0.000476837
    endloop
  endfacet
  facet normal 0.0639013 0 -0.997956
    outer loop
      vertex 57.8549 0.000499725 0.000289917
      vertex 57.8563 6.69086 0.000379562
      vertex 57.8563 0.000499725 0.000379562
    endloop
  endfacet
  facet normal 0.0639013 0 -0.997956
    outer loop
      vertex 57.8563 6.69086 0.000379562
      vertex 57.8549 0.000499725 0.000289917
      vertex 57.8549 6.69151 0.000289917
    endloop
  endfacet
  facet normal 0.0639013 0 -0.997956
    outer loop
      vertex 57.8549 17.5005 0.000289917
      vertex 57.8563 10.8091 0.000379562
      vertex 57.8549 10.8085 0.000289917
    endloop
  endfacet
  facet normal 0.0639013 0 -0.997956
    outer loop
      vertex 57.8563 10.8091 0.000379562
      vertex 57.8549 17.5005 0.000289917
      vertex 57.8563 17.5005 0.000379562
    endloop
  endfacet
  facet normal 0.0571273 0 -0.998367
    outer loop
      vertex 57.8536 0.000499725 0.00021553
      vertex 57.8549 6.69151 0.000289917
      vertex 57.8549 0.000499725 0.000289917
    endloop
  endfacet
  facet normal 0.0571273 0 -0.998367
    outer loop
      vertex 57.8549 6.69151 0.000289917
      vertex 57.8536 0.000499725 0.00021553
      vertex 57.8536 6.69216 0.00021553
    endloop
  endfacet
  facet normal 0.0571273 0 -0.998367
    outer loop
      vertex 57.8536 17.5005 0.00021553
      vertex 57.8549 10.8085 0.000289917
      vertex 57.8536 10.8078 0.00021553
    endloop
  endfacet
  facet normal 0.0571273 0 -0.998367
    outer loop
      vertex 57.8549 10.8085 0.000289917
      vertex 57.8536 17.5005 0.00021553
      vertex 57.8549 17.5005 0.000289917
    endloop
  endfacet
  facet normal 0.051284 0 -0.998684
    outer loop
      vertex 57.8523 0.000499725 0.000148773
      vertex 57.8536 6.69216 0.00021553
      vertex 57.8536 0.000499725 0.00021553
    endloop
  endfacet
  facet normal 0.051284 0 -0.998684
    outer loop
      vertex 57.8536 6.69216 0.00021553
      vertex 57.8523 0.000499725 0.000148773
      vertex 57.8523 6.69282 0.000148773
    endloop
  endfacet
  facet normal 0.051284 0 -0.998684
    outer loop
      vertex 57.8523 17.5005 0.000148773
      vertex 57.8536 10.8078 0.00021553
      vertex 57.8523 10.8072 0.000148773
    endloop
  endfacet
  facet normal 0.051284 0 -0.998684
    outer loop
      vertex 57.8536 10.8078 0.00021553
      vertex 57.8523 17.5005 0.000148773
      vertex 57.8536 17.5005 0.00021553
    endloop
  endfacet
  facet normal 0.0403148 0 -0.999187
    outer loop
      vertex 57.851 0.000499725 9.63211e-05
      vertex 57.8523 6.69282 0.000148773
      vertex 57.8523 0.000499725 0.000148773
    endloop
  endfacet
  facet normal 0.0403148 0 -0.999187
    outer loop
      vertex 57.8523 6.69282 0.000148773
      vertex 57.851 0.000499725 9.63211e-05
      vertex 57.851 6.69349 9.63211e-05
    endloop
  endfacet
  facet normal 0.0403148 0 -0.999187
    outer loop
      vertex 57.851 17.5005 9.63211e-05
      vertex 57.8523 10.8072 0.000148773
      vertex 57.851 10.8065 9.63211e-05
    endloop
  endfacet
  facet normal 0.0403148 0 -0.999187
    outer loop
      vertex 57.8523 10.8072 0.000148773
      vertex 57.851 17.5005 9.63211e-05
      vertex 57.8523 17.5005 0.000148773
    endloop
  endfacet
  facet normal 0.0344585 0 -0.999406
    outer loop
      vertex 57.8497 0.000499725 5.14984e-05
      vertex 57.851 6.69349 9.63211e-05
      vertex 57.851 0.000499725 9.63211e-05
    endloop
  endfacet
  facet normal 0.0344585 0 -0.999406
    outer loop
      vertex 57.851 6.69349 9.63211e-05
      vertex 57.8497 0.000499725 5.14984e-05
      vertex 57.8497 6.69416 5.14984e-05
    endloop
  endfacet
  facet normal 0.0344585 0 -0.999406
    outer loop
      vertex 57.8497 17.5005 5.14984e-05
      vertex 57.851 10.8065 9.63211e-05
      vertex 57.8497 10.8058 5.14984e-05
    endloop
  endfacet
  facet normal 0.0344585 0 -0.999406
    outer loop
      vertex 57.851 10.8065 9.63211e-05
      vertex 57.8497 17.5005 5.14984e-05
      vertex 57.851 17.5005 9.63211e-05
    endloop
  endfacet
  facet normal 0.0227356 0 -0.999742
    outer loop
      vertex 57.8484 0.000499725 2.19345e-05
      vertex 57.8497 6.69416 5.14984e-05
      vertex 57.8497 0.000499725 5.14984e-05
    endloop
  endfacet
  facet normal 0.0227356 0 -0.999742
    outer loop
      vertex 57.8497 6.69416 5.14984e-05
      vertex 57.8484 0.000499725 2.19345e-05
      vertex 57.8484 6.69484 2.19345e-05
    endloop
  endfacet
  facet normal 0.0227356 0 -0.999742
    outer loop
      vertex 57.8484 17.5005 2.19345e-05
      vertex 57.8497 10.8058 5.14984e-05
      vertex 57.8484 10.8052 2.19345e-05
    endloop
  endfacet
  facet normal 0.0227356 0 -0.999742
    outer loop
      vertex 57.8497 10.8058 5.14984e-05
      vertex 57.8484 17.5005 2.19345e-05
      vertex 57.8497 17.5005 5.14984e-05
    endloop
  endfacet
  facet normal 0.0117367 0 -0.999931
    outer loop
      vertex 57.8471 0.000499725 6.67572e-06
      vertex 57.8484 6.69484 2.19345e-05
      vertex 57.8484 0.000499725 2.19345e-05
    endloop
  endfacet
  facet normal 0.0117367 0 -0.999931
    outer loop
      vertex 57.8484 6.69484 2.19345e-05
      vertex 57.8471 0.000499725 6.67572e-06
      vertex 57.8471 6.69553 6.67572e-06
    endloop
  endfacet
  facet normal 0.0117367 0 -0.999931
    outer loop
      vertex 57.8471 17.5005 6.67572e-06
      vertex 57.8484 10.8052 2.19345e-05
      vertex 57.8471 10.8045 6.67572e-06
    endloop
  endfacet
  facet normal 0.0117367 0 -0.999931
    outer loop
      vertex 57.8484 10.8052 2.19345e-05
      vertex 57.8471 17.5005 6.67572e-06
      vertex 57.8484 17.5005 2.19345e-05
    endloop
  endfacet
  facet normal 0.0051351 0 -0.999987
    outer loop
      vertex 57.8458 0.000499725 0
      vertex 57.8471 6.69553 6.67572e-06
      vertex 57.8471 0.000499725 6.67572e-06
    endloop
  endfacet
  facet normal 0.0051351 0 -0.999987
    outer loop
      vertex 57.8471 6.69553 6.67572e-06
      vertex 57.8458 0.000499725 0
      vertex 57.8458 6.69623 0
    endloop
  endfacet
  facet normal 0.0051351 0 -0.999987
    outer loop
      vertex 57.8458 17.5005 0
      vertex 57.8471 10.8045 6.67572e-06
      vertex 57.8458 10.8038 0
    endloop
  endfacet
  facet normal 0.0051351 0 -0.999987
    outer loop
      vertex 57.8471 10.8045 6.67572e-06
      vertex 57.8458 17.5005 0
      vertex 57.8471 17.5005 6.67572e-06
    endloop
  endfacet
  facet normal -0.0051351 0 -0.999987
    outer loop
      vertex 57.8445 0.000499725 6.67572e-06
      vertex 57.8458 6.69623 0
      vertex 57.8458 0.000499725 0
    endloop
  endfacet
  facet normal -0.0051351 0 -0.999987
    outer loop
      vertex 57.8458 6.69623 0
      vertex 57.8445 0.000499725 6.67572e-06
      vertex 57.8445 6.69693 6.67572e-06
    endloop
  endfacet
  facet normal -0.0051351 -0 -0.999987
    outer loop
      vertex 57.8445 17.5005 6.67572e-06
      vertex 57.8458 10.8038 0
      vertex 57.8445 10.8031 6.67572e-06
    endloop
  endfacet
  facet normal -0.0051351 0 -0.999987
    outer loop
      vertex 57.8458 10.8038 0
      vertex 57.8445 17.5005 6.67572e-06
      vertex 57.8458 17.5005 0
    endloop
  endfacet
  facet normal -0.0117367 0 -0.999931
    outer loop
      vertex 57.8432 0.000499725 2.19345e-05
      vertex 57.8445 6.69693 6.67572e-06
      vertex 57.8445 0.000499725 6.67572e-06
    endloop
  endfacet
  facet normal -0.0117367 0 -0.999931
    outer loop
      vertex 57.8445 6.69693 6.67572e-06
      vertex 57.8432 0.000499725 2.19345e-05
      vertex 57.8432 6.69765 2.19345e-05
    endloop
  endfacet
  facet normal -0.0117367 -0 -0.999931
    outer loop
      vertex 57.8432 17.5005 2.19345e-05
      vertex 57.8445 10.8031 6.67572e-06
      vertex 57.8432 10.8024 2.19345e-05
    endloop
  endfacet
  facet normal -0.0117367 0 -0.999931
    outer loop
      vertex 57.8445 10.8031 6.67572e-06
      vertex 57.8432 17.5005 2.19345e-05
      vertex 57.8445 17.5005 6.67572e-06
    endloop
  endfacet
  facet normal -0.0168703 0 -0.999858
    outer loop
      vertex 57.8419 0.000499725 4.3869e-05
      vertex 57.8432 6.69765 2.19345e-05
      vertex 57.8432 0.000499725 2.19345e-05
    endloop
  endfacet
  facet normal -0.0168703 0 -0.999858
    outer loop
      vertex 57.8432 6.69765 2.19345e-05
      vertex 57.8419 0.000499725 4.3869e-05
      vertex 57.8419 6.69836 4.3869e-05
    endloop
  endfacet
  facet normal -0.0168703 -0 -0.999858
    outer loop
      vertex 57.8419 17.5005 4.3869e-05
      vertex 57.8432 10.8024 2.19345e-05
      vertex 57.8419 10.8016 4.3869e-05
    endloop
  endfacet
  facet normal -0.0168703 0 -0.999858
    outer loop
      vertex 57.8432 10.8024 2.19345e-05
      vertex 57.8419 17.5005 4.3869e-05
      vertex 57.8432 17.5005 2.19345e-05
    endloop
  endfacet
  facet normal -0.0344585 0 -0.999406
    outer loop
      vertex 57.8406 0.000499725 8.86917e-05
      vertex 57.8419 6.69836 4.3869e-05
      vertex 57.8419 0.000499725 4.3869e-05
    endloop
  endfacet
  facet normal -0.0344585 0 -0.999406
    outer loop
      vertex 57.8419 6.69836 4.3869e-05
      vertex 57.8406 0.000499725 8.86917e-05
      vertex 57.8406 6.69909 8.86917e-05
    endloop
  endfacet
  facet normal -0.0344585 -0 -0.999406
    outer loop
      vertex 57.8406 17.5005 8.86917e-05
      vertex 57.8419 10.8016 4.3869e-05
      vertex 57.8406 10.8009 8.86917e-05
    endloop
  endfacet
  facet normal -0.0344585 0 -0.999406
    outer loop
      vertex 57.8419 10.8016 4.3869e-05
      vertex 57.8406 17.5005 8.86917e-05
      vertex 57.8419 17.5005 4.3869e-05
    endloop
  endfacet
  facet normal -0.0344582 0 -0.999406
    outer loop
      vertex 57.8393 0.000499725 0.000133514
      vertex 57.8406 6.69909 8.86917e-05
      vertex 57.8406 0.000499725 8.86917e-05
    endloop
  endfacet
  facet normal -0.0344582 0 -0.999406
    outer loop
      vertex 57.8406 6.69909 8.86917e-05
      vertex 57.8393 0.000499725 0.000133514
      vertex 57.8393 6.69982 0.000133514
    endloop
  endfacet
  facet normal -0.0344582 -0 -0.999406
    outer loop
      vertex 57.8393 17.5005 0.000133514
      vertex 57.8406 10.8009 8.86917e-05
      vertex 57.8393 10.8002 0.000133514
    endloop
  endfacet
  facet normal -0.0344582 0 -0.999406
    outer loop
      vertex 57.8406 10.8009 8.86917e-05
      vertex 57.8393 17.5005 0.000133514
      vertex 57.8406 17.5005 8.86917e-05
    endloop
  endfacet
  facet normal -0.0461676 0 -0.998934
    outer loop
      vertex 57.838 0.000499725 0.000193596
      vertex 57.8393 6.69982 0.000133514
      vertex 57.8393 0.000499725 0.000133514
    endloop
  endfacet
  facet normal -0.0461676 0 -0.998934
    outer loop
      vertex 57.8393 6.69982 0.000133514
      vertex 57.838 0.000499725 0.000193596
      vertex 57.838 6.70055 0.000193596
    endloop
  endfacet
  facet normal -0.0461676 -0 -0.998934
    outer loop
      vertex 57.838 17.5005 0.000193596
      vertex 57.8393 10.8002 0.000133514
      vertex 57.838 10.7994 0.000193596
    endloop
  endfacet
  facet normal -0.0461676 0 -0.998934
    outer loop
      vertex 57.8393 10.8002 0.000133514
      vertex 57.838 17.5005 0.000193596
      vertex 57.8393 17.5005 0.000133514
    endloop
  endfacet
  facet normal -0.053058 0 -0.998591
    outer loop
      vertex 57.8366 0.000499725 0.000267982
      vertex 57.838 6.70055 0.000193596
      vertex 57.838 0.000499725 0.000193596
    endloop
  endfacet
  facet normal -0.053058 0 -0.998591
    outer loop
      vertex 57.838 6.70055 0.000193596
      vertex 57.8366 0.000499725 0.000267982
      vertex 57.8366 6.7013 0.000267982
    endloop
  endfacet
  facet normal -0.053058 -0 -0.998591
    outer loop
      vertex 57.8366 17.5005 0.000267982
      vertex 57.838 10.7994 0.000193596
      vertex 57.8366 10.7987 0.000267982
    endloop
  endfacet
  facet normal -0.053058 0 -0.998591
    outer loop
      vertex 57.838 10.7994 0.000193596
      vertex 57.8366 17.5005 0.000267982
      vertex 57.838 17.5005 0.000193596
    endloop
  endfacet
  facet normal -0.062964 0 -0.998016
    outer loop
      vertex 57.8353 0.000499725 0.000349998
      vertex 57.8366 6.7013 0.000267982
      vertex 57.8366 0.000499725 0.000267982
    endloop
  endfacet
  facet normal -0.062964 0 -0.998016
    outer loop
      vertex 57.8366 6.7013 0.000267982
      vertex 57.8353 0.000499725 0.000349998
      vertex 57.8353 6.70205 0.000349998
    endloop
  endfacet
  facet normal -0.062964 -0 -0.998016
    outer loop
      vertex 57.8353 17.5005 0.000349998
      vertex 57.8366 10.7987 0.000267982
      vertex 57.8353 10.798 0.000349998
    endloop
  endfacet
  facet normal -0.062964 0 -0.998016
    outer loop
      vertex 57.8366 10.7987 0.000267982
      vertex 57.8353 17.5005 0.000349998
      vertex 57.8366 17.5005 0.000267982
    endloop
  endfacet
  facet normal -0.0738913 0 -0.997266
    outer loop
      vertex 57.834 0.000499725 0.00044632
      vertex 57.8353 6.70205 0.000349998
      vertex 57.8353 0.000499725 0.000349998
    endloop
  endfacet
  facet normal -0.0738913 0 -0.997266
    outer loop
      vertex 57.8353 6.70205 0.000349998
      vertex 57.834 0.000499725 0.00044632
      vertex 57.834 6.70281 0.00044632
    endloop
  endfacet
  facet normal -0.0738913 -0 -0.997266
    outer loop
      vertex 57.834 17.5005 0.00044632
      vertex 57.8353 10.798 0.000349998
      vertex 57.834 10.7972 0.00044632
    endloop
  endfacet
  facet normal -0.0738913 0 -0.997266
    outer loop
      vertex 57.8353 10.798 0.000349998
      vertex 57.834 17.5005 0.00044632
      vertex 57.8353 17.5005 0.000349998
    endloop
  endfacet
  facet normal -0.0855156 0 -0.996337
    outer loop
      vertex 57.8327 0.000499725 0.000557899
      vertex 57.834 6.70281 0.00044632
      vertex 57.834 0.000499725 0.00044632
    endloop
  endfacet
  facet normal -0.0855156 0 -0.996337
    outer loop
      vertex 57.834 6.70281 0.00044632
      vertex 57.8327 0.000499725 0.000557899
      vertex 57.8327 6.70358 0.000557899
    endloop
  endfacet
  facet normal -0.0855156 -0 -0.996337
    outer loop
      vertex 57.8327 17.5005 0.000557899
      vertex 57.834 10.7972 0.00044632
      vertex 57.8327 10.7964 0.000557899
    endloop
  endfacet
  facet normal -0.0855156 0 -0.996337
    outer loop
      vertex 57.834 10.7972 0.00044632
      vertex 57.8327 17.5005 0.000557899
      vertex 57.834 17.5005 0.00044632
    endloop
  endfacet
  facet normal -0.0913169 0 -0.995822
    outer loop
      vertex 57.8314 0.000499725 0.000677109
      vertex 57.8327 6.70358 0.000557899
      vertex 57.8327 0.000499725 0.000557899
    endloop
  endfacet
  facet normal -0.0913169 0 -0.995822
    outer loop
      vertex 57.8327 6.70358 0.000557899
      vertex 57.8314 0.000499725 0.000677109
      vertex 57.8314 6.70435 0.000677109
    endloop
  endfacet
  facet normal -0.0913169 -0 -0.995822
    outer loop
      vertex 57.8314 17.5005 0.000677109
      vertex 57.8327 10.7964 0.000557899
      vertex 57.8314 10.7957 0.000677109
    endloop
  endfacet
  facet normal -0.0913169 0 -0.995822
    outer loop
      vertex 57.8327 10.7964 0.000557899
      vertex 57.8314 17.5005 0.000677109
      vertex 57.8327 17.5005 0.000557899
    endloop
  endfacet
  facet normal -0.0971066 0 -0.995274
    outer loop
      vertex 57.8301 0.000499725 0.000803947
      vertex 57.8314 6.70435 0.000677109
      vertex 57.8314 0.000499725 0.000677109
    endloop
  endfacet
  facet normal -0.0971066 0 -0.995274
    outer loop
      vertex 57.8314 6.70435 0.000677109
      vertex 57.8301 0.000499725 0.000803947
      vertex 57.8301 6.70512 0.000803947
    endloop
  endfacet
  facet normal -0.0971066 -0 -0.995274
    outer loop
      vertex 57.8301 17.5005 0.000803947
      vertex 57.8314 10.7957 0.000677109
      vertex 57.8301 10.7949 0.000803947
    endloop
  endfacet
  facet normal -0.0971066 0 -0.995274
    outer loop
      vertex 57.8314 10.7957 0.000677109
      vertex 57.8301 17.5005 0.000803947
      vertex 57.8314 17.5005 0.000677109
    endloop
  endfacet
  facet normal -0.108659 0 -0.994079
    outer loop
      vertex 57.8288 0.000499725 0.000946045
      vertex 57.8301 6.70512 0.000803947
      vertex 57.8301 0.000499725 0.000803947
    endloop
  endfacet
  facet normal -0.108659 0 -0.994079
    outer loop
      vertex 57.8301 6.70512 0.000803947
      vertex 57.8288 0.000499725 0.000946045
      vertex 57.8288 6.70591 0.000946045
    endloop
  endfacet
  facet normal -0.108659 -0 -0.994079
    outer loop
      vertex 57.8288 17.5005 0.000946045
      vertex 57.8301 10.7949 0.000803947
      vertex 57.8288 10.7941 0.000946045
    endloop
  endfacet
  facet normal -0.108659 0 -0.994079
    outer loop
      vertex 57.8301 10.7949 0.000803947
      vertex 57.8288 17.5005 0.000946045
      vertex 57.8301 17.5005 0.000803947
    endloop
  endfacet
  facet normal -0.1137 0 -0.993515
    outer loop
      vertex 57.8275 0.000499725 0.00109482
      vertex 57.8288 6.70591 0.000946045
      vertex 57.8288 0.000499725 0.000946045
    endloop
  endfacet
  facet normal -0.1137 0 -0.993515
    outer loop
      vertex 57.8288 6.70591 0.000946045
      vertex 57.8275 0.000499725 0.00109482
      vertex 57.8275 6.7067 0.00109482
    endloop
  endfacet
  facet normal -0.1137 -0 -0.993515
    outer loop
      vertex 57.8275 17.5005 0.00109482
      vertex 57.8288 10.7941 0.000946045
      vertex 57.8275 10.7933 0.00109482
    endloop
  endfacet
  facet normal -0.1137 0 -0.993515
    outer loop
      vertex 57.8288 10.7941 0.000946045
      vertex 57.8275 17.5005 0.00109482
      vertex 57.8288 17.5005 0.000946045
    endloop
  endfacet
  facet normal -0.125184 0 -0.992133
    outer loop
      vertex 57.8262 0.000499725 0.00125885
      vertex 57.8275 6.7067 0.00109482
      vertex 57.8275 0.000499725 0.00109482
    endloop
  endfacet
  facet normal -0.125184 0 -0.992133
    outer loop
      vertex 57.8275 6.7067 0.00109482
      vertex 57.8262 0.000499725 0.00125885
      vertex 57.8262 6.70749 0.00125885
    endloop
  endfacet
  facet normal -0.125184 -0 -0.992133
    outer loop
      vertex 57.8262 17.5005 0.00125885
      vertex 57.8275 10.7933 0.00109482
      vertex 57.8262 10.7925 0.00125885
    endloop
  endfacet
  facet normal -0.125184 0 -0.992133
    outer loop
      vertex 57.8275 10.7933 0.00109482
      vertex 57.8262 17.5005 0.00125885
      vertex 57.8275 17.5005 0.00109482
    endloop
  endfacet
  facet normal -0.135912 0 -0.990721
    outer loop
      vertex 57.8249 0.000499725 0.00143719
      vertex 57.8262 6.70749 0.00125885
      vertex 57.8262 0.000499725 0.00125885
    endloop
  endfacet
  facet normal -0.135912 0 -0.990721
    outer loop
      vertex 57.8262 6.70749 0.00125885
      vertex 57.8249 0.000499725 0.00143719
      vertex 57.8249 6.7083 0.00143719
    endloop
  endfacet
  facet normal -0.135912 -0 -0.990721
    outer loop
      vertex 57.8249 17.5005 0.00143719
      vertex 57.8262 10.7925 0.00125885
      vertex 57.8249 10.7917 0.00143719
    endloop
  endfacet
  facet normal -0.135912 0 -0.990721
    outer loop
      vertex 57.8262 10.7925 0.00125885
      vertex 57.8249 17.5005 0.00143719
      vertex 57.8262 17.5005 0.00125885
    endloop
  endfacet
  facet normal -0.142321 0 -0.989821
    outer loop
      vertex 57.8236 0.000499725 0.00162411
      vertex 57.8249 6.7083 0.00143719
      vertex 57.8249 0.000499725 0.00143719
    endloop
  endfacet
  facet normal -0.142321 0 -0.989821
    outer loop
      vertex 57.8249 6.7083 0.00143719
      vertex 57.8236 0.000499725 0.00162411
      vertex 57.8236 6.70911 0.00162411
    endloop
  endfacet
  facet normal -0.142321 -0 -0.989821
    outer loop
      vertex 57.8236 17.5005 0.00162411
      vertex 57.8249 10.7917 0.00143719
      vertex 57.8236 10.7909 0.00162411
    endloop
  endfacet
  facet normal -0.142321 0 -0.989821
    outer loop
      vertex 57.8249 10.7917 0.00143719
      vertex 57.8236 17.5005 0.00162411
      vertex 57.8249 17.5005 0.00143719
    endloop
  endfacet
  facet normal -0.147291 0 -0.989093
    outer loop
      vertex 57.8223 0.000499725 0.0018177
      vertex 57.8236 6.70911 0.00162411
      vertex 57.8236 0.000499725 0.00162411
    endloop
  endfacet
  facet normal -0.147291 0 -0.989093
    outer loop
      vertex 57.8236 6.70911 0.00162411
      vertex 57.8223 0.000499725 0.0018177
      vertex 57.8223 6.70992 0.0018177
    endloop
  endfacet
  facet normal -0.147291 -0 -0.989093
    outer loop
      vertex 57.8223 17.5005 0.0018177
      vertex 57.8236 10.7909 0.00162411
      vertex 57.8223 10.7901 0.0018177
    endloop
  endfacet
  facet normal -0.147291 0 -0.989093
    outer loop
      vertex 57.8236 10.7909 0.00162411
      vertex 57.8223 17.5005 0.0018177
      vertex 57.8236 17.5005 0.00162411
    endloop
  endfacet
  facet normal -0.171472 0 -0.985189
    outer loop
      vertex 57.8211 0.000499725 0.00202656
      vertex 57.8223 6.70992 0.0018177
      vertex 57.8223 0.000499725 0.0018177
    endloop
  endfacet
  facet normal -0.171472 0 -0.985189
    outer loop
      vertex 57.8223 6.70992 0.0018177
      vertex 57.8211 0.000499725 0.00202656
      vertex 57.8211 6.71075 0.00202656
    endloop
  endfacet
  facet normal -0.171472 -0 -0.985189
    outer loop
      vertex 57.8211 17.5005 0.00202656
      vertex 57.8223 10.7901 0.0018177
      vertex 57.8211 10.7893 0.00202656
    endloop
  endfacet
  facet normal -0.171472 0 -0.985189
    outer loop
      vertex 57.8223 10.7901 0.0018177
      vertex 57.8211 17.5005 0.00202656
      vertex 57.8223 17.5005 0.0018177
    endloop
  endfacet
  facet normal -0.169187 0 -0.985584
    outer loop
      vertex 57.8198 0.000499725 0.00224972
      vertex 57.8211 6.71075 0.00202656
      vertex 57.8211 0.000499725 0.00202656
    endloop
  endfacet
  facet normal -0.169187 0 -0.985584
    outer loop
      vertex 57.8211 6.71075 0.00202656
      vertex 57.8198 0.000499725 0.00224972
      vertex 57.8198 6.71158 0.00224972
    endloop
  endfacet
  facet normal -0.169187 -0 -0.985584
    outer loop
      vertex 57.8198 17.5005 0.00224972
      vertex 57.8211 10.7893 0.00202656
      vertex 57.8198 10.7884 0.00224972
    endloop
  endfacet
  facet normal -0.169187 0 -0.985584
    outer loop
      vertex 57.8211 10.7893 0.00202656
      vertex 57.8198 17.5005 0.00224972
      vertex 57.8211 17.5005 0.00202656
    endloop
  endfacet
  facet normal -0.174798 0 -0.984604
    outer loop
      vertex 57.8185 0.000499725 0.00248051
      vertex 57.8198 6.71158 0.00224972
      vertex 57.8198 0.000499725 0.00224972
    endloop
  endfacet
  facet normal -0.174798 0 -0.984604
    outer loop
      vertex 57.8198 6.71158 0.00224972
      vertex 57.8185 0.000499725 0.00248051
      vertex 57.8185 6.71241 0.00248051
    endloop
  endfacet
  facet normal -0.174798 -0 -0.984604
    outer loop
      vertex 57.8185 17.5005 0.00248051
      vertex 57.8198 10.7884 0.00224972
      vertex 57.8185 10.7876 0.00248051
    endloop
  endfacet
  facet normal -0.174798 0 -0.984604
    outer loop
      vertex 57.8198 10.7884 0.00224972
      vertex 57.8185 17.5005 0.00248051
      vertex 57.8198 17.5005 0.00224972
    endloop
  endfacet
  facet normal -0.180391 0 -0.983595
    outer loop
      vertex 57.8172 0.000499725 0.00271893
      vertex 57.8185 6.71241 0.00248051
      vertex 57.8185 0.000499725 0.00248051
    endloop
  endfacet
  facet normal -0.180391 0 -0.983595
    outer loop
      vertex 57.8185 6.71241 0.00248051
      vertex 57.8172 0.000499725 0.00271893
      vertex 57.8172 6.71324 0.00271893
    endloop
  endfacet
  facet normal -0.180391 -0 -0.983595
    outer loop
      vertex 57.8172 17.5005 0.00271893
      vertex 57.8185 10.7876 0.00248051
      vertex 57.8172 10.7868 0.00271893
    endloop
  endfacet
  facet normal -0.180391 0 -0.983595
    outer loop
      vertex 57.8185 10.7876 0.00248051
      vertex 57.8172 17.5005 0.00271893
      vertex 57.8185 17.5005 0.00248051
    endloop
  endfacet
  facet normal -0.191519 0 -0.981489
    outer loop
      vertex 57.8159 0.000499725 0.0029726
      vertex 57.8172 6.71324 0.00271893
      vertex 57.8172 0.000499725 0.00271893
    endloop
  endfacet
  facet normal -0.191519 0 -0.981489
    outer loop
      vertex 57.8172 6.71324 0.00271893
      vertex 57.8159 0.000499725 0.0029726
      vertex 57.8159 6.71409 0.0029726
    endloop
  endfacet
  facet normal -0.191519 -0 -0.981489
    outer loop
      vertex 57.8159 17.5005 0.0029726
      vertex 57.8172 10.7868 0.00271893
      vertex 57.8159 10.7859 0.0029726
    endloop
  endfacet
  facet normal -0.191519 0 -0.981489
    outer loop
      vertex 57.8172 10.7868 0.00271893
      vertex 57.8159 17.5005 0.0029726
      vertex 57.8172 17.5005 0.00271893
    endloop
  endfacet
  facet normal -0.201901 0 -0.979406
    outer loop
      vertex 57.8146 0.000499725 0.00324059
      vertex 57.8159 6.71409 0.0029726
      vertex 57.8159 0.000499725 0.0029726
    endloop
  endfacet
  facet normal -0.201901 0 -0.979406
    outer loop
      vertex 57.8159 6.71409 0.0029726
      vertex 57.8146 0.000499725 0.00324059
      vertex 57.8146 6.71494 0.00324059
    endloop
  endfacet
  facet normal -0.201901 -0 -0.979406
    outer loop
      vertex 57.8146 17.5005 0.00324059
      vertex 57.8159 10.7859 0.0029726
      vertex 57.8146 10.7851 0.00324059
    endloop
  endfacet
  facet normal -0.201901 0 -0.979406
    outer loop
      vertex 57.8159 10.7859 0.0029726
      vertex 57.8146 17.5005 0.00324059
      vertex 57.8159 17.5005 0.0029726
    endloop
  endfacet
  facet normal -0.223847 0 -0.974624
    outer loop
      vertex 57.8134 0.000499725 0.0035162
      vertex 57.8146 6.71494 0.00324059
      vertex 57.8146 0.000499725 0.00324059
    endloop
  endfacet
  facet normal -0.223847 0 -0.974624
    outer loop
      vertex 57.8146 6.71494 0.00324059
      vertex 57.8134 0.000499725 0.0035162
      vertex 57.8134 6.7158 0.0035162
    endloop
  endfacet
  facet normal -0.223847 -0 -0.974624
    outer loop
      vertex 57.8134 17.5005 0.0035162
      vertex 57.8146 10.7851 0.00324059
      vertex 57.8134 10.7842 0.0035162
    endloop
  endfacet
  facet normal -0.223847 0 -0.974624
    outer loop
      vertex 57.8146 10.7851 0.00324059
      vertex 57.8134 17.5005 0.0035162
      vertex 57.8146 17.5005 0.00324059
    endloop
  endfacet
  facet normal -0.212883 0 -0.977078
    outer loop
      vertex 57.8121 0.000499725 0.00379944
      vertex 57.8134 6.7158 0.0035162
      vertex 57.8134 0.000499725 0.0035162
    endloop
  endfacet
  facet normal -0.212883 0 -0.977078
    outer loop
      vertex 57.8134 6.7158 0.0035162
      vertex 57.8121 0.000499725 0.00379944
      vertex 57.8121 6.71666 0.00379944
    endloop
  endfacet
  facet normal -0.212883 -0 -0.977078
    outer loop
      vertex 57.8121 17.5005 0.00379944
      vertex 57.8134 10.7842 0.0035162
      vertex 57.8121 10.7833 0.00379944
    endloop
  endfacet
  facet normal -0.212883 0 -0.977078
    outer loop
      vertex 57.8134 10.7842 0.0035162
      vertex 57.8121 17.5005 0.00379944
      vertex 57.8134 17.5005 0.0035162
    endloop
  endfacet
  facet normal -0.223108 0 -0.974794
    outer loop
      vertex 57.8108 0.000499725 0.00409698
      vertex 57.8121 6.71666 0.00379944
      vertex 57.8121 0.000499725 0.00379944
    endloop
  endfacet
  facet normal -0.223108 0 -0.974794
    outer loop
      vertex 57.8121 6.71666 0.00379944
      vertex 57.8108 0.000499725 0.00409698
      vertex 57.8108 6.71753 0.00409698
    endloop
  endfacet
  facet normal -0.223108 -0 -0.974794
    outer loop
      vertex 57.8108 17.5005 0.00409698
      vertex 57.8121 10.7833 0.00379944
      vertex 57.8108 10.7825 0.00409698
    endloop
  endfacet
  facet normal -0.223108 0 -0.974794
    outer loop
      vertex 57.8121 10.7833 0.00379944
      vertex 57.8108 17.5005 0.00409698
      vertex 57.8121 17.5005 0.00379944
    endloop
  endfacet
  facet normal -0.234617 0 -0.972088
    outer loop
      vertex 57.8095 0.000499725 0.00441074
      vertex 57.8108 6.71753 0.00409698
      vertex 57.8108 0.000499725 0.00409698
    endloop
  endfacet
  facet normal -0.234617 0 -0.972088
    outer loop
      vertex 57.8108 6.71753 0.00409698
      vertex 57.8095 0.000499725 0.00441074
      vertex 57.8095 6.7184 0.00441074
    endloop
  endfacet
  facet normal -0.234617 -0 -0.972088
    outer loop
      vertex 57.8095 17.5005 0.00441074
      vertex 57.8108 10.7825 0.00409698
      vertex 57.8095 10.7816 0.00441074
    endloop
  endfacet
  facet normal -0.234617 0 -0.972088
    outer loop
      vertex 57.8108 10.7825 0.00409698
      vertex 57.8095 17.5005 0.00441074
      vertex 57.8108 17.5005 0.00409698
    endloop
  endfacet
  facet normal -0.257272 0 -0.966339
    outer loop
      vertex 57.8083 0.000499725 0.00473022
      vertex 57.8095 6.7184 0.00441074
      vertex 57.8095 0.000499725 0.00441074
    endloop
  endfacet
  facet normal -0.257272 0 -0.966339
    outer loop
      vertex 57.8095 6.7184 0.00441074
      vertex 57.8083 0.000499725 0.00473022
      vertex 57.8083 6.71928 0.00473022
    endloop
  endfacet
  facet normal -0.257272 -0 -0.966339
    outer loop
      vertex 57.8083 17.5005 0.00473022
      vertex 57.8095 10.7816 0.00441074
      vertex 57.8083 10.7807 0.00473022
    endloop
  endfacet
  facet normal -0.257272 0 -0.966339
    outer loop
      vertex 57.8095 10.7816 0.00441074
      vertex 57.8083 17.5005 0.00473022
      vertex 57.8095 17.5005 0.00441074
    endloop
  endfacet
  facet normal -0.24469 0 -0.969601
    outer loop
      vertex 57.807 0.000499725 0.00505829
      vertex 57.8083 6.71928 0.00473022
      vertex 57.8083 0.000499725 0.00473022
    endloop
  endfacet
  facet normal -0.24469 0 -0.969601
    outer loop
      vertex 57.8083 6.71928 0.00473022
      vertex 57.807 0.000499725 0.00505829
      vertex 57.807 6.72016 0.00505829
    endloop
  endfacet
  facet normal -0.24469 -0 -0.969601
    outer loop
      vertex 57.807 17.5005 0.00505829
      vertex 57.8083 10.7807 0.00473022
      vertex 57.807 10.7798 0.00505829
    endloop
  endfacet
  facet normal -0.24469 0 -0.969601
    outer loop
      vertex 57.8083 10.7807 0.00473022
      vertex 57.807 17.5005 0.00505829
      vertex 57.8083 17.5005 0.00473022
    endloop
  endfacet
  facet normal -0.255338 0 -0.966852
    outer loop
      vertex 57.8057 0.000499725 0.00540161
      vertex 57.807 6.72016 0.00505829
      vertex 57.807 0.000499725 0.00505829
    endloop
  endfacet
  facet normal -0.255338 0 -0.966852
    outer loop
      vertex 57.807 6.72016 0.00505829
      vertex 57.8057 0.000499725 0.00540161
      vertex 57.8057 6.72105 0.00540161
    endloop
  endfacet
  facet normal -0.255338 -0 -0.966852
    outer loop
      vertex 57.8057 17.5005 0.00540161
      vertex 57.807 10.7798 0.00505829
      vertex 57.8057 10.7789 0.00540161
    endloop
  endfacet
  facet normal -0.255338 0 -0.966852
    outer loop
      vertex 57.807 10.7798 0.00505829
      vertex 57.8057 17.5005 0.00540161
      vertex 57.807 17.5005 0.00505829
    endloop
  endfacet
  facet normal -0.285611 0 -0.958346
    outer loop
      vertex 57.8045 0.000499725 0.00575924
      vertex 57.8057 6.72105 0.00540161
      vertex 57.8057 0.000499725 0.00540161
    endloop
  endfacet
  facet normal -0.285611 0 -0.958346
    outer loop
      vertex 57.8057 6.72105 0.00540161
      vertex 57.8045 0.000499725 0.00575924
      vertex 57.8045 6.72195 0.00575924
    endloop
  endfacet
  facet normal -0.285611 -0 -0.958346
    outer loop
      vertex 57.8045 17.5005 0.00575924
      vertex 57.8057 10.7789 0.00540161
      vertex 57.8045 10.7781 0.00575924
    endloop
  endfacet
  facet normal -0.285611 0 -0.958346
    outer loop
      vertex 57.8057 10.7789 0.00540161
      vertex 57.8045 17.5005 0.00575924
      vertex 57.8057 17.5005 0.00540161
    endloop
  endfacet
  facet normal -0.269836 0 -0.962906
    outer loop
      vertex 57.8032 0.000499725 0.00612354
      vertex 57.8045 6.72195 0.00575924
      vertex 57.8045 0.000499725 0.00575924
    endloop
  endfacet
  facet normal -0.269836 0 -0.962906
    outer loop
      vertex 57.8045 6.72195 0.00575924
      vertex 57.8032 0.000499725 0.00612354
      vertex 57.8032 6.72285 0.00612354
    endloop
  endfacet
  facet normal -0.269836 -0 -0.962906
    outer loop
      vertex 57.8032 17.5005 0.00612354
      vertex 57.8045 10.7781 0.00575924
      vertex 57.8032 10.7772 0.00612354
    endloop
  endfacet
  facet normal -0.269836 0 -0.962906
    outer loop
      vertex 57.8045 10.7781 0.00575924
      vertex 57.8032 17.5005 0.00612354
      vertex 57.8045 17.5005 0.00575924
    endloop
  endfacet
  facet normal -0.296745 0 -0.954957
    outer loop
      vertex 57.802 0.000499725 0.00649643
      vertex 57.8032 6.72285 0.00612354
      vertex 57.8032 0.000499725 0.00612354
    endloop
  endfacet
  facet normal -0.296745 0 -0.954957
    outer loop
      vertex 57.8032 6.72285 0.00612354
      vertex 57.802 0.000499725 0.00649643
      vertex 57.802 6.72375 0.00649643
    endloop
  endfacet
  facet normal -0.296745 -0 -0.954957
    outer loop
      vertex 57.802 17.5005 0.00649643
      vertex 57.8032 10.7772 0.00612354
      vertex 57.802 10.7762 0.00649643
    endloop
  endfacet
  facet normal -0.296745 0 -0.954957
    outer loop
      vertex 57.8032 10.7772 0.00612354
      vertex 57.802 17.5005 0.00649643
      vertex 57.8032 17.5005 0.00612354
    endloop
  endfacet
  facet normal -0.285447 0 -0.958395
    outer loop
      vertex 57.8007 0.000499725 0.00688362
      vertex 57.802 6.72375 0.00649643
      vertex 57.802 0.000499725 0.00649643
    endloop
  endfacet
  facet normal -0.285447 0 -0.958395
    outer loop
      vertex 57.802 6.72375 0.00649643
      vertex 57.8007 0.000499725 0.00688362
      vertex 57.8007 6.72466 0.00688362
    endloop
  endfacet
  facet normal -0.285447 -0 -0.958395
    outer loop
      vertex 57.8007 17.5005 0.00688362
      vertex 57.802 10.7762 0.00649643
      vertex 57.8007 10.7753 0.00688362
    endloop
  endfacet
  facet normal -0.285447 0 -0.958395
    outer loop
      vertex 57.802 10.7762 0.00649643
      vertex 57.8007 17.5005 0.00688362
      vertex 57.802 17.5005 0.00649643
    endloop
  endfacet
  facet normal -0.312535 0 -0.949906
    outer loop
      vertex 57.7995 0.000499725 0.00727844
      vertex 57.8007 6.72466 0.00688362
      vertex 57.8007 0.000499725 0.00688362
    endloop
  endfacet
  facet normal -0.312535 0 -0.949906
    outer loop
      vertex 57.8007 6.72466 0.00688362
      vertex 57.7995 0.000499725 0.00727844
      vertex 57.7995 6.72558 0.00727844
    endloop
  endfacet
  facet normal -0.312535 -0 -0.949906
    outer loop
      vertex 57.7995 17.5005 0.00727844
      vertex 57.8007 10.7753 0.00688362
      vertex 57.7995 10.7744 0.00727844
    endloop
  endfacet
  facet normal -0.312535 0 -0.949906
    outer loop
      vertex 57.8007 10.7753 0.00688362
      vertex 57.7995 17.5005 0.00727844
      vertex 57.8007 17.5005 0.00688362
    endloop
  endfacet
  facet normal -0.300834 0 -0.953677
    outer loop
      vertex 57.7982 0.000499725 0.00768852
      vertex 57.7995 6.72558 0.00727844
      vertex 57.7995 0.000499725 0.00727844
    endloop
  endfacet
  facet normal -0.300834 0 -0.953677
    outer loop
      vertex 57.7995 6.72558 0.00727844
      vertex 57.7982 0.000499725 0.00768852
      vertex 57.7982 6.7265 0.00768852
    endloop
  endfacet
  facet normal -0.300834 -0 -0.953677
    outer loop
      vertex 57.7982 17.5005 0.00768852
      vertex 57.7995 10.7744 0.00727844
      vertex 57.7982 10.7735 0.00768852
    endloop
  endfacet
  facet normal -0.300834 0 -0.953677
    outer loop
      vertex 57.7995 10.7744 0.00727844
      vertex 57.7982 17.5005 0.00768852
      vertex 57.7995 17.5005 0.00727844
    endloop
  endfacet
  facet normal -0.328744 0 -0.944419
    outer loop
      vertex 57.797 0.000499725 0.00810623
      vertex 57.7982 6.7265 0.00768852
      vertex 57.7982 0.000499725 0.00768852
    endloop
  endfacet
  facet normal -0.328744 0 -0.944419
    outer loop
      vertex 57.7982 6.7265 0.00768852
      vertex 57.797 0.000499725 0.00810623
      vertex 57.797 6.72742 0.00810623
    endloop
  endfacet
  facet normal -0.328744 -0 -0.944419
    outer loop
      vertex 57.797 17.5005 0.00810623
      vertex 57.7982 10.7735 0.00768852
      vertex 57.797 10.7726 0.00810623
    endloop
  endfacet
  facet normal -0.328744 0 -0.944419
    outer loop
      vertex 57.7982 10.7735 0.00768852
      vertex 57.797 17.5005 0.00810623
      vertex 57.7982 17.5005 0.00768852
    endloop
  endfacet
  facet normal -0.338733 0 -0.940882
    outer loop
      vertex 57.7958 0.000499725 0.00853825
      vertex 57.797 6.72742 0.00810623
      vertex 57.797 0.000499725 0.00810623
    endloop
  endfacet
  facet normal -0.338733 0 -0.940882
    outer loop
      vertex 57.797 6.72742 0.00810623
      vertex 57.7958 0.000499725 0.00853825
      vertex 57.7958 6.72835 0.00853825
    endloop
  endfacet
  facet normal -0.338733 -0 -0.940882
    outer loop
      vertex 57.7958 17.5005 0.00853825
      vertex 57.797 10.7726 0.00810623
      vertex 57.7958 10.7717 0.00853825
    endloop
  endfacet
  facet normal -0.338733 0 -0.940882
    outer loop
      vertex 57.797 10.7726 0.00810623
      vertex 57.7958 17.5005 0.00853825
      vertex 57.797 17.5005 0.00810623
    endloop
  endfacet
  facet normal -0.320361 0 -0.947296
    outer loop
      vertex 57.7945 0.000499725 0.00897789
      vertex 57.7958 6.72835 0.00853825
      vertex 57.7958 0.000499725 0.00853825
    endloop
  endfacet
  facet normal -0.320361 0 -0.947296
    outer loop
      vertex 57.7958 6.72835 0.00853825
      vertex 57.7945 0.000499725 0.00897789
      vertex 57.7945 6.72928 0.00897789
    endloop
  endfacet
  facet normal -0.320361 -0 -0.947296
    outer loop
      vertex 57.7945 17.5005 0.00897789
      vertex 57.7958 10.7717 0.00853825
      vertex 57.7945 10.7707 0.00897789
    endloop
  endfacet
  facet normal -0.320361 0 -0.947296
    outer loop
      vertex 57.7958 10.7717 0.00853825
      vertex 57.7945 17.5005 0.00897789
      vertex 57.7958 17.5005 0.00853825
    endloop
  endfacet
  facet normal -0.353821 0 -0.935313
    outer loop
      vertex 57.7933 0.000499725 0.00943184
      vertex 57.7945 6.72928 0.00897789
      vertex 57.7945 0.000499725 0.00897789
    endloop
  endfacet
  facet normal -0.353821 0 -0.935313
    outer loop
      vertex 57.7945 6.72928 0.00897789
      vertex 57.7933 0.000499725 0.00943184
      vertex 57.7933 6.73022 0.00943184
    endloop
  endfacet
  facet normal -0.353821 -0 -0.935313
    outer loop
      vertex 57.7933 17.5005 0.00943184
      vertex 57.7945 10.7707 0.00897789
      vertex 57.7933 10.7698 0.00943184
    endloop
  endfacet
  facet normal -0.353821 0 -0.935313
    outer loop
      vertex 57.7945 10.7707 0.00897789
      vertex 57.7933 17.5005 0.00943184
      vertex 57.7945 17.5005 0.00897789
    endloop
  endfacet
  facet normal -0.359651 0 -0.933087
    outer loop
      vertex 57.7921 0.000499725 0.00989437
      vertex 57.7933 6.73022 0.00943184
      vertex 57.7933 0.000499725 0.00943184
    endloop
  endfacet
  facet normal -0.359651 0 -0.933087
    outer loop
      vertex 57.7933 6.73022 0.00943184
      vertex 57.7921 0.000499725 0.00989437
      vertex 57.7921 6.73116 0.00989437
    endloop
  endfacet
  facet normal -0.359651 -0 -0.933087
    outer loop
      vertex 57.7921 17.5005 0.00989437
      vertex 57.7933 10.7698 0.00943184
      vertex 57.7921 10.7688 0.00989437
    endloop
  endfacet
  facet normal -0.359651 0 -0.933087
    outer loop
      vertex 57.7933 10.7698 0.00943184
      vertex 57.7921 17.5005 0.00989437
      vertex 57.7933 17.5005 0.00943184
    endloop
  endfacet
  facet normal -0.339507 0 -0.940603
    outer loop
      vertex 57.7908 0.000499725 0.0103636
      vertex 57.7921 6.73116 0.00989437
      vertex 57.7921 0.000499725 0.00989437
    endloop
  endfacet
  facet normal -0.339507 0 -0.940603
    outer loop
      vertex 57.7921 6.73116 0.00989437
      vertex 57.7908 0.000499725 0.0103636
      vertex 57.7908 6.73211 0.0103636
    endloop
  endfacet
  facet normal -0.339507 -0 -0.940603
    outer loop
      vertex 57.7908 17.5005 0.0103636
      vertex 57.7921 10.7688 0.00989437
      vertex 57.7908 10.7679 0.0103636
    endloop
  endfacet
  facet normal -0.339507 0 -0.940603
    outer loop
      vertex 57.7921 10.7688 0.00989437
      vertex 57.7908 17.5005 0.0103636
      vertex 57.7921 17.5005 0.00989437
    endloop
  endfacet
  facet normal -0.37432 0 -0.9273
    outer loop
      vertex 57.7896 0.000499725 0.010848
      vertex 57.7908 6.73211 0.0103636
      vertex 57.7908 0.000499725 0.0103636
    endloop
  endfacet
  facet normal -0.37432 0 -0.9273
    outer loop
      vertex 57.7908 6.73211 0.0103636
      vertex 57.7896 0.000499725 0.010848
      vertex 57.7896 6.73306 0.010848
    endloop
  endfacet
  facet normal -0.37432 -0 -0.9273
    outer loop
      vertex 57.7896 17.5005 0.010848
      vertex 57.7908 10.7679 0.0103636
      vertex 57.7896 10.7669 0.010848
    endloop
  endfacet
  facet normal -0.37432 0 -0.9273
    outer loop
      vertex 57.7908 10.7679 0.0103636
      vertex 57.7896 17.5005 0.010848
      vertex 57.7908 17.5005 0.0103636
    endloop
  endfacet
  facet normal -0.378825 0 -0.925468
    outer loop
      vertex 57.7884 0.000499725 0.0113392
      vertex 57.7896 6.73306 0.010848
      vertex 57.7896 0.000499725 0.010848
    endloop
  endfacet
  facet normal -0.378825 0 -0.925468
    outer loop
      vertex 57.7896 6.73306 0.010848
      vertex 57.7884 0.000499725 0.0113392
      vertex 57.7884 6.73402 0.0113392
    endloop
  endfacet
  facet normal -0.378825 -0 -0.925468
    outer loop
      vertex 57.7884 17.5005 0.0113392
      vertex 57.7896 10.7669 0.010848
      vertex 57.7884 10.766 0.0113392
    endloop
  endfacet
  facet normal -0.378825 0 -0.925468
    outer loop
      vertex 57.7896 10.7669 0.010848
      vertex 57.7884 17.5005 0.0113392
      vertex 57.7896 17.5005 0.010848
    endloop
  endfacet
  facet normal -0.388798 0 -0.921323
    outer loop
      vertex 57.7872 0.000499725 0.0118456
      vertex 57.7884 6.73402 0.0113392
      vertex 57.7884 0.000499725 0.0113392
    endloop
  endfacet
  facet normal -0.388798 0 -0.921323
    outer loop
      vertex 57.7884 6.73402 0.0113392
      vertex 57.7872 0.000499725 0.0118456
      vertex 57.7872 6.73498 0.0118456
    endloop
  endfacet
  facet normal -0.388798 -0 -0.921323
    outer loop
      vertex 57.7872 17.5005 0.0118456
      vertex 57.7884 10.766 0.0113392
      vertex 57.7872 10.765 0.0118456
    endloop
  endfacet
  facet normal -0.388798 0 -0.921323
    outer loop
      vertex 57.7884 10.766 0.0113392
      vertex 57.7872 17.5005 0.0118456
      vertex 57.7884 17.5005 0.0113392
    endloop
  endfacet
  facet normal -0.393734 0 -0.919224
    outer loop
      vertex 57.786 0.000499725 0.0123596
      vertex 57.7872 6.73498 0.0118456
      vertex 57.7872 0.000499725 0.0118456
    endloop
  endfacet
  facet normal -0.393734 0 -0.919224
    outer loop
      vertex 57.7872 6.73498 0.0118456
      vertex 57.786 0.000499725 0.0123596
      vertex 57.786 6.73594 0.0123596
    endloop
  endfacet
  facet normal -0.393734 -0 -0.919224
    outer loop
      vertex 57.786 17.5005 0.0123596
      vertex 57.7872 10.765 0.0118456
      vertex 57.786 10.7641 0.0123596
    endloop
  endfacet
  facet normal -0.393734 0 -0.919224
    outer loop
      vertex 57.7872 10.765 0.0118456
      vertex 57.786 17.5005 0.0123596
      vertex 57.7872 17.5005 0.0118456
    endloop
  endfacet
  facet normal -0.398701 0 -0.917081
    outer loop
      vertex 57.7848 0.000499725 0.0128813
      vertex 57.786 6.73594 0.0123596
      vertex 57.786 0.000499725 0.0123596
    endloop
  endfacet
  facet normal -0.398701 0 -0.917081
    outer loop
      vertex 57.786 6.73594 0.0123596
      vertex 57.7848 0.000499725 0.0128813
      vertex 57.7848 6.73691 0.0128813
    endloop
  endfacet
  facet normal -0.398701 -0 -0.917081
    outer loop
      vertex 57.7848 17.5005 0.0128813
      vertex 57.786 10.7641 0.0123596
      vertex 57.7848 10.7631 0.0128813
    endloop
  endfacet
  facet normal -0.398701 0 -0.917081
    outer loop
      vertex 57.786 10.7641 0.0123596
      vertex 57.7848 17.5005 0.0128813
      vertex 57.786 17.5005 0.0123596
    endloop
  endfacet
  facet normal -0.408403 0 -0.912802
    outer loop
      vertex 57.7836 0.000499725 0.0134182
      vertex 57.7848 6.73691 0.0128813
      vertex 57.7848 0.000499725 0.0128813
    endloop
  endfacet
  facet normal -0.408403 0 -0.912802
    outer loop
      vertex 57.7848 6.73691 0.0128813
      vertex 57.7836 0.000499725 0.0134182
      vertex 57.7836 6.73788 0.0134182
    endloop
  endfacet
  facet normal -0.408403 -0 -0.912802
    outer loop
      vertex 57.7836 17.5005 0.0134182
      vertex 57.7848 10.7631 0.0128813
      vertex 57.7836 10.7621 0.0134182
    endloop
  endfacet
  facet normal -0.408403 0 -0.912802
    outer loop
      vertex 57.7848 10.7631 0.0128813
      vertex 57.7836 17.5005 0.0134182
      vertex 57.7848 17.5005 0.0128813
    endloop
  endfacet
  facet normal -0.417406 0 -0.90872
    outer loop
      vertex 57.7824 0.000499725 0.0139694
      vertex 57.7836 6.73788 0.0134182
      vertex 57.7836 0.000499725 0.0134182
    endloop
  endfacet
  facet normal -0.417406 0 -0.90872
    outer loop
      vertex 57.7836 6.73788 0.0134182
      vertex 57.7824 0.000499725 0.0139694
      vertex 57.7824 6.73886 0.0139694
    endloop
  endfacet
  facet normal -0.417406 -0 -0.90872
    outer loop
      vertex 57.7824 17.5005 0.0139694
      vertex 57.7836 10.7621 0.0134182
      vertex 57.7824 10.7611 0.0139694
    endloop
  endfacet
  facet normal -0.417406 0 -0.90872
    outer loop
      vertex 57.7836 10.7621 0.0134182
      vertex 57.7824 17.5005 0.0139694
      vertex 57.7836 17.5005 0.0134182
    endloop
  endfacet
  facet normal -0.417406 0 -0.90872
    outer loop
      vertex 57.7812 0.000499725 0.0145206
      vertex 57.7824 6.73886 0.0139694
      vertex 57.7824 0.000499725 0.0139694
    endloop
  endfacet
  facet normal -0.417406 0 -0.90872
    outer loop
      vertex 57.7824 6.73886 0.0139694
      vertex 57.7812 0.000499725 0.0145206
      vertex 57.7812 6.73984 0.0145206
    endloop
  endfacet
  facet normal -0.417406 -0 -0.90872
    outer loop
      vertex 57.7812 17.5005 0.0145206
      vertex 57.7824 10.7611 0.0139694
      vertex 57.7812 10.7602 0.0145206
    endloop
  endfacet
  facet normal -0.417406 0 -0.90872
    outer loop
      vertex 57.7824 10.7611 0.0139694
      vertex 57.7812 17.5005 0.0145206
      vertex 57.7824 17.5005 0.0139694
    endloop
  endfacet
  facet normal -0.45785 0 -0.889029
    outer loop
      vertex 57.7801 0.000499725 0.0150871
      vertex 57.7812 6.73984 0.0145206
      vertex 57.7812 0.000499725 0.0145206
    endloop
  endfacet
  facet normal -0.45785 0 -0.889029
    outer loop
      vertex 57.7812 6.73984 0.0145206
      vertex 57.7801 0.000499725 0.0150871
      vertex 57.7801 6.74082 0.0150871
    endloop
  endfacet
  facet normal -0.45785 -0 -0.889029
    outer loop
      vertex 57.7801 17.5005 0.0150871
      vertex 57.7812 10.7602 0.0145206
      vertex 57.7801 10.7592 0.0150871
    endloop
  endfacet
  facet normal -0.45785 0 -0.889029
    outer loop
      vertex 57.7812 10.7602 0.0145206
      vertex 57.7801 17.5005 0.0150871
      vertex 57.7812 17.5005 0.0145206
    endloop
  endfacet
  facet normal 1 -0 0
    outer loop
      vertex 57.9956 0.000499725 0.150002
      vertex 57.9956 6.7084 0.148691
      vertex 57.9956 6.70922 0.150002
    endloop
  endfacet
  facet normal 1 0 0
    outer loop
      vertex 57.9956 6.7084 0.148691
      vertex 57.9956 0.000499725 0.150002
      vertex 57.9956 0.000499725 0.148691
    endloop
  endfacet
  facet normal 1 0 0
    outer loop
      vertex 57.9956 17.5005 0.150002
      vertex 57.9956 10.7916 0.148691
      vertex 57.9956 17.5005 0.148691
    endloop
  endfacet
  facet normal 1 0 -0
    outer loop
      vertex 57.9956 10.7916 0.148691
      vertex 57.9956 17.5005 0.150002
      vertex 57.9956 10.7908 0.150002
    endloop
  endfacet
  facet normal 1 -0 0
    outer loop
      vertex 57.9956 0.000499725 0.148691
      vertex 57.9956 6.7076 0.147387
      vertex 57.9956 6.7084 0.148691
    endloop
  endfacet
  facet normal 1 0 0
    outer loop
      vertex 57.9956 6.7076 0.147387
      vertex 57.9956 0.000499725 0.148691
      vertex 57.9956 0.000499725 0.147387
    endloop
  endfacet
  facet normal 1 0 0
    outer loop
      vertex 57.9956 17.5005 0.148691
      vertex 57.9956 10.7924 0.147387
      vertex 57.9956 17.5005 0.147387
    endloop
  endfacet
  facet normal 1 0 -0
    outer loop
      vertex 57.9956 10.7924 0.147387
      vertex 57.9956 17.5005 0.148691
      vertex 57.9956 10.7916 0.148691
    endloop
  endfacet
  facet normal 1 -0 0
    outer loop
      vertex 57.9956 0.000499725 0.147387
      vertex 57.9956 6.7068 0.146075
      vertex 57.9956 6.7076 0.147387
    endloop
  endfacet
  facet normal 1 0 0
    outer loop
      vertex 57.9956 6.7068 0.146075
      vertex 57.9956 0.000499725 0.147387
      vertex 57.9956 0.000499725 0.146075
    endloop
  endfacet
  facet normal 1 0 0
    outer loop
      vertex 57.9956 17.5005 0.147387
      vertex 57.9956 10.7932 0.146075
      vertex 57.9956 17.5005 0.146075
    endloop
  endfacet
  facet normal 1 0 -0
    outer loop
      vertex 57.9956 10.7932 0.146075
      vertex 57.9956 17.5005 0.147387
      vertex 57.9956 10.7924 0.147387
    endloop
  endfacet
  facet normal 0.997068 0 -0.0765209
    outer loop
      vertex 57.9956 0.000499725 0.146075
      vertex 57.9955 6.70601 0.144772
      vertex 57.9956 6.7068 0.146075
    endloop
  endfacet
  facet normal 0.997068 0 -0.0765209
    outer loop
      vertex 57.9955 6.70601 0.144772
      vertex 57.9956 0.000499725 0.146075
      vertex 57.9955 0.000499725 0.144772
    endloop
  endfacet
  facet normal 0.997068 0 -0.0765209
    outer loop
      vertex 57.9956 17.5005 0.146075
      vertex 57.9955 10.794 0.144772
      vertex 57.9955 17.5005 0.144772
    endloop
  endfacet
  facet normal 0.997068 0 -0.0765209
    outer loop
      vertex 57.9955 10.794 0.144772
      vertex 57.9956 17.5005 0.146075
      vertex 57.9956 10.7932 0.146075
    endloop
  endfacet
  facet normal 1 -0 0
    outer loop
      vertex 57.9955 0.000499725 0.144772
      vertex 57.9955 6.70522 0.14346
      vertex 57.9955 6.70601 0.144772
    endloop
  endfacet
  facet normal 1 0 0
    outer loop
      vertex 57.9955 6.70522 0.14346
      vertex 57.9955 0.000499725 0.144772
      vertex 57.9955 0.000499725 0.14346
    endloop
  endfacet
  facet normal 1 0 0
    outer loop
      vertex 57.9955 17.5005 0.144772
      vertex 57.9955 10.7948 0.14346
      vertex 57.9955 17.5005 0.14346
    endloop
  endfacet
  facet normal 1 0 -0
    outer loop
      vertex 57.9955 10.7948 0.14346
      vertex 57.9955 17.5005 0.144772
      vertex 57.9955 10.794 0.144772
    endloop
  endfacet
  facet normal 0.997068 0 -0.0765209
    outer loop
      vertex 57.9955 0.000499725 0.14346
      vertex 57.9954 6.70445 0.142157
      vertex 57.9955 6.70522 0.14346
    endloop
  endfacet
  facet normal 0.997068 0 -0.0765209
    outer loop
      vertex 57.9954 6.70445 0.142157
      vertex 57.9955 0.000499725 0.14346
      vertex 57.9954 0.000499725 0.142157
    endloop
  endfacet
  facet normal 0.997068 0 -0.0765209
    outer loop
      vertex 57.9955 17.5005 0.14346
      vertex 57.9954 10.7956 0.142157
      vertex 57.9954 17.5005 0.142157
    endloop
  endfacet
  facet normal 0.997068 0 -0.0765209
    outer loop
      vertex 57.9954 10.7956 0.142157
      vertex 57.9955 17.5005 0.14346
      vertex 57.9955 10.7948 0.14346
    endloop
  endfacet
  facet normal 1 -0 0
    outer loop
      vertex 57.9954 0.000499725 0.142157
      vertex 57.9954 6.70367 0.140845
      vertex 57.9954 6.70445 0.142157
    endloop
  endfacet
  facet normal 1 0 0
    outer loop
      vertex 57.9954 6.70367 0.140845
      vertex 57.9954 0.000499725 0.142157
      vertex 57.9954 0.000499725 0.140845
    endloop
  endfacet
  facet normal 1 0 0
    outer loop
      vertex 57.9954 17.5005 0.142157
      vertex 57.9954 10.7963 0.140845
      vertex 57.9954 17.5005 0.140845
    endloop
  endfacet
  facet normal 1 0 -0
    outer loop
      vertex 57.9954 10.7963 0.140845
      vertex 57.9954 17.5005 0.142157
      vertex 57.9954 10.7956 0.142157
    endloop
  endfacet
  facet normal 0.997068 0 -0.0765209
    outer loop
      vertex 57.9954 0.000499725 0.140845
      vertex 57.9953 6.70291 0.139542
      vertex 57.9954 6.70367 0.140845
    endloop
  endfacet
  facet normal 0.997068 0 -0.0765209
    outer loop
      vertex 57.9953 6.70291 0.139542
      vertex 57.9954 0.000499725 0.140845
      vertex 57.9953 0.000499725 0.139542
    endloop
  endfacet
  facet normal 0.997068 0 -0.0765209
    outer loop
      vertex 57.9954 17.5005 0.140845
      vertex 57.9953 10.7971 0.139542
      vertex 57.9953 17.5005 0.139542
    endloop
  endfacet
  facet normal 0.997068 0 -0.0765209
    outer loop
      vertex 57.9953 10.7971 0.139542
      vertex 57.9954 17.5005 0.140845
      vertex 57.9954 10.7963 0.140845
    endloop
  endfacet
  facet normal 0.997072 0 -0.0764626
    outer loop
      vertex 57.9953 0.000499725 0.139542
      vertex 57.9952 6.70215 0.138238
      vertex 57.9953 6.70291 0.139542
    endloop
  endfacet
  facet normal 0.997072 0 -0.0764626
    outer loop
      vertex 57.9952 6.70215 0.138238
      vertex 57.9953 0.000499725 0.139542
      vertex 57.9952 0.000499725 0.138238
    endloop
  endfacet
  facet normal 0.997072 0 -0.0764626
    outer loop
      vertex 57.9953 17.5005 0.139542
      vertex 57.9952 10.7979 0.138238
      vertex 57.9952 17.5005 0.138238
    endloop
  endfacet
  facet normal 0.997072 0 -0.0764626
    outer loop
      vertex 57.9952 10.7979 0.138238
      vertex 57.9953 17.5005 0.139542
      vertex 57.9953 10.7971 0.139542
    endloop
  endfacet
  facet normal 0.997077 0 -0.0764044
    outer loop
      vertex 57.9952 0.000499725 0.138238
      vertex 57.9951 6.7014 0.136933
      vertex 57.9952 6.70215 0.138238
    endloop
  endfacet
  facet normal 0.997077 0 -0.0764044
    outer loop
      vertex 57.9951 6.7014 0.136933
      vertex 57.9952 0.000499725 0.138238
      vertex 57.9951 0.000499725 0.136933
    endloop
  endfacet
  facet normal 0.997077 0 -0.0764044
    outer loop
      vertex 57.9952 17.5005 0.138238
      vertex 57.9951 10.7986 0.136933
      vertex 57.9951 17.5005 0.136933
    endloop
  endfacet
  facet normal 0.997077 0 -0.0764044
    outer loop
      vertex 57.9951 10.7986 0.136933
      vertex 57.9952 17.5005 0.138238
      vertex 57.9952 10.7979 0.138238
    endloop
  endfacet
  facet normal 0.988424 0 -0.151715
    outer loop
      vertex 57.9951 0.000499725 0.136933
      vertex 57.9949 6.70065 0.13563
      vertex 57.9951 6.7014 0.136933
    endloop
  endfacet
  facet normal 0.988424 0 -0.151715
    outer loop
      vertex 57.9949 6.70065 0.13563
      vertex 57.9951 0.000499725 0.136933
      vertex 57.9949 0.000499725 0.13563
    endloop
  endfacet
  facet normal 0.988424 0 -0.151715
    outer loop
      vertex 57.9951 17.5005 0.136933
      vertex 57.9949 10.7993 0.13563
      vertex 57.9949 17.5005 0.13563
    endloop
  endfacet
  facet normal 0.988424 0 -0.151715
    outer loop
      vertex 57.9949 10.7993 0.13563
      vertex 57.9951 17.5005 0.136933
      vertex 57.9951 10.7986 0.136933
    endloop
  endfacet
  facet normal 0.997036 0 -0.0769318
    outer loop
      vertex 57.9949 0.000499725 0.13563
      vertex 57.9948 6.69991 0.134334
      vertex 57.9949 6.70065 0.13563
    endloop
  endfacet
  facet normal 0.997036 0 -0.0769318
    outer loop
      vertex 57.9948 6.69991 0.134334
      vertex 57.9949 0.000499725 0.13563
      vertex 57.9948 0.000499725 0.134334
    endloop
  endfacet
  facet normal 0.997036 0 -0.0769318
    outer loop
      vertex 57.9949 17.5005 0.13563
      vertex 57.9948 10.8001 0.134334
      vertex 57.9948 17.5005 0.134334
    endloop
  endfacet
  facet normal 0.997036 0 -0.0769318
    outer loop
      vertex 57.9948 10.8001 0.134334
      vertex 57.9949 17.5005 0.13563
      vertex 57.9949 10.7993 0.13563
    endloop
  endfacet
  facet normal 0.997072 0 -0.0764626
    outer loop
      vertex 57.9948 0.000499725 0.134334
      vertex 57.9947 6.69918 0.13303
      vertex 57.9948 6.69991 0.134334
    endloop
  endfacet
  facet normal 0.997072 0 -0.0764626
    outer loop
      vertex 57.9947 6.69918 0.13303
      vertex 57.9948 0.000499725 0.134334
      vertex 57.9947 0.000499725 0.13303
    endloop
  endfacet
  facet normal 0.997072 0 -0.0764626
    outer loop
      vertex 57.9948 17.5005 0.134334
      vertex 57.9947 10.8008 0.13303
      vertex 57.9947 17.5005 0.13303
    endloop
  endfacet
  facet normal 0.997072 0 -0.0764626
    outer loop
      vertex 57.9947 10.8008 0.13303
      vertex 57.9948 17.5005 0.134334
      vertex 57.9948 10.8001 0.134334
    endloop
  endfacet
  facet normal 0.988319 0 -0.152401
    outer loop
      vertex 57.9947 0.000499725 0.13303
      vertex 57.9945 6.69846 0.131733
      vertex 57.9947 6.69918 0.13303
    endloop
  endfacet
  facet normal 0.988319 0 -0.152401
    outer loop
      vertex 57.9945 6.69846 0.131733
      vertex 57.9947 0.000499725 0.13303
      vertex 57.9945 0.000499725 0.131733
    endloop
  endfacet
  facet normal 0.988319 0 -0.152401
    outer loop
      vertex 57.9947 17.5005 0.13303
      vertex 57.9945 10.8015 0.131733
      vertex 57.9945 17.5005 0.131733
    endloop
  endfacet
  facet normal 0.988319 0 -0.152401
    outer loop
      vertex 57.9945 10.8015 0.131733
      vertex 57.9947 17.5005 0.13303
      vertex 57.9947 10.8008 0.13303
    endloop
  endfacet
  facet normal 0.997036 0 -0.0769318
    outer loop
      vertex 57.9945 0.000499725 0.131733
      vertex 57.9944 6.69774 0.130437
      vertex 57.9945 6.69846 0.131733
    endloop
  endfacet
  facet normal 0.997036 0 -0.0769318
    outer loop
      vertex 57.9944 6.69774 0.130437
      vertex 57.9945 0.000499725 0.131733
      vertex 57.9944 0.000499725 0.130437
    endloop
  endfacet
  facet normal 0.997036 0 -0.0769318
    outer loop
      vertex 57.9945 17.5005 0.131733
      vertex 57.9944 10.8023 0.130437
      vertex 57.9944 17.5005 0.130437
    endloop
  endfacet
  facet normal 0.997036 0 -0.0769318
    outer loop
      vertex 57.9944 10.8023 0.130437
      vertex 57.9945 17.5005 0.131733
      vertex 57.9945 10.8015 0.131733
    endloop
  endfacet
  facet normal 0.988301 0 -0.152516
    outer loop
      vertex 57.9944 0.000499725 0.130437
      vertex 57.9942 6.69703 0.129141
      vertex 57.9944 6.69774 0.130437
    endloop
  endfacet
  facet normal 0.988301 0 -0.152516
    outer loop
      vertex 57.9942 6.69703 0.129141
      vertex 57.9944 0.000499725 0.130437
      vertex 57.9942 0.000499725 0.129141
    endloop
  endfacet
  facet normal 0.988301 0 -0.152516
    outer loop
      vertex 57.9944 17.5005 0.130437
      vertex 57.9942 10.803 0.129141
      vertex 57.9942 17.5005 0.129141
    endloop
  endfacet
  facet normal 0.988301 0 -0.152516
    outer loop
      vertex 57.9942 10.803 0.129141
      vertex 57.9944 17.5005 0.130437
      vertex 57.9944 10.8023 0.130437
    endloop
  endfacet
  facet normal 0.988319 0 -0.152401
    outer loop
      vertex 57.9942 0.000499725 0.129141
      vertex 57.994 6.69632 0.127844
      vertex 57.9942 6.69703 0.129141
    endloop
  endfacet
  facet normal 0.988319 0 -0.152401
    outer loop
      vertex 57.994 6.69632 0.127844
      vertex 57.9942 0.000499725 0.129141
      vertex 57.994 0.000499725 0.127844
    endloop
  endfacet
  facet normal 0.988319 0 -0.152401
    outer loop
      vertex 57.9942 17.5005 0.129141
      vertex 57.994 10.8037 0.127844
      vertex 57.994 17.5005 0.127844
    endloop
  endfacet
  facet normal 0.988319 0 -0.152401
    outer loop
      vertex 57.994 10.8037 0.127844
      vertex 57.9942 17.5005 0.129141
      vertex 57.9942 10.803 0.129141
    endloop
  endfacet
  facet normal 0.988301 0 -0.152516
    outer loop
      vertex 57.994 0.000499725 0.127844
      vertex 57.9938 6.69562 0.126548
      vertex 57.994 6.69632 0.127844
    endloop
  endfacet
  facet normal 0.988301 0 -0.152516
    outer loop
      vertex 57.9938 6.69562 0.126548
      vertex 57.994 0.000499725 0.127844
      vertex 57.9938 0.000499725 0.126548
    endloop
  endfacet
  facet normal 0.988301 0 -0.152516
    outer loop
      vertex 57.994 17.5005 0.127844
      vertex 57.9938 10.8044 0.126548
      vertex 57.9938 17.5005 0.126548
    endloop
  endfacet
  facet normal 0.988301 0 -0.152516
    outer loop
      vertex 57.9938 10.8044 0.126548
      vertex 57.994 17.5005 0.127844
      vertex 57.994 10.8037 0.127844
    endloop
  endfacet
  facet normal 0.988194 0 -0.153208
    outer loop
      vertex 57.9938 0.000499725 0.126548
      vertex 57.9936 6.69493 0.125258
      vertex 57.9938 6.69562 0.126548
    endloop
  endfacet
  facet normal 0.988194 0 -0.153208
    outer loop
      vertex 57.9936 6.69493 0.125258
      vertex 57.9938 0.000499725 0.126548
      vertex 57.9936 0.000499725 0.125258
    endloop
  endfacet
  facet normal 0.988194 0 -0.153208
    outer loop
      vertex 57.9938 17.5005 0.126548
      vertex 57.9936 10.8051 0.125258
      vertex 57.9936 17.5005 0.125258
    endloop
  endfacet
  facet normal 0.988194 0 -0.153208
    outer loop
      vertex 57.9936 10.8051 0.125258
      vertex 57.9938 17.5005 0.126548
      vertex 57.9938 10.8044 0.126548
    endloop
  endfacet
  facet normal 0.988158 0 -0.153441
    outer loop
      vertex 57.9936 0.000499725 0.125258
      vertex 57.9934 6.69425 0.12397
      vertex 57.9936 6.69493 0.125258
    endloop
  endfacet
  facet normal 0.988158 0 -0.153441
    outer loop
      vertex 57.9934 6.69425 0.12397
      vertex 57.9936 0.000499725 0.125258
      vertex 57.9934 0.000499725 0.12397
    endloop
  endfacet
  facet normal 0.988158 0 -0.153441
    outer loop
      vertex 57.9936 17.5005 0.125258
      vertex 57.9934 10.8057 0.12397
      vertex 57.9934 17.5005 0.12397
    endloop
  endfacet
  facet normal 0.988158 0 -0.153441
    outer loop
      vertex 57.9934 10.8057 0.12397
      vertex 57.9936 17.5005 0.125258
      vertex 57.9936 10.8051 0.125258
    endloop
  endfacet
  facet normal 0.973969 0 -0.22668
    outer loop
      vertex 57.9934 0.000499725 0.12397
      vertex 57.9931 6.69357 0.122681
      vertex 57.9934 6.69425 0.12397
    endloop
  endfacet
  facet normal 0.973969 0 -0.22668
    outer loop
      vertex 57.9931 6.69357 0.122681
      vertex 57.9934 0.000499725 0.12397
      vertex 57.9931 0.000499725 0.122681
    endloop
  endfacet
  facet normal 0.973969 0 -0.22668
    outer loop
      vertex 57.9934 17.5005 0.12397
      vertex 57.9931 10.8064 0.122681
      vertex 57.9931 17.5005 0.122681
    endloop
  endfacet
  facet normal 0.973969 0 -0.22668
    outer loop
      vertex 57.9931 10.8064 0.122681
      vertex 57.9934 17.5005 0.12397
      vertex 57.9934 10.8057 0.12397
    endloop
  endfacet
  facet normal 0.988049 0 -0.154142
    outer loop
      vertex 57.9931 0.000499725 0.122681
      vertex 57.9929 6.69291 0.121399
      vertex 57.9931 6.69357 0.122681
    endloop
  endfacet
  facet normal 0.988049 0 -0.154142
    outer loop
      vertex 57.9929 6.69291 0.121399
      vertex 57.9931 0.000499725 0.122681
      vertex 57.9929 0.000499725 0.121399
    endloop
  endfacet
  facet normal 0.988049 0 -0.154142
    outer loop
      vertex 57.9931 17.5005 0.122681
      vertex 57.9929 10.8071 0.121399
      vertex 57.9929 17.5005 0.121399
    endloop
  endfacet
  facet normal 0.988049 0 -0.154142
    outer loop
      vertex 57.9929 10.8071 0.121399
      vertex 57.9931 17.5005 0.122681
      vertex 57.9931 10.8064 0.122681
    endloop
  endfacet
  facet normal 0.973656 0 -0.228022
    outer loop
      vertex 57.9929 0.000499725 0.121399
      vertex 57.9926 6.69225 0.120118
      vertex 57.9929 6.69291 0.121399
    endloop
  endfacet
  facet normal 0.973656 0 -0.228022
    outer loop
      vertex 57.9926 6.69225 0.120118
      vertex 57.9929 0.000499725 0.121399
      vertex 57.9926 0.000499725 0.120118
    endloop
  endfacet
  facet normal 0.973656 0 -0.228022
    outer loop
      vertex 57.9929 17.5005 0.121399
      vertex 57.9926 10.8078 0.120118
      vertex 57.9926 17.5005 0.120118
    endloop
  endfacet
  facet normal 0.973656 0 -0.228022
    outer loop
      vertex 57.9926 10.8078 0.120118
      vertex 57.9929 17.5005 0.121399
      vertex 57.9929 10.8071 0.121399
    endloop
  endfacet
  facet normal 0.988049 0 -0.154142
    outer loop
      vertex 57.9926 0.000499725 0.120118
      vertex 57.9924 6.69159 0.118836
      vertex 57.9926 6.69225 0.120118
    endloop
  endfacet
  facet normal 0.988049 0 -0.154142
    outer loop
      vertex 57.9924 6.69159 0.118836
      vertex 57.9926 0.000499725 0.120118
      vertex 57.9924 0.000499725 0.118836
    endloop
  endfacet
  facet normal 0.988049 0 -0.154142
    outer loop
      vertex 57.9926 17.5005 0.120118
      vertex 57.9924 10.8084 0.118836
      vertex 57.9924 17.5005 0.118836
    endloop
  endfacet
  facet normal 0.988049 0 -0.154142
    outer loop
      vertex 57.9924 10.8084 0.118836
      vertex 57.9926 17.5005 0.120118
      vertex 57.9926 10.8078 0.120118
    endloop
  endfacet
  facet normal 0.973656 0 -0.228022
    outer loop
      vertex 57.9924 0.000499725 0.118836
      vertex 57.9921 6.69095 0.117555
      vertex 57.9924 6.69159 0.118836
    endloop
  endfacet
  facet normal 0.973656 0 -0.228022
    outer loop
      vertex 57.9921 6.69095 0.117555
      vertex 57.9924 0.000499725 0.118836
      vertex 57.9921 0.000499725 0.117555
    endloop
  endfacet
  facet normal 0.973656 0 -0.228022
    outer loop
      vertex 57.9924 17.5005 0.118836
      vertex 57.9921 10.8091 0.117555
      vertex 57.9921 17.5005 0.117555
    endloop
  endfacet
  facet normal 0.973656 0 -0.228022
    outer loop
      vertex 57.9921 10.8091 0.117555
      vertex 57.9924 17.5005 0.118836
      vertex 57.9924 10.8084 0.118836
    endloop
  endfacet
  facet normal 0.973377 0 -0.22921
    outer loop
      vertex 57.9921 0.000499725 0.117555
      vertex 57.9918 6.69031 0.116281
      vertex 57.9921 6.69095 0.117555
    endloop
  endfacet
  facet normal 0.973377 0 -0.22921
    outer loop
      vertex 57.9918 6.69031 0.116281
      vertex 57.9921 0.000499725 0.117555
      vertex 57.9918 0.000499725 0.116281
    endloop
  endfacet
  facet normal 0.973377 0 -0.22921
    outer loop
      vertex 57.9921 17.5005 0.117555
      vertex 57.9918 10.8097 0.116281
      vertex 57.9918 17.5005 0.116281
    endloop
  endfacet
  facet normal 0.973377 0 -0.22921
    outer loop
      vertex 57.9918 10.8097 0.116281
      vertex 57.9921 17.5005 0.117555
      vertex 57.9921 10.8091 0.117555
    endloop
  endfacet
  facet normal 0.973417 0 -0.229039
    outer loop
      vertex 57.9918 0.000499725 0.116281
      vertex 57.9915 6.68968 0.115006
      vertex 57.9918 6.69031 0.116281
    endloop
  endfacet
  facet normal 0.973417 0 -0.229039
    outer loop
      vertex 57.9915 6.68968 0.115006
      vertex 57.9918 0.000499725 0.116281
      vertex 57.9915 0.000499725 0.115006
    endloop
  endfacet
  facet normal 0.973417 0 -0.229039
    outer loop
      vertex 57.9918 17.5005 0.116281
      vertex 57.9915 10.8103 0.115006
      vertex 57.9915 17.5005 0.115006
    endloop
  endfacet
  facet normal 0.973417 0 -0.229039
    outer loop
      vertex 57.9915 10.8103 0.115006
      vertex 57.9918 17.5005 0.116281
      vertex 57.9918 10.8097 0.116281
    endloop
  endfacet
  facet normal 0.973377 0 -0.22921
    outer loop
      vertex 57.9915 0.000499725 0.115006
      vertex 57.9912 6.68905 0.113732
      vertex 57.9915 6.68968 0.115006
    endloop
  endfacet
  facet normal 0.973377 0 -0.22921
    outer loop
      vertex 57.9912 6.68905 0.113732
      vertex 57.9915 0.000499725 0.115006
      vertex 57.9912 0.000499725 0.113732
    endloop
  endfacet
  facet normal 0.973377 0 -0.22921
    outer loop
      vertex 57.9915 17.5005 0.115006
      vertex 57.9912 10.811 0.113732
      vertex 57.9912 17.5005 0.113732
    endloop
  endfacet
  facet normal 0.973377 0 -0.22921
    outer loop
      vertex 57.9912 10.811 0.113732
      vertex 57.9915 17.5005 0.115006
      vertex 57.9915 10.8103 0.115006
    endloop
  endfacet
  facet normal 0.973053 0 -0.230581
    outer loop
      vertex 57.9912 0.000499725 0.113732
      vertex 57.9909 6.68844 0.112466
      vertex 57.9912 6.68905 0.113732
    endloop
  endfacet
  facet normal 0.973053 0 -0.230581
    outer loop
      vertex 57.9909 6.68844 0.112466
      vertex 57.9912 0.000499725 0.113732
      vertex 57.9909 0.000499725 0.112466
    endloop
  endfacet
  facet normal 0.973053 0 -0.230581
    outer loop
      vertex 57.9912 17.5005 0.113732
      vertex 57.9909 10.8116 0.112466
      vertex 57.9909 17.5005 0.112466
    endloop
  endfacet
  facet normal 0.973053 0 -0.230581
    outer loop
      vertex 57.9909 10.8116 0.112466
      vertex 57.9912 17.5005 0.113732
      vertex 57.9912 10.811 0.113732
    endloop
  endfacet
  facet normal 0.953605 0 -0.301059
    outer loop
      vertex 57.9909 0.000499725 0.112466
      vertex 57.9905 6.68783 0.111199
      vertex 57.9909 6.68844 0.112466
    endloop
  endfacet
  facet normal 0.953605 0 -0.301059
    outer loop
      vertex 57.9905 6.68783 0.111199
      vertex 57.9909 0.000499725 0.112466
      vertex 57.9905 0.000499725 0.111199
    endloop
  endfacet
  facet normal 0.953605 0 -0.301059
    outer loop
      vertex 57.9909 17.5005 0.112466
      vertex 57.9905 10.8122 0.111199
      vertex 57.9905 17.5005 0.111199
    endloop
  endfacet
  facet normal 0.953605 0 -0.301059
    outer loop
      vertex 57.9905 10.8122 0.111199
      vertex 57.9909 17.5005 0.112466
      vertex 57.9909 10.8116 0.112466
    endloop
  endfacet
  facet normal 0.972723 0 -0.231969
    outer loop
      vertex 57.9905 0.000499725 0.111199
      vertex 57.9902 6.68723 0.109941
      vertex 57.9905 6.68783 0.111199
    endloop
  endfacet
  facet normal 0.972723 0 -0.231969
    outer loop
      vertex 57.9902 6.68723 0.109941
      vertex 57.9905 0.000499725 0.111199
      vertex 57.9902 0.000499725 0.109941
    endloop
  endfacet
  facet normal 0.972723 0 -0.231969
    outer loop
      vertex 57.9905 17.5005 0.111199
      vertex 57.9902 10.8128 0.109941
      vertex 57.9902 17.5005 0.109941
    endloop
  endfacet
  facet normal 0.972723 0 -0.231969
    outer loop
      vertex 57.9902 10.8128 0.109941
      vertex 57.9905 17.5005 0.111199
      vertex 57.9905 10.8122 0.111199
    endloop
  endfacet
  facet normal 0.953124 0 -0.302579
    outer loop
      vertex 57.9902 0.000499725 0.109941
      vertex 57.9898 6.68663 0.108681
      vertex 57.9902 6.68723 0.109941
    endloop
  endfacet
  facet normal 0.953124 0 -0.302579
    outer loop
      vertex 57.9898 6.68663 0.108681
      vertex 57.9902 0.000499725 0.109941
      vertex 57.9898 0.000499725 0.108681
    endloop
  endfacet
  facet normal 0.953124 0 -0.302579
    outer loop
      vertex 57.9902 17.5005 0.109941
      vertex 57.9898 10.8134 0.108681
      vertex 57.9898 17.5005 0.108681
    endloop
  endfacet
  facet normal 0.953124 0 -0.302579
    outer loop
      vertex 57.9898 10.8134 0.108681
      vertex 57.9902 17.5005 0.109941
      vertex 57.9902 10.8128 0.109941
    endloop
  endfacet
  facet normal 0.97243 0 -0.233197
    outer loop
      vertex 57.9898 0.000499725 0.108681
      vertex 57.9895 6.68605 0.10743
      vertex 57.9898 6.68663 0.108681
    endloop
  endfacet
  facet normal 0.97243 0 -0.233197
    outer loop
      vertex 57.9895 6.68605 0.10743
      vertex 57.9898 0.000499725 0.108681
      vertex 57.9895 0.000499725 0.10743
    endloop
  endfacet
  facet normal 0.97243 0 -0.233197
    outer loop
      vertex 57.9898 17.5005 0.108681
      vertex 57.9895 10.8139 0.10743
      vertex 57.9895 17.5005 0.10743
    endloop
  endfacet
  facet normal 0.97243 0 -0.233197
    outer loop
      vertex 57.9895 10.8139 0.10743
      vertex 57.9898 17.5005 0.108681
      vertex 57.9898 10.8134 0.108681
    endloop
  endfacet
  facet normal 0.953055 0 -0.302797
    outer loop
      vertex 57.9895 0.000499725 0.10743
      vertex 57.9891 6.68547 0.106171
      vertex 57.9895 6.68605 0.10743
    endloop
  endfacet
  facet normal 0.953055 0 -0.302797
    outer loop
      vertex 57.9891 6.68547 0.106171
      vertex 57.9895 0.000499725 0.10743
      vertex 57.9891 0.000499725 0.106171
    endloop
  endfacet
  facet normal 0.953055 0 -0.302797
    outer loop
      vertex 57.9895 17.5005 0.10743
      vertex 57.9891 10.8145 0.106171
      vertex 57.9891 17.5005 0.106171
    endloop
  endfacet
  facet normal 0.953055 0 -0.302797
    outer loop
      vertex 57.9891 10.8145 0.106171
      vertex 57.9895 17.5005 0.10743
      vertex 57.9895 10.8139 0.10743
    endloop
  endfacet
  facet normal 0.952068 0 -0.305885
    outer loop
      vertex 57.9891 0.000499725 0.106171
      vertex 57.9887 6.6849 0.104926
      vertex 57.9891 6.68547 0.106171
    endloop
  endfacet
  facet normal 0.952068 0 -0.305885
    outer loop
      vertex 57.9887 6.6849 0.104926
      vertex 57.9891 0.000499725 0.106171
      vertex 57.9887 0.000499725 0.104926
    endloop
  endfacet
  facet normal 0.952068 0 -0.305885
    outer loop
      vertex 57.9891 17.5005 0.106171
      vertex 57.9887 10.8151 0.104926
      vertex 57.9887 17.5005 0.104926
    endloop
  endfacet
  facet normal 0.952068 0 -0.305885
    outer loop
      vertex 57.9887 10.8151 0.104926
      vertex 57.9891 17.5005 0.106171
      vertex 57.9891 10.8145 0.106171
    endloop
  endfacet
  facet normal 0.952565 0 -0.304334
    outer loop
      vertex 57.9887 0.000499725 0.104926
      vertex 57.9883 6.68434 0.103674
      vertex 57.9887 6.6849 0.104926
    endloop
  endfacet
  facet normal 0.952565 0 -0.304334
    outer loop
      vertex 57.9883 6.68434 0.103674
      vertex 57.9887 0.000499725 0.104926
      vertex 57.9883 0.000499725 0.103674
    endloop
  endfacet
  facet normal 0.952565 0 -0.304334
    outer loop
      vertex 57.9887 17.5005 0.104926
      vertex 57.9883 10.8157 0.103674
      vertex 57.9883 17.5005 0.103674
    endloop
  endfacet
  facet normal 0.952565 0 -0.304334
    outer loop
      vertex 57.9883 10.8157 0.103674
      vertex 57.9887 17.5005 0.104926
      vertex 57.9887 10.8151 0.104926
    endloop
  endfacet
  facet normal 0.951418 0 -0.307902
    outer loop
      vertex 57.9883 0.000499725 0.103674
      vertex 57.9879 6.68379 0.102438
      vertex 57.9883 6.68434 0.103674
    endloop
  endfacet
  facet normal 0.951418 0 -0.307902
    outer loop
      vertex 57.9879 6.68379 0.102438
      vertex 57.9883 0.000499725 0.103674
      vertex 57.9879 0.000499725 0.102438
    endloop
  endfacet
  facet normal 0.951418 0 -0.307902
    outer loop
      vertex 57.9883 17.5005 0.103674
      vertex 57.9879 10.8162 0.102438
      vertex 57.9879 17.5005 0.102438
    endloop
  endfacet
  facet normal 0.951418 0 -0.307902
    outer loop
      vertex 57.9879 10.8162 0.102438
      vertex 57.9883 17.5005 0.103674
      vertex 57.9883 10.8157 0.103674
    endloop
  endfacet
  facet normal 0.952068 0 -0.305885
    outer loop
      vertex 57.9879 0.000499725 0.102438
      vertex 57.9875 6.68324 0.101193
      vertex 57.9879 6.68379 0.102438
    endloop
  endfacet
  facet normal 0.952068 0 -0.305885
    outer loop
      vertex 57.9875 6.68324 0.101193
      vertex 57.9879 0.000499725 0.102438
      vertex 57.9875 0.000499725 0.101193
    endloop
  endfacet
  facet normal 0.952068 0 -0.305885
    outer loop
      vertex 57.9879 17.5005 0.102438
      vertex 57.9875 10.8168 0.101193
      vertex 57.9875 17.5005 0.101193
    endloop
  endfacet
  facet normal 0.952068 0 -0.305885
    outer loop
      vertex 57.9875 10.8168 0.101193
      vertex 57.9879 17.5005 0.102438
      vertex 57.9879 10.8162 0.102438
    endloop
  endfacet
  facet normal 0.926267 0 -0.376868
    outer loop
      vertex 57.9875 0.000499725 0.101193
      vertex 57.987 6.68271 0.0999641
      vertex 57.9875 6.68324 0.101193
    endloop
  endfacet
  facet normal 0.926267 0 -0.376868
    outer loop
      vertex 57.987 6.68271 0.0999641
      vertex 57.9875 0.000499725 0.101193
      vertex 57.987 0.000499725 0.0999641
    endloop
  endfacet
  facet normal 0.926267 0 -0.376868
    outer loop
      vertex 57.9875 17.5005 0.101193
      vertex 57.987 10.8173 0.0999641
      vertex 57.987 17.5005 0.0999641
    endloop
  endfacet
  facet normal 0.926267 0 -0.376868
    outer loop
      vertex 57.987 10.8173 0.0999641
      vertex 57.9875 17.5005 0.101193
      vertex 57.9875 10.8168 0.101193
    endloop
  endfacet
  facet normal 0.951484 0 -0.307699
    outer loop
      vertex 57.987 0.000499725 0.0999641
      vertex 57.9866 6.68218 0.0987272
      vertex 57.987 6.68271 0.0999641
    endloop
  endfacet
  facet normal 0.951484 0 -0.307699
    outer loop
      vertex 57.9866 6.68218 0.0987272
      vertex 57.987 0.000499725 0.0999641
      vertex 57.9866 0.000499725 0.0987272
    endloop
  endfacet
  facet normal 0.951484 0 -0.307699
    outer loop
      vertex 57.987 17.5005 0.0999641
      vertex 57.9866 10.8178 0.0987272
      vertex 57.9866 17.5005 0.0987272
    endloop
  endfacet
  facet normal 0.951484 0 -0.307699
    outer loop
      vertex 57.9866 10.8178 0.0987272
      vertex 57.987 17.5005 0.0999641
      vertex 57.987 10.8173 0.0999641
    endloop
  endfacet
  facet normal 0.95035 0 -0.311182
    outer loop
      vertex 57.9866 0.000499725 0.0987272
      vertex 57.9862 6.68166 0.0975056
      vertex 57.9866 6.68218 0.0987272
    endloop
  endfacet
  facet normal 0.95035 0 -0.311182
    outer loop
      vertex 57.9862 6.68166 0.0975056
      vertex 57.9866 0.000499725 0.0987272
      vertex 57.9862 0.000499725 0.0975056
    endloop
  endfacet
  facet normal 0.95035 0 -0.311182
    outer loop
      vertex 57.9866 17.5005 0.0987272
      vertex 57.9862 10.8183 0.0975056
      vertex 57.9862 17.5005 0.0975056
    endloop
  endfacet
  facet normal 0.95035 0 -0.311182
    outer loop
      vertex 57.9862 10.8183 0.0975056
      vertex 57.9866 17.5005 0.0987272
      vertex 57.9866 10.8178 0.0987272
    endloop
  endfacet
  facet normal 0.925588 0 -0.378533
    outer loop
      vertex 57.9862 0.000499725 0.0975056
      vertex 57.9857 6.68115 0.096283
      vertex 57.9862 6.68166 0.0975056
    endloop
  endfacet
  facet normal 0.925588 0 -0.378533
    outer loop
      vertex 57.9857 6.68115 0.096283
      vertex 57.9862 0.000499725 0.0975056
      vertex 57.9857 0.000499725 0.096283
    endloop
  endfacet
  facet normal 0.925588 0 -0.378533
    outer loop
      vertex 57.9862 17.5005 0.0975056
      vertex 57.9857 10.8189 0.096283
      vertex 57.9857 17.5005 0.096283
    endloop
  endfacet
  facet normal 0.925588 0 -0.378533
    outer loop
      vertex 57.9857 10.8189 0.096283
      vertex 57.9862 17.5005 0.0975056
      vertex 57.9862 10.8183 0.0975056
    endloop
  endfacet
  facet normal 0.92549 0 -0.378771
    outer loop
      vertex 57.9857 0.000499725 0.096283
      vertex 57.9852 6.68064 0.0950613
      vertex 57.9857 6.68115 0.096283
    endloop
  endfacet
  facet normal 0.92549 0 -0.378771
    outer loop
      vertex 57.9852 6.68064 0.0950613
      vertex 57.9857 0.000499725 0.096283
      vertex 57.9852 0.000499725 0.0950613
    endloop
  endfacet
  facet normal 0.92549 0 -0.378771
    outer loop
      vertex 57.9857 17.5005 0.096283
      vertex 57.9852 10.8194 0.0950613
      vertex 57.9852 17.5005 0.0950613
    endloop
  endfacet
  facet normal 0.92549 0 -0.378771
    outer loop
      vertex 57.9852 10.8194 0.0950613
      vertex 57.9857 17.5005 0.096283
      vertex 57.9857 10.8189 0.096283
    endloop
  endfacet
  facet normal 0.924647 0 -0.380826
    outer loop
      vertex 57.9852 0.000499725 0.0950613
      vertex 57.9847 6.68015 0.0938473
      vertex 57.9852 6.68064 0.0950613
    endloop
  endfacet
  facet normal 0.924647 0 -0.380826
    outer loop
      vertex 57.9847 6.68015 0.0938473
      vertex 57.9852 0.000499725 0.0950613
      vertex 57.9847 0.000499725 0.0938473
    endloop
  endfacet
  facet normal 0.924647 0 -0.380826
    outer loop
      vertex 57.9852 17.5005 0.0950613
      vertex 57.9847 10.8199 0.0938473
      vertex 57.9847 17.5005 0.0938473
    endloop
  endfacet
  facet normal 0.924647 0 -0.380826
    outer loop
      vertex 57.9847 10.8199 0.0938473
      vertex 57.9852 17.5005 0.0950613
      vertex 57.9852 10.8194 0.0950613
    endloop
  endfacet
  facet normal 0.924757 0 -0.380558
    outer loop
      vertex 57.9847 0.000499725 0.0938473
      vertex 57.9842 6.67966 0.0926323
      vertex 57.9847 6.68015 0.0938473
    endloop
  endfacet
  facet normal 0.924757 0 -0.380558
    outer loop
      vertex 57.9842 6.67966 0.0926323
      vertex 57.9847 0.000499725 0.0938473
      vertex 57.9842 0.000499725 0.0926323
    endloop
  endfacet
  facet normal 0.924757 0 -0.380558
    outer loop
      vertex 57.9847 17.5005 0.0938473
      vertex 57.9842 10.8203 0.0926323
      vertex 57.9842 17.5005 0.0926323
    endloop
  endfacet
  facet normal 0.924757 0 -0.380558
    outer loop
      vertex 57.9842 10.8203 0.0926323
      vertex 57.9847 17.5005 0.0938473
      vertex 57.9847 10.8199 0.0938473
    endloop
  endfacet
  facet normal 0.9238 0 -0.382875
    outer loop
      vertex 57.9842 0.000499725 0.0926323
      vertex 57.9837 6.67918 0.0914259
      vertex 57.9842 6.67966 0.0926323
    endloop
  endfacet
  facet normal 0.9238 0 -0.382875
    outer loop
      vertex 57.9837 6.67918 0.0914259
      vertex 57.9842 0.000499725 0.0926323
      vertex 57.9837 0.000499725 0.0914259
    endloop
  endfacet
  facet normal 0.9238 0 -0.382875
    outer loop
      vertex 57.9842 17.5005 0.0926323
      vertex 57.9837 10.8208 0.0914259
      vertex 57.9837 17.5005 0.0914259
    endloop
  endfacet
  facet normal 0.9238 0 -0.382875
    outer loop
      vertex 57.9837 10.8208 0.0914259
      vertex 57.9842 17.5005 0.0926323
      vertex 57.9842 10.8203 0.0926323
    endloop
  endfacet
  facet normal 0.923043 0 -0.384697
    outer loop
      vertex 57.9837 0.000499725 0.0914259
      vertex 57.9832 6.67871 0.0902262
      vertex 57.9837 6.67918 0.0914259
    endloop
  endfacet
  facet normal 0.923043 0 -0.384697
    outer loop
      vertex 57.9832 6.67871 0.0902262
      vertex 57.9837 0.000499725 0.0914259
      vertex 57.9832 0.000499725 0.0902262
    endloop
  endfacet
  facet normal 0.923043 0 -0.384697
    outer loop
      vertex 57.9837 17.5005 0.0914259
      vertex 57.9832 10.8213 0.0902262
      vertex 57.9832 17.5005 0.0902262
    endloop
  endfacet
  facet normal 0.923043 0 -0.384697
    outer loop
      vertex 57.9832 10.8213 0.0902262
      vertex 57.9837 17.5005 0.0914259
      vertex 57.9837 10.8208 0.0914259
    endloop
  endfacet
  facet normal 0.923043 0 -0.384697
    outer loop
      vertex 57.9832 0.000499725 0.0902262
      vertex 57.9827 6.67824 0.0890265
      vertex 57.9832 6.67871 0.0902262
    endloop
  endfacet
  facet normal 0.923043 0 -0.384697
    outer loop
      vertex 57.9827 6.67824 0.0890265
      vertex 57.9832 0.000499725 0.0902262
      vertex 57.9827 0.000499725 0.0890265
    endloop
  endfacet
  facet normal 0.923043 0 -0.384697
    outer loop
      vertex 57.9832 17.5005 0.0902262
      vertex 57.9827 10.8218 0.0890265
      vertex 57.9827 17.5005 0.0890265
    endloop
  endfacet
  facet normal 0.923043 0 -0.384697
    outer loop
      vertex 57.9827 10.8218 0.0890265
      vertex 57.9832 17.5005 0.0902262
      vertex 57.9832 10.8213 0.0902262
    endloop
  endfacet
  facet normal 0.89324 0 -0.44958
    outer loop
      vertex 57.9827 0.000499725 0.0890265
      vertex 57.9821 6.67779 0.0878344
      vertex 57.9827 6.67824 0.0890265
    endloop
  endfacet
  facet normal 0.89324 0 -0.44958
    outer loop
      vertex 57.9821 6.67779 0.0878344
      vertex 57.9827 0.000499725 0.0890265
      vertex 57.9821 0.000499725 0.0878344
    endloop
  endfacet
  facet normal 0.89324 0 -0.44958
    outer loop
      vertex 57.9827 17.5005 0.0890265
      vertex 57.9821 10.8222 0.0878344
      vertex 57.9821 17.5005 0.0878344
    endloop
  endfacet
  facet normal 0.89324 0 -0.44958
    outer loop
      vertex 57.9821 10.8222 0.0878344
      vertex 57.9827 17.5005 0.0890265
      vertex 57.9827 10.8218 0.0890265
    endloop
  endfacet
  facet normal 0.921284 0 -0.388891
    outer loop
      vertex 57.9821 0.000499725 0.0878344
      vertex 57.9816 6.67735 0.0866499
      vertex 57.9821 6.67779 0.0878344
    endloop
  endfacet
  facet normal 0.921284 0 -0.388891
    outer loop
      vertex 57.9816 6.67735 0.0866499
      vertex 57.9821 0.000499725 0.0878344
      vertex 57.9816 0.000499725 0.0866499
    endloop
  endfacet
  facet normal 0.921284 0 -0.388891
    outer loop
      vertex 57.9821 17.5005 0.0878344
      vertex 57.9816 10.8227 0.0866499
      vertex 57.9816 17.5005 0.0866499
    endloop
  endfacet
  facet normal 0.921284 0 -0.388891
    outer loop
      vertex 57.9816 10.8227 0.0866499
      vertex 57.9821 17.5005 0.0878344
      vertex 57.9821 10.8222 0.0878344
    endloop
  endfacet
  facet normal 0.89208 0 -0.451877
    outer loop
      vertex 57.9816 0.000499725 0.0866499
      vertex 57.981 6.67691 0.0854654
      vertex 57.9816 6.67735 0.0866499
    endloop
  endfacet
  facet normal 0.89208 0 -0.451877
    outer loop
      vertex 57.981 6.67691 0.0854654
      vertex 57.9816 0.000499725 0.0866499
      vertex 57.981 0.000499725 0.0854654
    endloop
  endfacet
  facet normal 0.89208 0 -0.451877
    outer loop
      vertex 57.9816 17.5005 0.0866499
      vertex 57.981 10.8231 0.0854654
      vertex 57.981 17.5005 0.0854654
    endloop
  endfacet
  facet normal 0.89208 0 -0.451877
    outer loop
      vertex 57.981 10.8231 0.0854654
      vertex 57.9816 17.5005 0.0866499
      vertex 57.9816 10.8227 0.0866499
    endloop
  endfacet
  facet normal 0.92049 0 -0.390767
    outer loop
      vertex 57.981 0.000499725 0.0854654
      vertex 57.9805 6.67648 0.0842876
      vertex 57.981 6.67691 0.0854654
    endloop
  endfacet
  facet normal 0.92049 0 -0.390767
    outer loop
      vertex 57.9805 6.67648 0.0842876
      vertex 57.981 0.000499725 0.0854654
      vertex 57.9805 0.000499725 0.0842876
    endloop
  endfacet
  facet normal 0.92049 0 -0.390767
    outer loop
      vertex 57.981 17.5005 0.0854654
      vertex 57.9805 10.8235 0.0842876
      vertex 57.9805 17.5005 0.0842876
    endloop
  endfacet
  facet normal 0.92049 0 -0.390767
    outer loop
      vertex 57.9805 10.8235 0.0842876
      vertex 57.981 17.5005 0.0854654
      vertex 57.981 10.8231 0.0854654
    endloop
  endfacet
  facet normal 0.890887 0 -0.454225
    outer loop
      vertex 57.9805 0.000499725 0.0842876
      vertex 57.9799 6.67606 0.0831108
      vertex 57.9805 6.67648 0.0842876
    endloop
  endfacet
  facet normal 0.890887 0 -0.454225
    outer loop
      vertex 57.9799 6.67606 0.0831108
      vertex 57.9805 0.000499725 0.0842876
      vertex 57.9799 0.000499725 0.0831108
    endloop
  endfacet
  facet normal 0.890887 0 -0.454225
    outer loop
      vertex 57.9805 17.5005 0.0842876
      vertex 57.9799 10.8239 0.0831108
      vertex 57.9799 17.5005 0.0831108
    endloop
  endfacet
  facet normal 0.890887 0 -0.454225
    outer loop
      vertex 57.9799 10.8239 0.0831108
      vertex 57.9805 17.5005 0.0842876
      vertex 57.9805 10.8235 0.0842876
    endloop
  endfacet
  facet normal 0.889833 0 -0.456286
    outer loop
      vertex 57.9799 0.000499725 0.0831108
      vertex 57.9793 6.67565 0.0819407
      vertex 57.9799 6.67606 0.0831108
    endloop
  endfacet
  facet normal 0.889833 0 -0.456286
    outer loop
      vertex 57.9793 6.67565 0.0819407
      vertex 57.9799 0.000499725 0.0831108
      vertex 57.9793 0.000499725 0.0819407
    endloop
  endfacet
  facet normal 0.889833 0 -0.456286
    outer loop
      vertex 57.9799 17.5005 0.0831108
      vertex 57.9793 10.8244 0.0819407
      vertex 57.9793 17.5005 0.0819407
    endloop
  endfacet
  facet normal 0.889833 0 -0.456286
    outer loop
      vertex 57.9793 10.8244 0.0819407
      vertex 57.9799 17.5005 0.0831108
      vertex 57.9799 10.8239 0.0831108
    endloop
  endfacet
  facet normal 0.888476 0 -0.458923
    outer loop
      vertex 57.9793 0.000499725 0.0819407
      vertex 57.9787 6.67525 0.0807791
      vertex 57.9793 6.67565 0.0819407
    endloop
  endfacet
  facet normal 0.888476 0 -0.458923
    outer loop
      vertex 57.9787 6.67525 0.0807791
      vertex 57.9793 0.000499725 0.0819407
      vertex 57.9787 0.000499725 0.0807791
    endloop
  endfacet
  facet normal 0.888476 0 -0.458923
    outer loop
      vertex 57.9793 17.5005 0.0819407
      vertex 57.9787 10.8248 0.0807791
      vertex 57.9787 17.5005 0.0807791
    endloop
  endfacet
  facet normal 0.888476 0 -0.458923
    outer loop
      vertex 57.9787 10.8248 0.0807791
      vertex 57.9793 17.5005 0.0819407
      vertex 57.9793 10.8244 0.0819407
    endloop
  endfacet
  facet normal 0.887389 0 -0.461021
    outer loop
      vertex 57.9787 0.000499725 0.0807791
      vertex 57.9781 6.67486 0.0796242
      vertex 57.9787 6.67525 0.0807791
    endloop
  endfacet
  facet normal 0.887389 0 -0.461021
    outer loop
      vertex 57.9781 6.67486 0.0796242
      vertex 57.9787 0.000499725 0.0807791
      vertex 57.9781 0.000499725 0.0796242
    endloop
  endfacet
  facet normal 0.887389 0 -0.461021
    outer loop
      vertex 57.9787 17.5005 0.0807791
      vertex 57.9781 10.8251 0.0796242
      vertex 57.9781 17.5005 0.0796242
    endloop
  endfacet
  facet normal 0.887389 0 -0.461021
    outer loop
      vertex 57.9781 10.8251 0.0796242
      vertex 57.9787 17.5005 0.0807791
      vertex 57.9787 10.8248 0.0807791
    endloop
  endfacet
  facet normal 0.887389 0 -0.461021
    outer loop
      vertex 57.9781 0.000499725 0.0796242
      vertex 57.9775 6.67447 0.0784693
      vertex 57.9781 6.67486 0.0796242
    endloop
  endfacet
  facet normal 0.887389 0 -0.461021
    outer loop
      vertex 57.9775 6.67447 0.0784693
      vertex 57.9781 0.000499725 0.0796242
      vertex 57.9775 0.000499725 0.0784693
    endloop
  endfacet
  facet normal 0.887389 0 -0.461021
    outer loop
      vertex 57.9781 17.5005 0.0796242
      vertex 57.9775 10.8255 0.0784693
      vertex 57.9775 17.5005 0.0784693
    endloop
  endfacet
  facet normal 0.887389 0 -0.461021
    outer loop
      vertex 57.9775 10.8255 0.0784693
      vertex 57.9781 17.5005 0.0796242
      vertex 57.9781 10.8251 0.0796242
    endloop
  endfacet
  facet normal 0.886138 0 -0.463421
    outer loop
      vertex 57.9775 0.000499725 0.0784693
      vertex 57.9769 6.67409 0.077322
      vertex 57.9775 6.67447 0.0784693
    endloop
  endfacet
  facet normal 0.886138 0 -0.463421
    outer loop
      vertex 57.9769 6.67409 0.077322
      vertex 57.9775 0.000499725 0.0784693
      vertex 57.9769 0.000499725 0.077322
    endloop
  endfacet
  facet normal 0.886138 0 -0.463421
    outer loop
      vertex 57.9775 17.5005 0.0784693
      vertex 57.9769 10.8259 0.077322
      vertex 57.9769 17.5005 0.077322
    endloop
  endfacet
  facet normal 0.886138 0 -0.463421
    outer loop
      vertex 57.9769 10.8259 0.077322
      vertex 57.9775 17.5005 0.0784693
      vertex 57.9775 10.8255 0.0784693
    endloop
  endfacet
  facet normal 0.852294 0 -0.523063
    outer loop
      vertex 57.9769 0.000499725 0.077322
      vertex 57.9762 6.67372 0.0761814
      vertex 57.9769 6.67409 0.077322
    endloop
  endfacet
  facet normal 0.852294 0 -0.523063
    outer loop
      vertex 57.9762 6.67372 0.0761814
      vertex 57.9769 0.000499725 0.077322
      vertex 57.9762 0.000499725 0.0761814
    endloop
  endfacet
  facet normal 0.852294 0 -0.523063
    outer loop
      vertex 57.9769 17.5005 0.077322
      vertex 57.9762 10.8263 0.0761814
      vertex 57.9762 17.5005 0.0761814
    endloop
  endfacet
  facet normal 0.852294 0 -0.523063
    outer loop
      vertex 57.9762 10.8263 0.0761814
      vertex 57.9769 17.5005 0.077322
      vertex 57.9769 10.8259 0.077322
    endloop
  endfacet
  facet normal 0.88356 0 -0.468318
    outer loop
      vertex 57.9762 0.000499725 0.0761814
      vertex 57.9756 6.67337 0.0750494
      vertex 57.9762 6.67372 0.0761814
    endloop
  endfacet
  facet normal 0.88356 0 -0.468318
    outer loop
      vertex 57.9756 6.67337 0.0750494
      vertex 57.9762 0.000499725 0.0761814
      vertex 57.9756 0.000499725 0.0750494
    endloop
  endfacet
  facet normal 0.88356 0 -0.468318
    outer loop
      vertex 57.9762 17.5005 0.0761814
      vertex 57.9756 10.8266 0.0750494
      vertex 57.9756 17.5005 0.0750494
    endloop
  endfacet
  facet normal 0.88356 0 -0.468318
    outer loop
      vertex 57.9756 10.8266 0.0750494
      vertex 57.9762 17.5005 0.0761814
      vertex 57.9762 10.8263 0.0761814
    endloop
  endfacet
  facet normal 0.850729 0 -0.525605
    outer loop
      vertex 57.9756 0.000499725 0.0750494
      vertex 57.9749 6.67302 0.0739164
      vertex 57.9756 6.67337 0.0750494
    endloop
  endfacet
  facet normal 0.850729 0 -0.525605
    outer loop
      vertex 57.9749 6.67302 0.0739164
      vertex 57.9756 0.000499725 0.0750494
      vertex 57.9749 0.000499725 0.0739164
    endloop
  endfacet
  facet normal 0.850729 0 -0.525605
    outer loop
      vertex 57.9756 17.5005 0.0750494
      vertex 57.9749 10.827 0.0739164
      vertex 57.9749 17.5005 0.0739164
    endloop
  endfacet
  facet normal 0.850729 0 -0.525605
    outer loop
      vertex 57.9749 10.827 0.0739164
      vertex 57.9756 17.5005 0.0750494
      vertex 57.9756 10.8266 0.0750494
    endloop
  endfacet
  facet normal 0.848909 0 -0.528539
    outer loop
      vertex 57.9749 0.000499725 0.0739164
      vertex 57.9742 6.67268 0.0727921
      vertex 57.9749 6.67302 0.0739164
    endloop
  endfacet
  facet normal 0.848909 0 -0.528539
    outer loop
      vertex 57.9742 6.67268 0.0727921
      vertex 57.9749 0.000499725 0.0739164
      vertex 57.9742 0.000499725 0.0727921
    endloop
  endfacet
  facet normal 0.848909 0 -0.528539
    outer loop
      vertex 57.9749 17.5005 0.0739164
      vertex 57.9742 10.8273 0.0727921
      vertex 57.9742 17.5005 0.0727921
    endloop
  endfacet
  facet normal 0.848909 0 -0.528539
    outer loop
      vertex 57.9742 10.8273 0.0727921
      vertex 57.9749 17.5005 0.0739164
      vertex 57.9749 10.827 0.0739164
    endloop
  endfacet
  facet normal 0.881093 0 -0.472943
    outer loop
      vertex 57.9742 0.000499725 0.0727921
      vertex 57.9736 6.67235 0.0716743
      vertex 57.9742 6.67268 0.0727921
    endloop
  endfacet
  facet normal 0.881093 0 -0.472943
    outer loop
      vertex 57.9736 6.67235 0.0716743
      vertex 57.9742 0.000499725 0.0727921
      vertex 57.9736 0.000499725 0.0716743
    endloop
  endfacet
  facet normal 0.881093 0 -0.472943
    outer loop
      vertex 57.9742 17.5005 0.0727921
      vertex 57.9736 10.8277 0.0716743
      vertex 57.9736 17.5005 0.0716743
    endloop
  endfacet
  facet normal 0.881093 0 -0.472943
    outer loop
      vertex 57.9736 10.8277 0.0716743
      vertex 57.9742 17.5005 0.0727921
      vertex 57.9742 10.8273 0.0727921
    endloop
  endfacet
  facet normal 0.845851 0 -0.533419
    outer loop
      vertex 57.9736 0.000499725 0.0716743
      vertex 57.9729 6.67202 0.0705643
      vertex 57.9736 6.67235 0.0716743
    endloop
  endfacet
  facet normal 0.845851 0 -0.533419
    outer loop
      vertex 57.9729 6.67202 0.0705643
      vertex 57.9736 0.000499725 0.0716743
      vertex 57.9729 0.000499725 0.0705643
    endloop
  endfacet
  facet normal 0.845851 0 -0.533419
    outer loop
      vertex 57.9736 17.5005 0.0716743
      vertex 57.9729 10.828 0.0705643
      vertex 57.9729 17.5005 0.0705643
    endloop
  endfacet
  facet normal 0.845851 0 -0.533419
    outer loop
      vertex 57.9729 10.828 0.0705643
      vertex 57.9736 17.5005 0.0716743
      vertex 57.9736 10.8277 0.0716743
    endloop
  endfacet
  facet normal 0.845873 0 -0.533385
    outer loop
      vertex 57.9729 0.000499725 0.0705643
      vertex 57.9722 6.67171 0.0694542
      vertex 57.9729 6.67202 0.0705643
    endloop
  endfacet
  facet normal 0.845873 0 -0.533385
    outer loop
      vertex 57.9722 6.67171 0.0694542
      vertex 57.9729 0.000499725 0.0705643
      vertex 57.9722 0.000499725 0.0694542
    endloop
  endfacet
  facet normal 0.845873 0 -0.533385
    outer loop
      vertex 57.9729 17.5005 0.0705643
      vertex 57.9722 10.8283 0.0694542
      vertex 57.9722 17.5005 0.0694542
    endloop
  endfacet
  facet normal 0.845873 0 -0.533385
    outer loop
      vertex 57.9722 10.8283 0.0694542
      vertex 57.9729 17.5005 0.0705643
      vertex 57.9729 10.828 0.0705643
    endloop
  endfacet
  facet normal 0.844411 0 -0.535696
    outer loop
      vertex 57.9722 0.000499725 0.0694542
      vertex 57.9715 6.6714 0.0683508
      vertex 57.9722 6.67171 0.0694542
    endloop
  endfacet
  facet normal 0.844411 0 -0.535696
    outer loop
      vertex 57.9715 6.6714 0.0683508
      vertex 57.9722 0.000499725 0.0694542
      vertex 57.9715 0.000499725 0.0683508
    endloop
  endfacet
  facet normal 0.844411 0 -0.535696
    outer loop
      vertex 57.9722 17.5005 0.0694542
      vertex 57.9715 10.8286 0.0683508
      vertex 57.9715 17.5005 0.0683508
    endloop
  endfacet
  facet normal 0.844411 0 -0.535696
    outer loop
      vertex 57.9715 10.8286 0.0683508
      vertex 57.9722 17.5005 0.0694542
      vertex 57.9722 10.8283 0.0694542
    endloop
  endfacet
  facet normal 0.802711 0 -0.596368
    outer loop
      vertex 57.9715 0.000499725 0.0683508
      vertex 57.9713 6.67133 0.0680816
      vertex 57.9715 6.6714 0.0683508
    endloop
  endfacet
  facet normal 0.855364 4.74005e-06 -0.518027
    outer loop
      vertex 57.9715 0.000499725 0.0683508
      vertex 57.9708 6.67118 0.067256
      vertex 57.9713 6.67133 0.0680816
    endloop
  endfacet
  facet normal 0.842506 0 -0.538687
    outer loop
      vertex 57.9708 6.67118 0.067256
      vertex 57.9715 0.000499725 0.0683508
      vertex 57.9708 0.000499725 0.067256
    endloop
  endfacet
  facet normal 0.842506 0 -0.538687
    outer loop
      vertex 57.9715 17.5005 0.0683508
      vertex 57.9708 10.8288 0.067256
      vertex 57.9708 17.5005 0.067256
    endloop
  endfacet
  facet normal 0.855365 -4.73937e-06 -0.518027
    outer loop
      vertex 57.9715 17.5005 0.0683508
      vertex 57.9713 10.8287 0.0680816
      vertex 57.9708 10.8288 0.067256
    endloop
  endfacet
  facet normal 0.802711 0 -0.596368
    outer loop
      vertex 57.9713 10.8287 0.0680816
      vertex 57.9715 17.5005 0.0683508
      vertex 57.9715 10.8286 0.0683508
    endloop
  endfacet
  facet normal 0.805703 0 -0.59232
    outer loop
      vertex 57.9708 0.000499725 0.067256
      vertex 57.97 6.67099 0.0661678
      vertex 57.9708 6.67118 0.067256
    endloop
  endfacet
  facet normal 0.805703 0 -0.59232
    outer loop
      vertex 57.97 6.67099 0.0661678
      vertex 57.9708 0.000499725 0.067256
      vertex 57.97 0.000499725 0.0661678
    endloop
  endfacet
  facet normal 0.805703 0 -0.59232
    outer loop
      vertex 57.9708 17.5005 0.067256
      vertex 57.97 10.829 0.0661678
      vertex 57.97 17.5005 0.0661678
    endloop
  endfacet
  facet normal 0.805703 0 -0.59232
    outer loop
      vertex 57.97 10.829 0.0661678
      vertex 57.9708 17.5005 0.067256
      vertex 57.9708 10.8288 0.067256
    endloop
  endfacet
  facet normal 0.839038 0 -0.544073
    outer loop
      vertex 57.97 0.000499725 0.0661678
      vertex 57.9693 6.67081 0.0650883
      vertex 57.97 6.67099 0.0661678
    endloop
  endfacet
  facet normal 0.839038 0 -0.544073
    outer loop
      vertex 57.9693 6.67081 0.0650883
      vertex 57.97 0.000499725 0.0661678
      vertex 57.9693 0.000499725 0.0650883
    endloop
  endfacet
  facet normal 0.839038 0 -0.544073
    outer loop
      vertex 57.97 17.5005 0.0661678
      vertex 57.9693 10.8292 0.0650883
      vertex 57.9693 17.5005 0.0650883
    endloop
  endfacet
  facet normal 0.839038 0 -0.544073
    outer loop
      vertex 57.9693 10.8292 0.0650883
      vertex 57.97 17.5005 0.0661678
      vertex 57.97 10.829 0.0661678
    endloop
  endfacet
  facet normal 0.801674 0 -0.597762
    outer loop
      vertex 57.9693 0.000499725 0.0650883
      vertex 57.9685 6.67064 0.0640154
      vertex 57.9693 6.67081 0.0650883
    endloop
  endfacet
  facet normal 0.801674 0 -0.597762
    outer loop
      vertex 57.9685 6.67064 0.0640154
      vertex 57.9693 0.000499725 0.0650883
      vertex 57.9685 0.000499725 0.0640154
    endloop
  endfacet
  facet normal 0.801674 0 -0.597762
    outer loop
      vertex 57.9693 17.5005 0.0650883
      vertex 57.9685 10.8294 0.0640154
      vertex 57.9685 17.5005 0.0640154
    endloop
  endfacet
  facet normal 0.801674 0 -0.597762
    outer loop
      vertex 57.9685 10.8294 0.0640154
      vertex 57.9693 17.5005 0.0650883
      vertex 57.9693 10.8292 0.0650883
    endloop
  endfacet
  facet normal 0.835938 0 -0.548824
    outer loop
      vertex 57.9685 0.000499725 0.0640154
      vertex 57.9678 6.67047 0.0629492
      vertex 57.9685 6.67064 0.0640154
    endloop
  endfacet
  facet normal 0.835938 0 -0.548824
    outer loop
      vertex 57.9678 6.67047 0.0629492
      vertex 57.9685 0.000499725 0.0640154
      vertex 57.9678 0.000499725 0.0629492
    endloop
  endfacet
  facet normal 0.835938 0 -0.548824
    outer loop
      vertex 57.9685 17.5005 0.0640154
      vertex 57.9678 10.8295 0.0629492
      vertex 57.9678 17.5005 0.0629492
    endloop
  endfacet
  facet normal 0.835938 0 -0.548824
    outer loop
      vertex 57.9678 10.8295 0.0629492
      vertex 57.9685 17.5005 0.0640154
      vertex 57.9685 10.8294 0.0640154
    endloop
  endfacet
  facet normal 0.799631 0 -0.600492
    outer loop
      vertex 57.9678 0.000499725 0.0629492
      vertex 57.967 6.67031 0.0618839
      vertex 57.9678 6.67047 0.0629492
    endloop
  endfacet
  facet normal 0.799631 0 -0.600492
    outer loop
      vertex 57.967 6.67031 0.0618839
      vertex 57.9678 0.000499725 0.0629492
      vertex 57.967 0.000499725 0.0618839
    endloop
  endfacet
  facet normal 0.799631 0 -0.600492
    outer loop
      vertex 57.9678 17.5005 0.0629492
      vertex 57.967 10.8297 0.0618839
      vertex 57.967 17.5005 0.0618839
    endloop
  endfacet
  facet normal 0.799631 0 -0.600492
    outer loop
      vertex 57.967 10.8297 0.0618839
      vertex 57.9678 17.5005 0.0629492
      vertex 57.9678 10.8295 0.0629492
    endloop
  endfacet
  facet normal 0.83389 0 -0.551931
    outer loop
      vertex 57.967 0.000499725 0.0618839
      vertex 57.9663 6.67015 0.0608263
      vertex 57.967 6.67031 0.0618839
    endloop
  endfacet
  facet normal 0.83389 0 -0.551931
    outer loop
      vertex 57.9663 6.67015 0.0608263
      vertex 57.967 0.000499725 0.0618839
      vertex 57.9663 0.000499725 0.0608263
    endloop
  endfacet
  facet normal 0.83389 0 -0.551931
    outer loop
      vertex 57.967 17.5005 0.0618839
      vertex 57.9663 10.8299 0.0608263
      vertex 57.9663 17.5005 0.0608263
    endloop
  endfacet
  facet normal 0.83389 0 -0.551931
    outer loop
      vertex 57.9663 10.8299 0.0608263
      vertex 57.967 17.5005 0.0618839
      vertex 57.967 10.8297 0.0618839
    endloop
  endfacet
  facet normal 0.793556 0 -0.608497
    outer loop
      vertex 57.9663 0.000499725 0.0608263
      vertex 57.9655 6.67 0.059783
      vertex 57.9663 6.67015 0.0608263
    endloop
  endfacet
  facet normal 0.793556 0 -0.608497
    outer loop
      vertex 57.9655 6.67 0.059783
      vertex 57.9663 0.000499725 0.0608263
      vertex 57.9655 0.000499725 0.059783
    endloop
  endfacet
  facet normal 0.793556 0 -0.608497
    outer loop
      vertex 57.9663 17.5005 0.0608263
      vertex 57.9655 10.83 0.059783
      vertex 57.9655 17.5005 0.059783
    endloop
  endfacet
  facet normal 0.793556 0 -0.608497
    outer loop
      vertex 57.9655 10.83 0.059783
      vertex 57.9663 17.5005 0.0608263
      vertex 57.9663 10.8299 0.0608263
    endloop
  endfacet
  facet normal 0.793556 0 -0.608497
    outer loop
      vertex 57.9655 0.000499725 0.059783
      vertex 57.9647 6.66985 0.0587397
      vertex 57.9655 6.67 0.059783
    endloop
  endfacet
  facet normal 0.793556 0 -0.608497
    outer loop
      vertex 57.9647 6.66985 0.0587397
      vertex 57.9655 0.000499725 0.059783
      vertex 57.9647 0.000499725 0.0587397
    endloop
  endfacet
  facet normal 0.793556 0 -0.608497
    outer loop
      vertex 57.9655 17.5005 0.059783
      vertex 57.9647 10.8301 0.0587397
      vertex 57.9647 17.5005 0.0587397
    endloop
  endfacet
  facet normal 0.793556 0 -0.608497
    outer loop
      vertex 57.9647 10.8301 0.0587397
      vertex 57.9655 17.5005 0.059783
      vertex 57.9655 10.83 0.059783
    endloop
  endfacet
  facet normal 0.791401 0 -0.611297
    outer loop
      vertex 57.9647 0.000499725 0.0587397
      vertex 57.9639 6.66971 0.057704
      vertex 57.9647 6.66985 0.0587397
    endloop
  endfacet
  facet normal 0.791401 0 -0.611297
    outer loop
      vertex 57.9639 6.66971 0.057704
      vertex 57.9647 0.000499725 0.0587397
      vertex 57.9639 0.000499725 0.057704
    endloop
  endfacet
  facet normal 0.791401 0 -0.611297
    outer loop
      vertex 57.9647 17.5005 0.0587397
      vertex 57.9639 10.8303 0.057704
      vertex 57.9639 17.5005 0.057704
    endloop
  endfacet
  facet normal 0.791401 0 -0.611297
    outer loop
      vertex 57.9639 10.8303 0.057704
      vertex 57.9647 17.5005 0.0587397
      vertex 57.9647 10.8301 0.0587397
    endloop
  endfacet
  facet normal 0.789216 0 -0.614116
    outer loop
      vertex 57.9639 0.000499725 0.057704
      vertex 57.9631 6.66958 0.0566759
      vertex 57.9639 6.66971 0.057704
    endloop
  endfacet
  facet normal 0.789216 0 -0.614116
    outer loop
      vertex 57.9631 6.66958 0.0566759
      vertex 57.9639 0.000499725 0.057704
      vertex 57.9631 0.000499725 0.0566759
    endloop
  endfacet
  facet normal 0.789216 0 -0.614116
    outer loop
      vertex 57.9639 17.5005 0.057704
      vertex 57.9631 10.8304 0.0566759
      vertex 57.9631 17.5005 0.0566759
    endloop
  endfacet
  facet normal 0.789216 0 -0.614116
    outer loop
      vertex 57.9631 10.8304 0.0566759
      vertex 57.9639 17.5005 0.057704
      vertex 57.9639 10.8303 0.057704
    endloop
  endfacet
  facet normal 0.786971 0 -0.61699
    outer loop
      vertex 57.9631 0.000499725 0.0566759
      vertex 57.9623 6.66945 0.0556555
      vertex 57.9631 6.66958 0.0566759
    endloop
  endfacet
  facet normal 0.786971 0 -0.61699
    outer loop
      vertex 57.9623 6.66945 0.0556555
      vertex 57.9631 0.000499725 0.0566759
      vertex 57.9623 0.000499725 0.0556555
    endloop
  endfacet
  facet normal 0.786971 0 -0.61699
    outer loop
      vertex 57.9631 17.5005 0.0566759
      vertex 57.9623 10.8306 0.0556555
      vertex 57.9623 17.5005 0.0556555
    endloop
  endfacet
  facet normal 0.786971 0 -0.61699
    outer loop
      vertex 57.9623 10.8306 0.0556555
      vertex 57.9631 17.5005 0.0566759
      vertex 57.9631 10.8304 0.0566759
    endloop
  endfacet
  facet normal 0.747832 0 -0.663888
    outer loop
      vertex 57.9623 0.000499725 0.0556555
      vertex 57.9614 6.66933 0.0546417
      vertex 57.9623 6.66945 0.0556555
    endloop
  endfacet
  facet normal 0.747832 0 -0.663888
    outer loop
      vertex 57.9614 6.66933 0.0546417
      vertex 57.9623 0.000499725 0.0556555
      vertex 57.9614 0.000499725 0.0546417
    endloop
  endfacet
  facet normal 0.747832 0 -0.663888
    outer loop
      vertex 57.9623 17.5005 0.0556555
      vertex 57.9614 10.8307 0.0546417
      vertex 57.9614 17.5005 0.0546417
    endloop
  endfacet
  facet normal 0.747832 0 -0.663888
    outer loop
      vertex 57.9614 10.8307 0.0546417
      vertex 57.9623 17.5005 0.0556555
      vertex 57.9623 10.8306 0.0556555
    endloop
  endfacet
  facet normal 0.782416 0 -0.622757
    outer loop
      vertex 57.9614 0.000499725 0.0546417
      vertex 57.9606 6.66921 0.0536366
      vertex 57.9614 6.66933 0.0546417
    endloop
  endfacet
  facet normal 0.782416 0 -0.622757
    outer loop
      vertex 57.9606 6.66921 0.0536366
      vertex 57.9614 0.000499725 0.0546417
      vertex 57.9606 0.000499725 0.0536366
    endloop
  endfacet
  facet normal 0.782416 0 -0.622757
    outer loop
      vertex 57.9614 17.5005 0.0546417
      vertex 57.9606 10.8308 0.0536366
      vertex 57.9606 17.5005 0.0536366
    endloop
  endfacet
  facet normal 0.782416 0 -0.622757
    outer loop
      vertex 57.9606 10.8308 0.0536366
      vertex 57.9614 17.5005 0.0546417
      vertex 57.9614 10.8307 0.0546417
    endloop
  endfacet
  facet normal 0.742795 0 -0.669519
    outer loop
      vertex 57.9606 0.000499725 0.0536366
      vertex 57.9597 6.6691 0.0526381
      vertex 57.9606 6.66921 0.0536366
    endloop
  endfacet
  facet normal 0.742795 0 -0.669519
    outer loop
      vertex 57.9597 6.6691 0.0526381
      vertex 57.9606 0.000499725 0.0536366
      vertex 57.9597 0.000499725 0.0526381
    endloop
  endfacet
  facet normal 0.742795 0 -0.669519
    outer loop
      vertex 57.9606 17.5005 0.0536366
      vertex 57.9597 10.8309 0.0526381
      vertex 57.9597 17.5005 0.0526381
    endloop
  endfacet
  facet normal 0.742795 0 -0.669519
    outer loop
      vertex 57.9597 10.8309 0.0526381
      vertex 57.9606 17.5005 0.0536366
      vertex 57.9606 10.8308 0.0536366
    endloop
  endfacet
  facet normal 0.778073 0 -0.628174
    outer loop
      vertex 57.9597 0.000499725 0.0526381
      vertex 57.9589 6.669 0.0516472
      vertex 57.9597 6.6691 0.0526381
    endloop
  endfacet
  facet normal 0.778073 0 -0.628174
    outer loop
      vertex 57.9589 6.669 0.0516472
      vertex 57.9597 0.000499725 0.0526381
      vertex 57.9589 0.000499725 0.0516472
    endloop
  endfacet
  facet normal 0.778073 0 -0.628174
    outer loop
      vertex 57.9597 17.5005 0.0526381
      vertex 57.9589 10.831 0.0516472
      vertex 57.9589 17.5005 0.0516472
    endloop
  endfacet
  facet normal 0.778073 0 -0.628174
    outer loop
      vertex 57.9589 10.831 0.0516472
      vertex 57.9597 17.5005 0.0526381
      vertex 57.9597 10.8309 0.0526381
    endloop
  endfacet
  facet normal 0.737662 0 -0.675171
    outer loop
      vertex 57.9589 0.000499725 0.0516472
      vertex 57.958 6.6689 0.0506639
      vertex 57.9589 6.669 0.0516472
    endloop
  endfacet
  facet normal 0.737662 0 -0.675171
    outer loop
      vertex 57.958 6.6689 0.0506639
      vertex 57.9589 0.000499725 0.0516472
      vertex 57.958 0.000499725 0.0506639
    endloop
  endfacet
  facet normal 0.737662 0 -0.675171
    outer loop
      vertex 57.9589 17.5005 0.0516472
      vertex 57.958 10.8311 0.0506639
      vertex 57.958 17.5005 0.0506639
    endloop
  endfacet
  facet normal 0.737662 0 -0.675171
    outer loop
      vertex 57.958 10.8311 0.0506639
      vertex 57.9589 17.5005 0.0516472
      vertex 57.9589 10.831 0.0516472
    endloop
  endfacet
  facet normal 0.773551 0 -0.633734
    outer loop
      vertex 57.958 0.000499725 0.0506639
      vertex 57.9572 6.66881 0.0496874
      vertex 57.958 6.6689 0.0506639
    endloop
  endfacet
  facet normal 0.773551 0 -0.633734
    outer loop
      vertex 57.9572 6.66881 0.0496874
      vertex 57.958 0.000499725 0.0506639
      vertex 57.9572 0.000499725 0.0496874
    endloop
  endfacet
  facet normal 0.773551 0 -0.633734
    outer loop
      vertex 57.958 17.5005 0.0506639
      vertex 57.9572 10.8312 0.0496874
      vertex 57.9572 17.5005 0.0496874
    endloop
  endfacet
  facet normal 0.773551 0 -0.633734
    outer loop
      vertex 57.9572 10.8312 0.0496874
      vertex 57.958 17.5005 0.0506639
      vertex 57.958 10.8311 0.0506639
    endloop
  endfacet
  facet normal 0.732678 0 -0.680576
    outer loop
      vertex 57.9572 0.000499725 0.0496874
      vertex 57.9563 6.66872 0.0487185
      vertex 57.9572 6.66881 0.0496874
    endloop
  endfacet
  facet normal 0.732678 0 -0.680576
    outer loop
      vertex 57.9563 6.66872 0.0487185
      vertex 57.9572 0.000499725 0.0496874
      vertex 57.9563 0.000499725 0.0487185
    endloop
  endfacet
  facet normal 0.732678 0 -0.680576
    outer loop
      vertex 57.9572 17.5005 0.0496874
      vertex 57.9563 10.8313 0.0487185
      vertex 57.9563 17.5005 0.0487185
    endloop
  endfacet
  facet normal 0.732678 0 -0.680576
    outer loop
      vertex 57.9563 10.8313 0.0487185
      vertex 57.9572 17.5005 0.0496874
      vertex 57.9572 10.8312 0.0496874
    endloop
  endfacet
  facet normal 0.729679 0 -0.683789
    outer loop
      vertex 57.9563 0.000499725 0.0487185
      vertex 57.9554 6.66864 0.0477581
      vertex 57.9563 6.66872 0.0487185
    endloop
  endfacet
  facet normal 0.729679 0 -0.683789
    outer loop
      vertex 57.9554 6.66864 0.0477581
      vertex 57.9563 0.000499725 0.0487185
      vertex 57.9554 0.000499725 0.0477581
    endloop
  endfacet
  facet normal 0.729679 0 -0.683789
    outer loop
      vertex 57.9563 17.5005 0.0487185
      vertex 57.9554 10.8314 0.0477581
      vertex 57.9554 17.5005 0.0477581
    endloop
  endfacet
  facet normal 0.729679 0 -0.683789
    outer loop
      vertex 57.9554 10.8314 0.0477581
      vertex 57.9563 17.5005 0.0487185
      vertex 57.9563 10.8313 0.0487185
    endloop
  endfacet
  facet normal 0.727286 0 -0.686335
    outer loop
      vertex 57.9554 0.000499725 0.0477581
      vertex 57.9545 6.66857 0.0468044
      vertex 57.9554 6.66864 0.0477581
    endloop
  endfacet
  facet normal 0.727286 0 -0.686335
    outer loop
      vertex 57.9545 6.66857 0.0468044
      vertex 57.9554 0.000499725 0.0477581
      vertex 57.9545 0.000499725 0.0468044
    endloop
  endfacet
  facet normal 0.727286 0 -0.686335
    outer loop
      vertex 57.9554 17.5005 0.0477581
      vertex 57.9545 10.8314 0.0468044
      vertex 57.9545 17.5005 0.0468044
    endloop
  endfacet
  facet normal 0.727286 0 -0.686335
    outer loop
      vertex 57.9545 10.8314 0.0468044
      vertex 57.9554 17.5005 0.0477581
      vertex 57.9554 10.8314 0.0477581
    endloop
  endfacet
  facet normal 0.724866 0 -0.68889
    outer loop
      vertex 57.9545 0.000499725 0.0468044
      vertex 57.9536 6.6685 0.0458574
      vertex 57.9545 6.66857 0.0468044
    endloop
  endfacet
  facet normal 0.724866 0 -0.68889
    outer loop
      vertex 57.9536 6.6685 0.0458574
      vertex 57.9545 0.000499725 0.0468044
      vertex 57.9536 0.000499725 0.0458574
    endloop
  endfacet
  facet normal 0.724866 0 -0.68889
    outer loop
      vertex 57.9545 17.5005 0.0468044
      vertex 57.9536 10.8315 0.0458574
      vertex 57.9536 17.5005 0.0458574
    endloop
  endfacet
  facet normal 0.724866 0 -0.68889
    outer loop
      vertex 57.9536 10.8315 0.0458574
      vertex 57.9545 17.5005 0.0468044
      vertex 57.9545 10.8314 0.0468044
    endloop
  endfacet
  facet normal 0.721719 0 -0.692186
    outer loop
      vertex 57.9536 0.000499725 0.0458574
      vertex 57.9527 6.66844 0.044919
      vertex 57.9536 6.6685 0.0458574
    endloop
  endfacet
  facet normal 0.721719 0 -0.692186
    outer loop
      vertex 57.9527 6.66844 0.044919
      vertex 57.9536 0.000499725 0.0458574
      vertex 57.9527 0.000499725 0.044919
    endloop
  endfacet
  facet normal 0.721719 0 -0.692186
    outer loop
      vertex 57.9536 17.5005 0.0458574
      vertex 57.9527 10.8316 0.044919
      vertex 57.9527 17.5005 0.044919
    endloop
  endfacet
  facet normal 0.721719 0 -0.692186
    outer loop
      vertex 57.9527 10.8316 0.044919
      vertex 57.9536 17.5005 0.0458574
      vertex 57.9536 10.8315 0.0458574
    endloop
  endfacet
  facet normal 0.718901 0 -0.695113
    outer loop
      vertex 57.9527 0.000499725 0.044919
      vertex 57.9518 6.66839 0.0439882
      vertex 57.9527 6.66844 0.044919
    endloop
  endfacet
  facet normal 0.718901 0 -0.695113
    outer loop
      vertex 57.9518 6.66839 0.0439882
      vertex 57.9527 0.000499725 0.044919
      vertex 57.9518 0.000499725 0.0439882
    endloop
  endfacet
  facet normal 0.718901 0 -0.695113
    outer loop
      vertex 57.9527 17.5005 0.044919
      vertex 57.9518 10.8316 0.0439882
      vertex 57.9518 17.5005 0.0439882
    endloop
  endfacet
  facet normal 0.718901 0 -0.695113
    outer loop
      vertex 57.9518 10.8316 0.0439882
      vertex 57.9527 17.5005 0.044919
      vertex 57.9527 10.8316 0.044919
    endloop
  endfacet
  facet normal 0.675658 0 -0.737215
    outer loop
      vertex 57.9508 6.66834 0.0430717
      vertex 57.9518 0.000499725 0.0439882
      vertex 57.9508 0.000499725 0.0430717
    endloop
  endfacet
  facet normal 0.675658 0 -0.737215
    outer loop
      vertex 57.9518 0.000499725 0.0439882
      vertex 57.9508 6.66834 0.0430717
      vertex 57.9518 6.66839 0.0439882
    endloop
  endfacet
  facet normal 0.675658 0 -0.737215
    outer loop
      vertex 57.9508 10.8317 0.0430717
      vertex 57.9518 17.5005 0.0439882
      vertex 57.9518 10.8316 0.0439882
    endloop
  endfacet
  facet normal 0.675658 0 -0.737215
    outer loop
      vertex 57.9518 17.5005 0.0439882
      vertex 57.9508 10.8317 0.0430717
      vertex 57.9508 17.5005 0.0430717
    endloop
  endfacet
  facet normal 0.713462 0 -0.700694
    outer loop
      vertex 57.9499 6.66829 0.0421553
      vertex 57.9508 0.000499725 0.0430717
      vertex 57.9499 0.000499725 0.0421553
    endloop
  endfacet
  facet normal 0.713462 0 -0.700694
    outer loop
      vertex 57.9508 0.000499725 0.0430717
      vertex 57.9499 6.66829 0.0421553
      vertex 57.9508 6.66834 0.0430717
    endloop
  endfacet
  facet normal 0.713462 0 -0.700694
    outer loop
      vertex 57.9499 10.8317 0.0421553
      vertex 57.9508 17.5005 0.0430717
      vertex 57.9508 10.8317 0.0430717
    endloop
  endfacet
  facet normal 0.713462 0 -0.700694
    outer loop
      vertex 57.9508 17.5005 0.0430717
      vertex 57.9499 10.8317 0.0421553
      vertex 57.9499 17.5005 0.0421553
    endloop
  endfacet
  facet normal 0.707969 0 -0.706243
    outer loop
      vertex 57.949 6.66826 0.0412531
      vertex 57.9499 0.000499725 0.0421553
      vertex 57.949 0.000499725 0.0412531
    endloop
  endfacet
  facet normal 0.707969 0 -0.706243
    outer loop
      vertex 57.9499 0.000499725 0.0421553
      vertex 57.949 6.66826 0.0412531
      vertex 57.9499 6.66829 0.0421553
    endloop
  endfacet
  facet normal 0.707969 0 -0.706243
    outer loop
      vertex 57.949 10.8317 0.0412531
      vertex 57.9499 17.5005 0.0421553
      vertex 57.9499 10.8317 0.0421553
    endloop
  endfacet
  facet normal 0.707969 0 -0.706243
    outer loop
      vertex 57.9499 17.5005 0.0421553
      vertex 57.949 10.8317 0.0412531
      vertex 57.949 17.5005 0.0412531
    endloop
  endfacet
  facet normal 0.669457 0 -0.742851
    outer loop
      vertex 57.948 6.66823 0.0403519
      vertex 57.949 0.000499725 0.0412531
      vertex 57.948 0.000499725 0.0403519
    endloop
  endfacet
  facet normal 0.669457 0 -0.742851
    outer loop
      vertex 57.949 0.000499725 0.0412531
      vertex 57.948 6.66823 0.0403519
      vertex 57.949 6.66826 0.0412531
    endloop
  endfacet
  facet normal 0.669457 0 -0.742851
    outer loop
      vertex 57.948 10.8318 0.0403519
      vertex 57.949 17.5005 0.0412531
      vertex 57.949 10.8317 0.0412531
    endloop
  endfacet
  facet normal 0.669457 0 -0.742851
    outer loop
      vertex 57.949 17.5005 0.0412531
      vertex 57.948 10.8318 0.0403519
      vertex 57.948 17.5005 0.0403519
    endloop
  endfacet
  facet normal 0.663532 0 -0.748148
    outer loop
      vertex 57.947 6.6682 0.039465
      vertex 57.948 0.000499725 0.0403519
      vertex 57.947 0.000499725 0.039465
    endloop
  endfacet
  facet normal 0.663532 0 -0.748148
    outer loop
      vertex 57.948 0.000499725 0.0403519
      vertex 57.947 6.6682 0.039465
      vertex 57.948 6.66823 0.0403519
    endloop
  endfacet
  facet normal 0.663532 0 -0.748148
    outer loop
      vertex 57.947 10.8318 0.039465
      vertex 57.948 17.5005 0.0403519
      vertex 57.948 10.8318 0.0403519
    endloop
  endfacet
  facet normal 0.663532 0 -0.748148
    outer loop
      vertex 57.948 17.5005 0.0403519
      vertex 57.947 10.8318 0.039465
      vertex 57.947 17.5005 0.039465
    endloop
  endfacet
  facet normal 0.698833 0 -0.715285
    outer loop
      vertex 57.9461 6.66818 0.0385857
      vertex 57.947 0.000499725 0.039465
      vertex 57.9461 0.000499725 0.0385857
    endloop
  endfacet
  facet normal 0.698833 0 -0.715285
    outer loop
      vertex 57.947 0.000499725 0.039465
      vertex 57.9461 6.66818 0.0385857
      vertex 57.947 6.6682 0.039465
    endloop
  endfacet
  facet normal 0.698833 0 -0.715285
    outer loop
      vertex 57.9461 10.8318 0.0385857
      vertex 57.947 17.5005 0.039465
      vertex 57.947 10.8318 0.039465
    endloop
  endfacet
  facet normal 0.698833 0 -0.715285
    outer loop
      vertex 57.947 17.5005 0.039465
      vertex 57.9461 10.8318 0.0385857
      vertex 57.9461 17.5005 0.0385857
    endloop
  endfacet
  facet normal 0.657095 0 -0.753808
    outer loop
      vertex 57.9451 6.66817 0.037714
      vertex 57.9461 0.000499725 0.0385857
      vertex 57.9451 0.000499725 0.037714
    endloop
  endfacet
  facet normal 0.657095 0 -0.753808
    outer loop
      vertex 57.9461 0.000499725 0.0385857
      vertex 57.9451 6.66817 0.037714
      vertex 57.9461 6.66818 0.0385857
    endloop
  endfacet
  facet normal 0.657095 0 -0.753808
    outer loop
      vertex 57.9451 10.8318 0.037714
      vertex 57.9461 17.5005 0.0385857
      vertex 57.9461 10.8318 0.0385857
    endloop
  endfacet
  facet normal 0.657095 0 -0.753808
    outer loop
      vertex 57.9461 17.5005 0.0385857
      vertex 57.9451 10.8318 0.037714
      vertex 57.9451 17.5005 0.037714
    endloop
  endfacet
  facet normal 0.653777 0 -0.756687
    outer loop
      vertex 57.9441 0.000499725 0.03685
      vertex 57.9451 6.66817 0.037714
      vertex 57.9451 0.000499725 0.037714
    endloop
  endfacet
  facet normal 0.653777 0 -0.756687
    outer loop
      vertex 57.9451 6.66817 0.037714
      vertex 57.9441 0.000499725 0.03685
      vertex 57.9441 6.66816 0.03685
    endloop
  endfacet
  facet normal 0.653777 0 -0.756687
    outer loop
      vertex 57.9441 10.8318 0.03685
      vertex 57.9451 17.5005 0.037714
      vertex 57.9451 10.8318 0.037714
    endloop
  endfacet
  facet normal 0.653777 0 -0.756687
    outer loop
      vertex 57.9451 17.5005 0.037714
      vertex 57.9441 10.8318 0.03685
      vertex 57.9441 17.5005 0.03685
    endloop
  endfacet
  facet normal 0.650466 0 -0.759535
    outer loop
      vertex 57.9431 0.000499725 0.0359936
      vertex 57.9441 6.66816 0.03685
      vertex 57.9441 0.000499725 0.03685
    endloop
  endfacet
  facet normal 0.650466 0 -0.759535
    outer loop
      vertex 57.9441 6.66816 0.03685
      vertex 57.9431 0.000499725 0.0359936
      vertex 57.9431 6.66816 0.0359936
    endloop
  endfacet
  facet normal 0.650466 0 -0.759535
    outer loop
      vertex 57.9431 10.8318 0.0359936
      vertex 57.9441 17.5005 0.03685
      vertex 57.9441 10.8318 0.03685
    endloop
  endfacet
  facet normal 0.650466 0 -0.759535
    outer loop
      vertex 57.9441 17.5005 0.03685
      vertex 57.9431 10.8318 0.0359936
      vertex 57.9431 17.5005 0.0359936
    endloop
  endfacet
  facet normal 0.644133 0 -0.764913
    outer loop
      vertex 57.9421 0.000499725 0.0351515
      vertex 57.9431 6.66816 0.0359936
      vertex 57.9431 0.000499725 0.0359936
    endloop
  endfacet
  facet normal 0.644133 0 -0.764913
    outer loop
      vertex 57.9431 6.66816 0.0359936
      vertex 57.9421 0.000499725 0.0351515
      vertex 57.9421 6.66817 0.0351515
    endloop
  endfacet
  facet normal 0.644133 0 -0.764913
    outer loop
      vertex 57.9421 10.8318 0.0351515
      vertex 57.9431 17.5005 0.0359936
      vertex 57.9431 10.8318 0.0359936
    endloop
  endfacet
  facet normal 0.644133 0 -0.764913
    outer loop
      vertex 57.9431 17.5005 0.0359936
      vertex 57.9421 10.8318 0.0351515
      vertex 57.9421 17.5005 0.0351515
    endloop
  endfacet
  facet normal 0.640713 0 -0.767781
    outer loop
      vertex 57.9411 0.000499725 0.034317
      vertex 57.9421 6.66817 0.0351515
      vertex 57.9421 0.000499725 0.0351515
    endloop
  endfacet
  facet normal 0.640713 0 -0.767781
    outer loop
      vertex 57.9421 6.66817 0.0351515
      vertex 57.9411 0.000499725 0.034317
      vertex 57.9411 6.66818 0.034317
    endloop
  endfacet
  facet normal 0.640713 0 -0.767781
    outer loop
      vertex 57.9411 17.5005 0.034317
      vertex 57.9421 10.8318 0.0351515
      vertex 57.9411 10.8318 0.034317
    endloop
  endfacet
  facet normal 0.640713 0 -0.767781
    outer loop
      vertex 57.9421 10.8318 0.0351515
      vertex 57.9411 17.5005 0.034317
      vertex 57.9421 17.5005 0.0351515
    endloop
  endfacet
  facet normal 0.640668 0 -0.767818
    outer loop
      vertex 57.9401 0.000499725 0.0334826
      vertex 57.9411 6.66818 0.034317
      vertex 57.9411 0.000499725 0.034317
    endloop
  endfacet
  facet normal 0.640668 0 -0.767818
    outer loop
      vertex 57.9411 6.66818 0.034317
      vertex 57.9401 0.000499725 0.0334826
      vertex 57.9401 6.6682 0.0334826
    endloop
  endfacet
  facet normal 0.640668 0 -0.767818
    outer loop
      vertex 57.9401 17.5005 0.0334826
      vertex 57.9411 10.8318 0.034317
      vertex 57.9401 10.8318 0.0334826
    endloop
  endfacet
  facet normal 0.640668 0 -0.767818
    outer loop
      vertex 57.9411 10.8318 0.034317
      vertex 57.9401 17.5005 0.0334826
      vertex 57.9411 17.5005 0.034317
    endloop
  endfacet
  facet normal 0.633756 0 -0.773533
    outer loop
      vertex 57.9391 0.000499725 0.0326633
      vertex 57.9401 6.6682 0.0334826
      vertex 57.9401 0.000499725 0.0334826
    endloop
  endfacet
  facet normal 0.633756 0 -0.773533
    outer loop
      vertex 57.9401 6.6682 0.0334826
      vertex 57.9391 0.000499725 0.0326633
      vertex 57.9391 6.66822 0.0326633
    endloop
  endfacet
  facet normal 0.633756 0 -0.773533
    outer loop
      vertex 57.9391 17.5005 0.0326633
      vertex 57.9401 10.8318 0.0334826
      vertex 57.9391 10.8318 0.0326633
    endloop
  endfacet
  facet normal 0.633756 0 -0.773533
    outer loop
      vertex 57.9401 10.8318 0.0334826
      vertex 57.9391 17.5005 0.0326633
      vertex 57.9401 17.5005 0.0334826
    endloop
  endfacet
  facet normal 0.608384 0 -0.793643
    outer loop
      vertex 57.937 0.000499725 0.0310535
      vertex 57.9391 6.66822 0.0326633
      vertex 57.9391 0.000499725 0.0326633
    endloop
  endfacet
  facet normal 0.608384 0 -0.793643
    outer loop
      vertex 57.9391 6.66822 0.0326633
      vertex 57.937 0.000499725 0.0310535
      vertex 57.937 6.66829 0.0310535
    endloop
  endfacet
  facet normal 0.608384 0 -0.793643
    outer loop
      vertex 57.937 17.5005 0.0310535
      vertex 57.9391 10.8318 0.0326633
      vertex 57.937 10.8317 0.0310535
    endloop
  endfacet
  facet normal 0.608384 0 -0.793643
    outer loop
      vertex 57.9391 10.8318 0.0326633
      vertex 57.937 17.5005 0.0310535
      vertex 57.9391 17.5005 0.0326633
    endloop
  endfacet
  facet normal 0.619705 0 -0.784835
    outer loop
      vertex 57.936 0.000499725 0.0302639
      vertex 57.937 6.66829 0.0310535
      vertex 57.937 0.000499725 0.0310535
    endloop
  endfacet
  facet normal 0.619705 0 -0.784835
    outer loop
      vertex 57.937 6.66829 0.0310535
      vertex 57.936 0.000499725 0.0302639
      vertex 57.936 6.66833 0.0302639
    endloop
  endfacet
  facet normal 0.619705 0 -0.784835
    outer loop
      vertex 57.936 17.5005 0.0302639
      vertex 57.937 10.8317 0.0310535
      vertex 57.936 10.8317 0.0302639
    endloop
  endfacet
  facet normal 0.619705 0 -0.784835
    outer loop
      vertex 57.937 10.8317 0.0310535
      vertex 57.936 17.5005 0.0302639
      vertex 57.937 17.5005 0.0310535
    endloop
  endfacet
  facet normal 0.579414 0 -0.815033
    outer loop
      vertex 57.9349 0.000499725 0.0294819
      vertex 57.936 6.66833 0.0302639
      vertex 57.936 0.000499725 0.0302639
    endloop
  endfacet
  facet normal 0.579414 0 -0.815033
    outer loop
      vertex 57.936 6.66833 0.0302639
      vertex 57.9349 0.000499725 0.0294819
      vertex 57.9349 6.66838 0.0294819
    endloop
  endfacet
  facet normal 0.579414 0 -0.815033
    outer loop
      vertex 57.9349 17.5005 0.0294819
      vertex 57.936 10.8317 0.0302639
      vertex 57.9349 10.8316 0.0294819
    endloop
  endfacet
  facet normal 0.579414 0 -0.815033
    outer loop
      vertex 57.936 10.8317 0.0302639
      vertex 57.9349 17.5005 0.0294819
      vertex 57.936 17.5005 0.0302639
    endloop
  endfacet
  facet normal 0.61272 0 -0.7903
    outer loop
      vertex 57.9339 0.000499725 0.0287066
      vertex 57.9349 6.66838 0.0294819
      vertex 57.9349 0.000499725 0.0294819
    endloop
  endfacet
  facet normal 0.61272 0 -0.7903
    outer loop
      vertex 57.9349 6.66838 0.0294819
      vertex 57.9339 0.000499725 0.0287066
      vertex 57.9339 6.66844 0.0287066
    endloop
  endfacet
  facet normal 0.61272 0 -0.7903
    outer loop
      vertex 57.9339 17.5005 0.0287066
      vertex 57.9349 10.8316 0.0294819
      vertex 57.9339 10.8316 0.0287066
    endloop
  endfacet
  facet normal 0.61272 0 -0.7903
    outer loop
      vertex 57.9349 10.8316 0.0294819
      vertex 57.9339 17.5005 0.0287066
      vertex 57.9349 17.5005 0.0294819
    endloop
  endfacet
  facet normal 0.572361 0 -0.820002
    outer loop
      vertex 57.9328 0.000499725 0.0279388
      vertex 57.9339 6.66844 0.0287066
      vertex 57.9339 0.000499725 0.0287066
    endloop
  endfacet
  facet normal 0.572361 0 -0.820002
    outer loop
      vertex 57.9339 6.66844 0.0287066
      vertex 57.9328 0.000499725 0.0279388
      vertex 57.9328 6.6685 0.0279388
    endloop
  endfacet
  facet normal 0.572361 0 -0.820002
    outer loop
      vertex 57.9328 17.5005 0.0279388
      vertex 57.9339 10.8316 0.0287066
      vertex 57.9328 10.8315 0.0279388
    endloop
  endfacet
  facet normal 0.572361 0 -0.820002
    outer loop
      vertex 57.9339 10.8316 0.0287066
      vertex 57.9328 17.5005 0.0279388
      vertex 57.9339 17.5005 0.0287066
    endloop
  endfacet
  facet normal 0.601227 0 -0.799079
    outer loop
      vertex 57.9318 0.000499725 0.0271864
      vertex 57.9328 6.6685 0.0279388
      vertex 57.9328 0.000499725 0.0279388
    endloop
  endfacet
  facet normal 0.601227 0 -0.799079
    outer loop
      vertex 57.9328 6.6685 0.0279388
      vertex 57.9318 0.000499725 0.0271864
      vertex 57.9318 6.66856 0.0271864
    endloop
  endfacet
  facet normal 0.601227 0 -0.799079
    outer loop
      vertex 57.9318 17.5005 0.0271864
      vertex 57.9328 10.8315 0.0279388
      vertex 57.9318 10.8314 0.0271864
    endloop
  endfacet
  facet normal 0.601227 0 -0.799079
    outer loop
      vertex 57.9328 10.8315 0.0279388
      vertex 57.9318 17.5005 0.0271864
      vertex 57.9328 17.5005 0.0279388
    endloop
  endfacet
  facet normal 0.564617 0 -0.825353
    outer loop
      vertex 57.9307 0.000499725 0.0264339
      vertex 57.9318 6.66856 0.0271864
      vertex 57.9318 0.000499725 0.0271864
    endloop
  endfacet
  facet normal 0.564617 0 -0.825353
    outer loop
      vertex 57.9318 6.66856 0.0271864
      vertex 57.9307 0.000499725 0.0264339
      vertex 57.9307 6.66863 0.0264339
    endloop
  endfacet
  facet normal 0.564617 0 -0.825353
    outer loop
      vertex 57.9307 17.5005 0.0264339
      vertex 57.9318 10.8314 0.0271864
      vertex 57.9307 10.8314 0.0264339
    endloop
  endfacet
  facet normal 0.564617 0 -0.825353
    outer loop
      vertex 57.9318 10.8314 0.0271864
      vertex 57.9307 17.5005 0.0264339
      vertex 57.9318 17.5005 0.0271864
    endloop
  endfacet
  facet normal 0.556668 0 -0.830735
    outer loop
      vertex 57.9296 0.000499725 0.0256968
      vertex 57.9307 6.66863 0.0264339
      vertex 57.9307 0.000499725 0.0264339
    endloop
  endfacet
  facet normal 0.556668 0 -0.830735
    outer loop
      vertex 57.9307 6.66863 0.0264339
      vertex 57.9296 0.000499725 0.0256968
      vertex 57.9296 6.66871 0.0256968
    endloop
  endfacet
  facet normal 0.556668 0 -0.830735
    outer loop
      vertex 57.9296 17.5005 0.0256968
      vertex 57.9307 10.8314 0.0264339
      vertex 57.9296 10.8313 0.0256968
    endloop
  endfacet
  facet normal 0.556668 0 -0.830735
    outer loop
      vertex 57.9307 10.8314 0.0264339
      vertex 57.9296 17.5005 0.0256968
      vertex 57.9307 17.5005 0.0264339
    endloop
  endfacet
  facet normal 0.549201 0 -0.835691
    outer loop
      vertex 57.9285 0.000499725 0.0249739
      vertex 57.9296 6.66871 0.0256968
      vertex 57.9296 0.000499725 0.0256968
    endloop
  endfacet
  facet normal 0.549201 0 -0.835691
    outer loop
      vertex 57.9296 6.66871 0.0256968
      vertex 57.9285 0.000499725 0.0249739
      vertex 57.9285 6.6688 0.0249739
    endloop
  endfacet
  facet normal 0.549201 0 -0.835691
    outer loop
      vertex 57.9285 17.5005 0.0249739
      vertex 57.9296 10.8313 0.0256968
      vertex 57.9285 10.8312 0.0249739
    endloop
  endfacet
  facet normal 0.549201 0 -0.835691
    outer loop
      vertex 57.9296 10.8313 0.0256968
      vertex 57.9285 17.5005 0.0249739
      vertex 57.9296 17.5005 0.0256968
    endloop
  endfacet
  facet normal 0.549201 0 -0.835691
    outer loop
      vertex 57.9274 0.000499725 0.024251
      vertex 57.9285 6.6688 0.0249739
      vertex 57.9285 0.000499725 0.0249739
    endloop
  endfacet
  facet normal 0.549201 0 -0.835691
    outer loop
      vertex 57.9285 6.6688 0.0249739
      vertex 57.9274 0.000499725 0.024251
      vertex 57.9274 6.66889 0.024251
    endloop
  endfacet
  facet normal 0.549201 0 -0.835691
    outer loop
      vertex 57.9274 17.5005 0.024251
      vertex 57.9285 10.8312 0.0249739
      vertex 57.9274 10.8311 0.024251
    endloop
  endfacet
  facet normal 0.549201 0 -0.835691
    outer loop
      vertex 57.9285 10.8312 0.0249739
      vertex 57.9274 17.5005 0.024251
      vertex 57.9285 17.5005 0.0249739
    endloop
  endfacet
  facet normal 0.541005 0 -0.841019
    outer loop
      vertex 57.9263 0.000499725 0.0235434
      vertex 57.9274 6.66889 0.024251
      vertex 57.9274 0.000499725 0.024251
    endloop
  endfacet
  facet normal 0.541005 0 -0.841019
    outer loop
      vertex 57.9274 6.66889 0.024251
      vertex 57.9263 0.000499725 0.0235434
      vertex 57.9263 6.66898 0.0235434
    endloop
  endfacet
  facet normal 0.541005 0 -0.841019
    outer loop
      vertex 57.9263 17.5005 0.0235434
      vertex 57.9274 10.8311 0.024251
      vertex 57.9263 10.831 0.0235434
    endloop
  endfacet
  facet normal 0.541005 0 -0.841019
    outer loop
      vertex 57.9274 10.8311 0.024251
      vertex 57.9263 17.5005 0.0235434
      vertex 57.9274 17.5005 0.024251
    endloop
  endfacet
  facet normal 0.533258 0 -0.845953
    outer loop
      vertex 57.9252 0.000499725 0.02285
      vertex 57.9263 6.66898 0.0235434
      vertex 57.9263 0.000499725 0.0235434
    endloop
  endfacet
  facet normal 0.533258 0 -0.845953
    outer loop
      vertex 57.9263 6.66898 0.0235434
      vertex 57.9252 0.000499725 0.02285
      vertex 57.9252 6.66909 0.02285
    endloop
  endfacet
  facet normal 0.533258 0 -0.845953
    outer loop
      vertex 57.9252 17.5005 0.02285
      vertex 57.9263 10.831 0.0235434
      vertex 57.9252 10.8309 0.02285
    endloop
  endfacet
  facet normal 0.533258 0 -0.845953
    outer loop
      vertex 57.9263 10.831 0.0235434
      vertex 57.9252 17.5005 0.02285
      vertex 57.9263 17.5005 0.0235434
    endloop
  endfacet
  facet normal 0.532652 0 -0.846334
    outer loop
      vertex 57.9241 0.000499725 0.0221577
      vertex 57.9252 6.66909 0.02285
      vertex 57.9252 0.000499725 0.02285
    endloop
  endfacet
  facet normal 0.532652 0 -0.846334
    outer loop
      vertex 57.9252 6.66909 0.02285
      vertex 57.9241 0.000499725 0.0221577
      vertex 57.9241 6.6692 0.0221577
    endloop
  endfacet
  facet normal 0.532652 0 -0.846334
    outer loop
      vertex 57.9241 17.5005 0.0221577
      vertex 57.9252 10.8309 0.02285
      vertex 57.9241 10.8308 0.0221577
    endloop
  endfacet
  facet normal 0.532652 0 -0.846334
    outer loop
      vertex 57.9252 10.8309 0.02285
      vertex 57.9241 17.5005 0.0221577
      vertex 57.9252 17.5005 0.02285
    endloop
  endfacet
  facet normal 0.524758 0 -0.851252
    outer loop
      vertex 57.923 0.000499725 0.0214796
      vertex 57.9241 6.6692 0.0221577
      vertex 57.9241 0.000499725 0.0221577
    endloop
  endfacet
  facet normal 0.524758 0 -0.851252
    outer loop
      vertex 57.9241 6.6692 0.0221577
      vertex 57.923 0.000499725 0.0214796
      vertex 57.923 6.66931 0.0214796
    endloop
  endfacet
  facet normal 0.524758 0 -0.851252
    outer loop
      vertex 57.923 17.5005 0.0214796
      vertex 57.9241 10.8308 0.0221577
      vertex 57.923 10.8307 0.0214796
    endloop
  endfacet
  facet normal 0.524758 0 -0.851252
    outer loop
      vertex 57.9241 10.8308 0.0221577
      vertex 57.923 17.5005 0.0214796
      vertex 57.9241 17.5005 0.0221577
    endloop
  endfacet
  facet normal 0.52042 0 -0.853911
    outer loop
      vertex 57.9219 0.000499725 0.0208092
      vertex 57.923 6.66931 0.0214796
      vertex 57.923 0.000499725 0.0214796
    endloop
  endfacet
  facet normal 0.52042 0 -0.853911
    outer loop
      vertex 57.923 6.66931 0.0214796
      vertex 57.9219 0.000499725 0.0208092
      vertex 57.9219 6.66943 0.0208092
    endloop
  endfacet
  facet normal 0.52042 0 -0.853911
    outer loop
      vertex 57.9219 17.5005 0.0208092
      vertex 57.923 10.8307 0.0214796
      vertex 57.9219 10.8306 0.0208092
    endloop
  endfacet
  facet normal 0.52042 0 -0.853911
    outer loop
      vertex 57.923 10.8307 0.0214796
      vertex 57.9219 17.5005 0.0208092
      vertex 57.923 17.5005 0.0214796
    endloop
  endfacet
  facet normal 0.479784 0 -0.877387
    outer loop
      vertex 57.9207 0.000499725 0.020153
      vertex 57.9219 6.66943 0.0208092
      vertex 57.9219 0.000499725 0.0208092
    endloop
  endfacet
  facet normal 0.479784 0 -0.877387
    outer loop
      vertex 57.9219 6.66943 0.0208092
      vertex 57.9207 0.000499725 0.020153
      vertex 57.9207 6.66956 0.020153
    endloop
  endfacet
  facet normal 0.479784 0 -0.877387
    outer loop
      vertex 57.9207 17.5005 0.020153
      vertex 57.9219 10.8306 0.0208092
      vertex 57.9207 10.8304 0.020153
    endloop
  endfacet
  facet normal 0.479784 0 -0.877387
    outer loop
      vertex 57.9219 10.8306 0.0208092
      vertex 57.9207 17.5005 0.020153
      vertex 57.9219 17.5005 0.0208092
    endloop
  endfacet
  facet normal 0.511679 0 -0.859177
    outer loop
      vertex 57.9196 0.000499725 0.0194979
      vertex 57.9207 6.66956 0.020153
      vertex 57.9207 0.000499725 0.020153
    endloop
  endfacet
  facet normal 0.511679 0 -0.859177
    outer loop
      vertex 57.9207 6.66956 0.020153
      vertex 57.9196 0.000499725 0.0194979
      vertex 57.9196 6.66969 0.0194979
    endloop
  endfacet
  facet normal 0.511679 0 -0.859177
    outer loop
      vertex 57.9196 17.5005 0.0194979
      vertex 57.9207 10.8304 0.020153
      vertex 57.9196 10.8303 0.0194979
    endloop
  endfacet
  facet normal 0.511679 0 -0.859177
    outer loop
      vertex 57.9207 10.8304 0.020153
      vertex 57.9196 17.5005 0.0194979
      vertex 57.9207 17.5005 0.020153
    endloop
  endfacet
  facet normal 0.503422 0 -0.864041
    outer loop
      vertex 57.9185 0.000499725 0.018857
      vertex 57.9196 6.66969 0.0194979
      vertex 57.9196 0.000499725 0.0194979
    endloop
  endfacet
  facet normal 0.503422 0 -0.864041
    outer loop
      vertex 57.9196 6.66969 0.0194979
      vertex 57.9185 0.000499725 0.018857
      vertex 57.9185 6.66983 0.018857
    endloop
  endfacet
  facet normal 0.503422 0 -0.864041
    outer loop
      vertex 57.9185 17.5005 0.018857
      vertex 57.9196 10.8303 0.0194979
      vertex 57.9185 10.8302 0.018857
    endloop
  endfacet
  facet normal 0.503422 0 -0.864041
    outer loop
      vertex 57.9196 10.8303 0.0194979
      vertex 57.9185 17.5005 0.018857
      vertex 57.9196 17.5005 0.0194979
    endloop
  endfacet
  facet normal 0.462283 0 -0.886732
    outer loop
      vertex 57.9173 0.000499725 0.0182314
      vertex 57.9185 6.66983 0.018857
      vertex 57.9185 0.000499725 0.018857
    endloop
  endfacet
  facet normal 0.462283 0 -0.886732
    outer loop
      vertex 57.9185 6.66983 0.018857
      vertex 57.9173 0.000499725 0.0182314
      vertex 57.9173 6.66998 0.0182314
    endloop
  endfacet
  facet normal 0.462283 0 -0.886732
    outer loop
      vertex 57.9173 17.5005 0.0182314
      vertex 57.9185 10.8302 0.018857
      vertex 57.9173 10.83 0.0182314
    endloop
  endfacet
  facet normal 0.462283 0 -0.886732
    outer loop
      vertex 57.9185 10.8302 0.018857
      vertex 57.9173 17.5005 0.0182314
      vertex 57.9185 17.5005 0.018857
    endloop
  endfacet
  facet normal 0.490352 0 -0.871525
    outer loop
      vertex 57.9162 0.000499725 0.0176125
      vertex 57.9173 6.66998 0.0182314
      vertex 57.9173 0.000499725 0.0182314
    endloop
  endfacet
  facet normal 0.490352 0 -0.871525
    outer loop
      vertex 57.9173 6.66998 0.0182314
      vertex 57.9162 0.000499725 0.0176125
      vertex 57.9162 6.67013 0.0176125
    endloop
  endfacet
  facet normal 0.490352 0 -0.871525
    outer loop
      vertex 57.9162 17.5005 0.0176125
      vertex 57.9173 10.83 0.0182314
      vertex 57.9162 10.8299 0.0176125
    endloop
  endfacet
  facet normal 0.490352 0 -0.871525
    outer loop
      vertex 57.9173 10.83 0.0182314
      vertex 57.9162 17.5005 0.0176125
      vertex 57.9173 17.5005 0.0182314
    endloop
  endfacet
  facet normal 0.453383 0 -0.891316
    outer loop
      vertex 57.915 0.000499725 0.0170021
      vertex 57.9162 6.67013 0.0176125
      vertex 57.9162 0.000499725 0.0176125
    endloop
  endfacet
  facet normal 0.453383 0 -0.891316
    outer loop
      vertex 57.9162 6.67013 0.0176125
      vertex 57.915 0.000499725 0.0170021
      vertex 57.915 6.67029 0.0170021
    endloop
  endfacet
  facet normal 0.453383 0 -0.891316
    outer loop
      vertex 57.915 17.5005 0.0170021
      vertex 57.9162 10.8299 0.0176125
      vertex 57.915 10.8297 0.0170021
    endloop
  endfacet
  facet normal 0.453383 0 -0.891316
    outer loop
      vertex 57.9162 10.8299 0.0176125
      vertex 57.915 17.5005 0.0170021
      vertex 57.9162 17.5005 0.0176125
    endloop
  endfacet
  facet normal 0.449416 0 -0.893323
    outer loop
      vertex 57.9138 0.000499725 0.0163984
      vertex 57.915 6.67029 0.0170021
      vertex 57.915 0.000499725 0.0170021
    endloop
  endfacet
  facet normal 0.449416 0 -0.893323
    outer loop
      vertex 57.915 6.67029 0.0170021
      vertex 57.9138 0.000499725 0.0163984
      vertex 57.9138 6.67045 0.0163984
    endloop
  endfacet
  facet normal 0.449416 0 -0.893323
    outer loop
      vertex 57.9138 17.5005 0.0163984
      vertex 57.915 10.8297 0.0170021
      vertex 57.9138 10.8296 0.0163984
    endloop
  endfacet
  facet normal 0.449416 0 -0.893323
    outer loop
      vertex 57.915 10.8297 0.0170021
      vertex 57.9138 17.5005 0.0163984
      vertex 57.915 17.5005 0.0170021
    endloop
  endfacet
  facet normal 0.47167 0 -0.881775
    outer loop
      vertex 57.9127 0.000499725 0.01581
      vertex 57.9138 6.67045 0.0163984
      vertex 57.9138 0.000499725 0.0163984
    endloop
  endfacet
  facet normal 0.47167 0 -0.881775
    outer loop
      vertex 57.9138 6.67045 0.0163984
      vertex 57.9127 0.000499725 0.01581
      vertex 57.9127 6.67062 0.01581
    endloop
  endfacet
  facet normal 0.47167 0 -0.881775
    outer loop
      vertex 57.9127 17.5005 0.01581
      vertex 57.9138 10.8296 0.0163984
      vertex 57.9127 10.8294 0.01581
    endloop
  endfacet
  facet normal 0.47167 0 -0.881775
    outer loop
      vertex 57.9138 10.8296 0.0163984
      vertex 57.9127 17.5005 0.01581
      vertex 57.9138 17.5005 0.0163984
    endloop
  endfacet
  facet normal 0.436202 0 -0.899849
    outer loop
      vertex 57.9115 0.000499725 0.0152283
      vertex 57.9127 6.67062 0.01581
      vertex 57.9127 0.000499725 0.01581
    endloop
  endfacet
  facet normal 0.436202 0 -0.899849
    outer loop
      vertex 57.9127 6.67062 0.01581
      vertex 57.9115 0.000499725 0.0152283
      vertex 57.9115 6.67079 0.0152283
    endloop
  endfacet
  facet normal 0.436202 0 -0.899849
    outer loop
      vertex 57.9115 17.5005 0.0152283
      vertex 57.9127 10.8294 0.01581
      vertex 57.9115 10.8292 0.0152283
    endloop
  endfacet
  facet normal 0.436202 0 -0.899849
    outer loop
      vertex 57.9127 10.8294 0.01581
      vertex 57.9115 17.5005 0.0152283
      vertex 57.9127 17.5005 0.01581
    endloop
  endfacet
  facet normal 0.426349 0 -0.904559
    outer loop
      vertex 57.9103 0.000499725 0.0146627
      vertex 57.9115 6.67079 0.0152283
      vertex 57.9115 0.000499725 0.0152283
    endloop
  endfacet
  facet normal 0.426349 0 -0.904559
    outer loop
      vertex 57.9115 6.67079 0.0152283
      vertex 57.9103 0.000499725 0.0146627
      vertex 57.9103 6.67097 0.0146627
    endloop
  endfacet
  facet normal 0.426349 0 -0.904559
    outer loop
      vertex 57.9103 17.5005 0.0146627
      vertex 57.9115 10.8292 0.0152283
      vertex 57.9103 10.829 0.0146627
    endloop
  endfacet
  facet normal 0.426349 0 -0.904559
    outer loop
      vertex 57.9115 10.8292 0.0152283
      vertex 57.9103 17.5005 0.0146627
      vertex 57.9115 17.5005 0.0152283
    endloop
  endfacet
  facet normal -0.757549 5.39796e-07 -0.652779
    outer loop
      vertex 46.6701 10.4857 6.30108
      vertex 26.0997 17.5005 30.173
      vertex 46.6697 17.5005 6.30155
    endloop
  endfacet
  facet normal -0.75755 6.9204e-06 -0.652777
    outer loop
      vertex 26.0997 0.000499725 30.173
      vertex 46.6701 10.4857 6.30108
      vertex 46.6698 5.0005 6.30137
    endloop
  endfacet
  facet normal -0.757549 0 -0.652778
    outer loop
      vertex 26.0997 0.000499725 30.173
      vertex 46.6698 5.0005 6.30137
      vertex 46.6698 2.19753 6.30137
    endloop
  endfacet
  facet normal -0.757549 0 -0.652778
    outer loop
      vertex 26.0997 0.000499725 30.173
      vertex 46.6698 2.19753 6.30137
      vertex 46.6698 0.000499725 6.30137
    endloop
  endfacet
  facet normal -0.757549 0 -0.652779
    outer loop
      vertex 46.6701 10.4857 6.30108
      vertex 26.0997 0.000499725 30.173
      vertex 26.0997 17.5005 30.173
    endloop
  endfacet
  facet normal -0.652778 0 0.757549
    outer loop
      vertex 26.0997 17.5005 30.173
      vertex 42.3503 0.000499725 44.1761
      vertex 42.3503 17.5005 44.1761
    endloop
  endfacet
  facet normal -0.652778 0 0.757549
    outer loop
      vertex 42.3503 0.000499725 44.1761
      vertex 26.0997 17.5005 30.173
      vertex 26.0997 0.000499725 30.173
    endloop
  endfacet
  facet normal -0.652785 0 0.757544
    outer loop
      vertex 43.1535 17.5005 44.8683
      vertex 44.5072 0.000499725 46.0348
      vertex 44.5072 17.5005 46.0348
    endloop
  endfacet
  facet normal -0.652785 0 0.757544
    outer loop
      vertex 44.5072 0.000499725 46.0348
      vertex 43.1535 17.5005 44.8683
      vertex 43.1535 0.000499725 44.8683
    endloop
  endfacet
  facet normal 0.753975 -0.0969815 0.649705
    outer loop
      vertex 74.0182 8.30892 12.0623
      vertex 70.6531 3.4 15.2347
      vertex 76.6587 3.4 8.26528
    endloop
  endfacet
  facet normal -0.652751 0 0.757573
    outer loop
      vertex 70.6531 14.1 15.2347
      vertex 69.8198 8.75 14.5167
      vertex 70.6531 3.4 15.2347
    endloop
  endfacet
  facet normal -0.653094 9.32338e-05 0.757277
    outer loop
      vertex 70.6531 14.1 15.2347
      vertex 69.8095 8.88827 14.5078
      vertex 69.8198 8.75 14.5167
    endloop
  endfacet
  facet normal -0.65214 -0.000175753 0.758098
    outer loop
      vertex 70.6531 14.1 15.2347
      vertex 69.8067 8.92558 14.5054
      vertex 69.8095 8.88827 14.5078
    endloop
  endfacet
  facet normal -0.653821 0.000303287 0.756649
    outer loop
      vertex 70.6531 14.1 15.2347
      vertex 69.7985 8.96146 14.4983
      vertex 69.8067 8.92558 14.5054
    endloop
  endfacet
  facet normal -0.652216 -0.000161929 0.758033
    outer loop
      vertex 70.6531 14.1 15.2347
      vertex 69.7679 9.09441 14.472
      vertex 69.7985 8.96146 14.4983
    endloop
  endfacet
  facet normal -0.65283 2.71845e-05 0.757505
    outer loop
      vertex 70.6531 14.1 15.2347
      vertex 69.7049 9.25001 14.4177
      vertex 69.7679 9.09441 14.472
    endloop
  endfacet
  facet normal -0.652881 4.45842e-05 0.757461
    outer loop
      vertex 70.6531 14.1 15.2347
      vertex 69.6201 9.3864 14.3446
      vertex 69.7049 9.25001 14.4177
    endloop
  endfacet
  facet normal -0.653237 0.000180767 0.757153
    outer loop
      vertex 70.6531 14.1 15.2347
      vertex 69.5982 9.41018 14.3257
      vertex 69.6201 9.3864 14.3446
    endloop
  endfacet
  facet normal -0.652597 -7.04029e-05 0.757706
    outer loop
      vertex 70.6531 14.1 15.2347
      vertex 69.5168 9.49832 14.2556
      vertex 69.5982 9.41018 14.3257
    endloop
  endfacet
  facet normal -0.652794 1.44956e-05 0.757536
    outer loop
      vertex 70.6531 14.1 15.2347
      vertex 69.3989 9.58149 14.154
      vertex 69.5168 9.49832 14.2556
    endloop
  endfacet
  facet normal -0.652882 5.70347e-05 0.75746
    outer loop
      vertex 70.6531 14.1 15.2347
      vertex 69.2982 9.62182 14.0672
      vertex 69.3989 9.58149 14.154
    endloop
  endfacet
  facet normal -0.652233 -0.000284976 0.758019
    outer loop
      vertex 70.6531 14.1 15.2347
      vertex 69.271 9.63271 14.0438
      vertex 69.2982 9.62182 14.0672
    endloop
  endfacet
  facet normal -0.652759 -1.27477e-06 0.757565
    outer loop
      vertex 70.6531 14.1 15.2347
      vertex 69.138 9.65 13.9292
      vertex 69.271 9.63271 14.0438
    endloop
  endfacet
  facet normal -0.652784 1.31479e-05 0.757544
    outer loop
      vertex 70.6531 14.1 15.2347
      vertex 65.3503 9.65 10.6653
      vertex 69.138 9.65 13.9292
    endloop
  endfacet
  facet normal -0.652776 -2.22748e-06 0.757551
    outer loop
      vertex 60.0474 14.1 6.09584
      vertex 65.3503 9.65 10.6653
      vertex 70.6531 14.1 15.2347
    endloop
  endfacet
  facet normal -0.652518 0.000534871 0.757773
    outer loop
      vertex 65.3503 9.65 10.6653
      vertex 60.0474 14.1 6.09584
      vertex 65.2172 9.63271 10.5507
    endloop
  endfacet
  facet normal -0.652754 5.85589e-05 0.75757
    outer loop
      vertex 65.2172 9.63271 10.5507
      vertex 60.0474 14.1 6.09584
      vertex 65.0893 9.58149 10.4405
    endloop
  endfacet
  facet normal -0.652251 0.000978454 0.758003
    outer loop
      vertex 60.0474 14.1 6.09584
      vertex 64.9495 9.47454 10.32
      vertex 64.9715 9.49832 10.3389
    endloop
  endfacet
  facet normal -0.652807 -4.70556e-05 0.757525
    outer loop
      vertex 64.6816 8.92558 10.0891
      vertex 60.0474 14.1 6.09584
      vertex 64.6685 8.75 10.0778
    endloop
  endfacet
  facet normal -0.652699 0.000120373 0.757617
    outer loop
      vertex 64.7204 9.09441 10.1225
      vertex 60.0474 14.1 6.09584
      vertex 64.6816 8.92558 10.0891
    endloop
  endfacet
  facet normal -0.652933 -0.000260248 0.757415
    outer loop
      vertex 64.77 9.21695 10.1653
      vertex 60.0474 14.1 6.09584
      vertex 64.7204 9.09441 10.1225
    endloop
  endfacet
  facet normal -0.65233 0.000755547 0.757934
    outer loop
      vertex 64.7834 9.25001 10.1768
      vertex 60.0474 14.1 6.09584
      vertex 64.77 9.21695 10.1653
    endloop
  endfacet
  facet normal -0.652677 0.000166272 0.757636
    outer loop
      vertex 64.8014 9.27899 10.1923
      vertex 60.0474 14.1 6.09584
      vertex 64.7834 9.25001 10.1768
    endloop
  endfacet
  facet normal -0.652873 -0.000169995 0.757468
    outer loop
      vertex 64.8682 9.3864 10.2499
      vertex 60.0474 14.1 6.09584
      vertex 64.8014 9.27899 10.1923
    endloop
  endfacet
  facet normal -0.652889 -0.000199647 0.757453
    outer loop
      vertex 64.9495 9.47454 10.32
      vertex 60.0474 14.1 6.09584
      vertex 64.8682 9.3864 10.2499
    endloop
  endfacet
  facet normal -0.652971 -0.000363 0.757383
    outer loop
      vertex 65.0893 9.58149 10.4405
      vertex 60.0474 14.1 6.09584
      vertex 64.9715 9.49832 10.3389
    endloop
  endfacet
  facet normal -0.653094 -9.32338e-05 0.757277
    outer loop
      vertex 69.8095 8.61173 14.5078
      vertex 70.6531 3.4 15.2347
      vertex 69.8198 8.75 14.5167
    endloop
  endfacet
  facet normal -0.65214 0.000175753 0.758098
    outer loop
      vertex 69.8067 8.57442 14.5054
      vertex 70.6531 3.4 15.2347
      vertex 69.8095 8.61173 14.5078
    endloop
  endfacet
  facet normal -0.653821 -0.000303287 0.756649
    outer loop
      vertex 69.7985 8.53854 14.4983
      vertex 70.6531 3.4 15.2347
      vertex 69.8067 8.57442 14.5054
    endloop
  endfacet
  facet normal -0.652216 0.000161924 0.758033
    outer loop
      vertex 69.7679 8.40558 14.472
      vertex 70.6531 3.4 15.2347
      vertex 69.7985 8.53854 14.4983
    endloop
  endfacet
  facet normal -0.65283 -2.71851e-05 0.757505
    outer loop
      vertex 69.7049 8.24999 14.4177
      vertex 70.6531 3.4 15.2347
      vertex 69.7679 8.40558 14.472
    endloop
  endfacet
  facet normal -0.652881 -4.45842e-05 0.757461
    outer loop
      vertex 69.6201 8.1136 14.3446
      vertex 70.6531 3.4 15.2347
      vertex 69.7049 8.24999 14.4177
    endloop
  endfacet
  facet normal -0.653237 -0.000180767 0.757153
    outer loop
      vertex 69.5982 8.08982 14.3257
      vertex 70.6531 3.4 15.2347
      vertex 69.6201 8.1136 14.3446
    endloop
  endfacet
  facet normal -0.652597 7.04029e-05 0.757706
    outer loop
      vertex 69.5168 8.00168 14.2556
      vertex 70.6531 3.4 15.2347
      vertex 69.5982 8.08982 14.3257
    endloop
  endfacet
  facet normal -0.652794 -1.44956e-05 0.757536
    outer loop
      vertex 69.3989 7.91851 14.154
      vertex 70.6531 3.4 15.2347
      vertex 69.5168 8.00168 14.2556
    endloop
  endfacet
  facet normal -0.652882 -5.70347e-05 0.75746
    outer loop
      vertex 69.2982 7.87818 14.0672
      vertex 70.6531 3.4 15.2347
      vertex 69.3989 7.91851 14.154
    endloop
  endfacet
  facet normal -0.652233 0.000284976 0.758019
    outer loop
      vertex 69.271 7.86729 14.0438
      vertex 70.6531 3.4 15.2347
      vertex 69.2982 7.87818 14.0672
    endloop
  endfacet
  facet normal -0.652759 1.27477e-06 0.757565
    outer loop
      vertex 69.138 7.85 13.9292
      vertex 70.6531 3.4 15.2347
      vertex 69.271 7.86729 14.0438
    endloop
  endfacet
  facet normal -0.652784 -1.31479e-05 0.757544
    outer loop
      vertex 65.3503 7.85 10.6653
      vertex 70.6531 3.4 15.2347
      vertex 69.138 7.85 13.9292
    endloop
  endfacet
  facet normal -0.652518 -0.000534871 0.757773
    outer loop
      vertex 60.0474 3.4 6.09584
      vertex 65.3503 7.85 10.6653
      vertex 65.2172 7.86729 10.5507
    endloop
  endfacet
  facet normal -0.652754 -5.85589e-05 0.75757
    outer loop
      vertex 60.0474 3.4 6.09584
      vertex 65.2172 7.86729 10.5507
      vertex 65.0893 7.91851 10.4405
    endloop
  endfacet
  facet normal -0.652971 0.000363 0.757383
    outer loop
      vertex 60.0474 3.4 6.09584
      vertex 65.0893 7.91851 10.4405
      vertex 64.9715 8.00168 10.3389
    endloop
  endfacet
  facet normal -0.652889 0.000199647 0.757453
    outer loop
      vertex 60.0474 3.4 6.09584
      vertex 64.9495 8.02546 10.32
      vertex 64.8682 8.1136 10.2499
    endloop
  endfacet
  facet normal -0.652775 0 0.757552
    outer loop
      vertex 60.0474 3.4 6.09584
      vertex 64.6685 8.75 10.0778
      vertex 60.0474 14.1 6.09584
    endloop
  endfacet
  facet normal -0.652807 4.70556e-05 0.757525
    outer loop
      vertex 64.6685 8.75 10.0778
      vertex 60.0474 3.4 6.09584
      vertex 64.6816 8.57442 10.0891
    endloop
  endfacet
  facet normal -0.652699 -0.000120367 0.757617
    outer loop
      vertex 64.6816 8.57442 10.0891
      vertex 60.0474 3.4 6.09584
      vertex 64.7204 8.40558 10.1225
    endloop
  endfacet
  facet normal -0.652933 0.000260263 0.757415
    outer loop
      vertex 64.7204 8.40558 10.1225
      vertex 60.0474 3.4 6.09584
      vertex 64.77 8.28305 10.1653
    endloop
  endfacet
  facet normal -0.65233 -0.000755547 0.757934
    outer loop
      vertex 64.77 8.28305 10.1653
      vertex 60.0474 3.4 6.09584
      vertex 64.7834 8.24999 10.1768
    endloop
  endfacet
  facet normal -0.652677 -0.000166272 0.757636
    outer loop
      vertex 64.7834 8.24999 10.1768
      vertex 60.0474 3.4 6.09584
      vertex 64.8014 8.22101 10.1923
    endloop
  endfacet
  facet normal -0.652776 2.22748e-06 0.757551
    outer loop
      vertex 65.3503 7.85 10.6653
      vertex 60.0474 3.4 6.09584
      vertex 70.6531 3.4 15.2347
    endloop
  endfacet
  facet normal -0.652251 -0.000978454 0.758003
    outer loop
      vertex 64.9495 8.02546 10.32
      vertex 60.0474 3.4 6.09584
      vertex 64.9715 8.00168 10.3389
    endloop
  endfacet
  facet normal -0.652873 0.000169995 0.757468
    outer loop
      vertex 64.8014 8.22101 10.1923
      vertex 60.0474 3.4 6.09584
      vertex 64.8682 8.1136 10.2499
    endloop
  endfacet
  facet normal 0.757489 -0.000616991 0.652847
    outer loop
      vertex 74.0744 8.3174 11.9971
      vertex 73.9621 8.3174 12.1274
      vertex 74.0182 8.30892 12.0623
    endloop
  endfacet
  facet normal 0 1 0
    outer loop
      vertex 76.6587 14.1 8.26528
      vertex 60.0474 14.1 6.09584
      vertex 70.6531 14.1 15.2347
    endloop
  endfacet
  facet normal -0 1 0
    outer loop
      vertex 60.0474 14.1 6.09584
      vertex 76.6587 14.1 8.26528
      vertex 66.053 14.1 -0.873612
    endloop
  endfacet
  facet normal 0.827173 0 0.561948
    outer loop
      vertex 76.6587 14.1 8.26528
      vertex 74.3062 8.75 11.7281
      vertex 76.6587 3.4 8.26528
    endloop
  endfacet
  facet normal 0 -1 0
    outer loop
      vertex 60.0474 3.4 6.09584
      vertex 76.6587 3.4 8.26528
      vertex 70.6531 3.4 15.2347
    endloop
  endfacet
  facet normal 0 -1 0
    outer loop
      vertex 76.6587 3.4 8.26528
      vertex 60.0474 3.4 6.09584
      vertex 66.053 3.4 -0.873612
    endloop
  endfacet
  facet normal 0.753975 0.0969815 0.649705
    outer loop
      vertex 76.6587 14.1 8.26528
      vertex 70.6531 14.1 15.2347
      vertex 74.0182 9.19108 12.0623
    endloop
  endfacet
  facet normal 0.757695 0.000189301 0.652609
    outer loop
      vertex 74.2218 9.06189 11.826
      vertex 74.0744 9.1826 11.9971
      vertex 74.3062 8.75 11.7281
    endloop
  endfacet
  facet normal 0.819369 -0.0106937 0.573167
    outer loop
      vertex 74.3062 8.75 11.7281
      vertex 74.3006 8.66395 11.7345
      vertex 76.6587 3.4 8.26528
    endloop
  endfacet
  facet normal 0.652782 0 -0.757546
    outer loop
      vertex 76.6587 3.4 8.26528
      vertex 75.8254 8.75 7.54722
      vertex 76.6587 14.1 8.26528
    endloop
  endfacet
  facet normal 0.65163 -0.000312517 -0.758537
    outer loop
      vertex 76.6587 3.4 8.26528
      vertex 75.8226 8.71269 7.54483
      vertex 75.8254 8.75 7.54722
    endloop
  endfacet
  facet normal 0.65297 5.46667e-05 -0.757384
    outer loop
      vertex 76.6587 3.4 8.26528
      vertex 75.8123 8.57442 7.53594
      vertex 75.8226 8.71269 7.54483
    endloop
  endfacet
  facet normal 0.652463 -8.97832e-05 -0.757821
    outer loop
      vertex 76.6587 3.4 8.26528
      vertex 75.7817 8.44146 7.50961
      vertex 75.8123 8.57442 7.53594
    endloop
  endfacet
  facet normal 0.654094 0.000404935 -0.756413
    outer loop
      vertex 76.6587 3.4 8.26528
      vertex 75.7735 8.40558 7.5025
      vertex 75.7817 8.44146 7.50961
    endloop
  endfacet
  facet normal 0.652794 3.95922e-06 -0.757536
    outer loop
      vertex 76.6587 3.4 8.26528
      vertex 75.7105 8.24999 7.44821
      vertex 75.7735 8.40558 7.5025
    endloop
  endfacet
  facet normal 0.652732 -1.68781e-05 -0.757588
    outer loop
      vertex 76.6587 3.4 8.26528
      vertex 75.6257 8.1136 7.37515
      vertex 75.7105 8.24999 7.44821
    endloop
  endfacet
  facet normal 0.652639 -5.25908e-05 -0.757669
    outer loop
      vertex 76.6587 3.4 8.26528
      vertex 75.5443 8.02546 7.30504
      vertex 75.6257 8.1136 7.37515
    endloop
  endfacet
  facet normal 0.652189 -0.000241329 -0.758056
    outer loop
      vertex 76.6587 3.4 8.26528
      vertex 75.5223 8.00168 7.28612
      vertex 75.5443 8.02546 7.30504
    endloop
  endfacet
  facet normal 0.652969 9.41091e-05 -0.757385
    outer loop
      vertex 76.6587 3.4 8.26528
      vertex 75.4045 7.91851 7.18455
      vertex 75.5223 8.00168 7.28612
    endloop
  endfacet
  facet normal 0.652516 -0.000124807 -0.757775
    outer loop
      vertex 76.6587 3.4 8.26528
      vertex 75.3773 7.90762 7.16113
      vertex 75.4045 7.91851 7.18455
    endloop
  endfacet
  facet normal 0.652843 3.71573e-05 -0.757493
    outer loop
      vertex 76.6587 3.4 8.26528
      vertex 75.2766 7.86729 7.07434
      vertex 75.3773 7.90762 7.16113
    endloop
  endfacet
  facet normal 0.652823 2.60844e-05 -0.757511
    outer loop
      vertex 76.6587 3.4 8.26528
      vertex 75.1436 7.85 6.95972
      vertex 75.2766 7.86729 7.07434
    endloop
  endfacet
  facet normal 0.652773 -3.61476e-06 -0.757554
    outer loop
      vertex 76.6587 3.4 8.26528
      vertex 71.3558 7.85 3.69583
      vertex 75.1436 7.85 6.95972
    endloop
  endfacet
  facet normal 0.652778 6.65364e-06 -0.75755
    outer loop
      vertex 66.053 3.4 -0.873612
      vertex 71.3558 7.85 3.69583
      vertex 76.6587 3.4 8.26528
    endloop
  endfacet
  facet normal 0.652791 -2.0084e-05 -0.757538
    outer loop
      vertex 71.3558 7.85 3.69583
      vertex 66.053 3.4 -0.873612
      vertex 71.2228 7.86729 3.58122
    endloop
  endfacet
  facet normal 0.652776 8.4753e-06 -0.757551
    outer loop
      vertex 71.2228 7.86729 3.58122
      vertex 66.053 3.4 -0.873612
      vertex 71.0949 7.91851 3.47101
    endloop
  endfacet
  facet normal 0.652914 -0.00024511 -0.757432
    outer loop
      vertex 66.053 3.4 -0.873612
      vertex 70.8957 8.08982 3.29933
      vertex 70.977 8.00168 3.36944
    endloop
  endfacet
  facet normal 0.652832 -8.43177e-05 -0.757503
    outer loop
      vertex 66.053 3.4 -0.873612
      vertex 70.7393 8.37252 3.16459
      vertex 70.7889 8.24999 3.20735
    endloop
  endfacet
  facet normal 0.652786 -6.57452e-06 -0.757542
    outer loop
      vertex 70.6871 8.57442 3.11962
      vertex 66.053 3.4 -0.873612
      vertex 70.674 8.75 3.10833
    endloop
  endfacet
  facet normal 0.652772 1.49776e-05 -0.757554
    outer loop
      vertex 70.7259 8.40558 3.15305
      vertex 66.053 3.4 -0.873612
      vertex 70.6871 8.57442 3.11962
    endloop
  endfacet
  facet normal 0.652714 0.000109437 -0.757604
    outer loop
      vertex 70.7393 8.37252 3.16459
      vertex 66.053 3.4 -0.873612
      vertex 70.7259 8.40558 3.15305
    endloop
  endfacet
  facet normal 0.652701 0.000138241 -0.757615
    outer loop
      vertex 70.8557 8.14258 3.26488
      vertex 66.053 3.4 -0.873612
      vertex 70.7889 8.24999 3.20735
    endloop
  endfacet
  facet normal 0.652958 -0.000313939 -0.757394
    outer loop
      vertex 70.8737 8.1136 3.28041
      vertex 66.053 3.4 -0.873612
      vertex 70.8557 8.14258 3.26488
    endloop
  endfacet
  facet normal 0.652429 0.000627702 -0.75785
    outer loop
      vertex 70.8957 8.08982 3.29933
      vertex 66.053 3.4 -0.873612
      vertex 70.8737 8.1136 3.28041
    endloop
  endfacet
  facet normal 0.652729 9.95866e-05 -0.757591
    outer loop
      vertex 71.0949 7.91851 3.47101
      vertex 66.053 3.4 -0.873612
      vertex 70.977 8.00168 3.36944
    endloop
  endfacet
  facet normal 0.65163 0.000312517 -0.758537
    outer loop
      vertex 75.8226 8.78731 7.54483
      vertex 76.6587 14.1 8.26528
      vertex 75.8254 8.75 7.54722
    endloop
  endfacet
  facet normal 0.65297 -5.46667e-05 -0.757384
    outer loop
      vertex 75.8123 8.92558 7.53594
      vertex 76.6587 14.1 8.26528
      vertex 75.8226 8.78731 7.54483
    endloop
  endfacet
  facet normal 0.652463 8.97832e-05 -0.757821
    outer loop
      vertex 75.7817 9.05854 7.50961
      vertex 76.6587 14.1 8.26528
      vertex 75.8123 8.92558 7.53594
    endloop
  endfacet
  facet normal 0.654094 -0.000404983 -0.756413
    outer loop
      vertex 75.7735 9.09441 7.5025
      vertex 76.6587 14.1 8.26528
      vertex 75.7817 9.05854 7.50961
    endloop
  endfacet
  facet normal 0.652794 -3.95914e-06 -0.757536
    outer loop
      vertex 75.7105 9.25001 7.44821
      vertex 76.6587 14.1 8.26528
      vertex 75.7735 9.09441 7.5025
    endloop
  endfacet
  facet normal 0.652732 1.68781e-05 -0.757588
    outer loop
      vertex 75.6257 9.3864 7.37515
      vertex 76.6587 14.1 8.26528
      vertex 75.7105 9.25001 7.44821
    endloop
  endfacet
  facet normal 0.652639 5.25908e-05 -0.757669
    outer loop
      vertex 75.5443 9.47454 7.30504
      vertex 76.6587 14.1 8.26528
      vertex 75.6257 9.3864 7.37515
    endloop
  endfacet
  facet normal 0.652189 0.000241329 -0.758056
    outer loop
      vertex 75.5223 9.49832 7.28612
      vertex 76.6587 14.1 8.26528
      vertex 75.5443 9.47454 7.30504
    endloop
  endfacet
  facet normal 0.652969 -9.41091e-05 -0.757385
    outer loop
      vertex 75.4045 9.58149 7.18455
      vertex 76.6587 14.1 8.26528
      vertex 75.5223 9.49832 7.28612
    endloop
  endfacet
  facet normal 0.652516 0.000124819 -0.757775
    outer loop
      vertex 75.3773 9.59237 7.16113
      vertex 76.6587 14.1 8.26528
      vertex 75.4045 9.58149 7.18455
    endloop
  endfacet
  facet normal 0.652843 -3.71563e-05 -0.757493
    outer loop
      vertex 75.2766 9.63271 7.07434
      vertex 76.6587 14.1 8.26528
      vertex 75.3773 9.59237 7.16113
    endloop
  endfacet
  facet normal 0.652823 -2.60844e-05 -0.757511
    outer loop
      vertex 75.1436 9.65 6.95972
      vertex 76.6587 14.1 8.26528
      vertex 75.2766 9.63271 7.07434
    endloop
  endfacet
  facet normal 0.652773 3.61476e-06 -0.757554
    outer loop
      vertex 71.3558 9.65 3.69583
      vertex 76.6587 14.1 8.26528
      vertex 75.1436 9.65 6.95972
    endloop
  endfacet
  facet normal 0.652791 2.0084e-05 -0.757538
    outer loop
      vertex 66.053 14.1 -0.873612
      vertex 71.3558 9.65 3.69583
      vertex 71.2228 9.63271 3.58122
    endloop
  endfacet
  facet normal 0.652776 -8.4753e-06 -0.757551
    outer loop
      vertex 66.053 14.1 -0.873612
      vertex 71.2228 9.63271 3.58122
      vertex 71.0949 9.58149 3.47101
    endloop
  endfacet
  facet normal 0.652729 -9.95866e-05 -0.757591
    outer loop
      vertex 66.053 14.1 -0.873612
      vertex 71.0949 9.58149 3.47101
      vertex 70.977 9.49832 3.36944
    endloop
  endfacet
  facet normal 0.652429 -0.000627702 -0.75785
    outer loop
      vertex 66.053 14.1 -0.873612
      vertex 70.8957 9.41018 3.29933
      vertex 70.8737 9.3864 3.28041
    endloop
  endfacet
  facet normal 0.652714 -0.000109414 -0.757604
    outer loop
      vertex 66.053 14.1 -0.873612
      vertex 70.7393 9.12748 3.16459
      vertex 70.7259 9.09441 3.15305
    endloop
  endfacet
  facet normal 0.652782 0 -0.757546
    outer loop
      vertex 66.053 14.1 -0.873612
      vertex 70.674 8.75 3.10833
      vertex 66.053 3.4 -0.873612
    endloop
  endfacet
  facet normal 0.652786 6.57452e-06 -0.757542
    outer loop
      vertex 70.674 8.75 3.10833
      vertex 66.053 14.1 -0.873612
      vertex 70.6871 8.92558 3.11962
    endloop
  endfacet
  facet normal 0.652772 -1.49783e-05 -0.757554
    outer loop
      vertex 70.6871 8.92558 3.11962
      vertex 66.053 14.1 -0.873612
      vertex 70.7259 9.09441 3.15305
    endloop
  endfacet
  facet normal 0.652832 8.43177e-05 -0.757503
    outer loop
      vertex 70.7393 9.12748 3.16459
      vertex 66.053 14.1 -0.873612
      vertex 70.7889 9.25001 3.20735
    endloop
  endfacet
  facet normal 0.652701 -0.000138249 -0.757615
    outer loop
      vertex 70.7889 9.25001 3.20735
      vertex 66.053 14.1 -0.873612
      vertex 70.8557 9.35741 3.26488
    endloop
  endfacet
  facet normal 0.652778 -6.65364e-06 -0.75755
    outer loop
      vertex 71.3558 9.65 3.69583
      vertex 66.053 14.1 -0.873612
      vertex 76.6587 14.1 8.26528
    endloop
  endfacet
  facet normal 0.652914 0.00024511 -0.757432
    outer loop
      vertex 70.8957 9.41018 3.29933
      vertex 66.053 14.1 -0.873612
      vertex 70.977 9.49832 3.36944
    endloop
  endfacet
  facet normal 0.652958 0.000313871 -0.757394
    outer loop
      vertex 70.8557 9.35741 3.26488
      vertex 66.053 14.1 -0.873612
      vertex 70.8737 9.3864 3.28041
    endloop
  endfacet
  facet normal -0.757547 -7.03037e-06 -0.652781
    outer loop
      vertex 66.053 14.1 -0.873612
      vertex 62.5091 10.974 3.23909
      vertex 60.0474 14.1 6.09584
    endloop
  endfacet
  facet normal -0.757553 9.93129e-06 -0.652773
    outer loop
      vertex 66.053 14.1 -0.873612
      vertex 63.7152 10.1389 1.83938
      vertex 62.5091 10.974 3.23909
    endloop
  endfacet
  facet normal -0.757546 0 -0.652782
    outer loop
      vertex 66.053 14.1 -0.873612
      vertex 63.7152 7.36107 1.83938
      vertex 63.7152 10.1389 1.83938
    endloop
  endfacet
  facet normal -0.757553 -9.93158e-06 -0.652773
    outer loop
      vertex 63.7152 7.36107 1.83938
      vertex 66.053 3.4 -0.873612
      vertex 62.5091 6.52604 3.23909
    endloop
  endfacet
  facet normal -0.757546 0 -0.652782
    outer loop
      vertex 66.053 3.4 -0.873612
      vertex 63.7152 7.36107 1.83938
      vertex 66.053 14.1 -0.873612
    endloop
  endfacet
  facet normal -0.757459 0.000156167 -0.652883
    outer loop
      vertex 62.367 10.9705 3.40395
      vertex 60.0474 14.1 6.09584
      vertex 62.5091 10.974 3.23909
    endloop
  endfacet
  facet normal -0.757519 5.17804e-05 -0.652814
    outer loop
      vertex 62.162 10.8438 3.64182
      vertex 60.0474 14.1 6.09584
      vertex 62.367 10.9705 3.40395
    endloop
  endfacet
  facet normal -0.757558 -7.73377e-06 -0.652768
    outer loop
      vertex 62.1435 10.8287 3.66329
      vertex 60.0474 14.1 6.09584
      vertex 62.162 10.8438 3.64182
    endloop
  endfacet
  facet normal -0.758233 -0.00102433 -0.651983
    outer loop
      vertex 62.1241 10.8042 3.68589
      vertex 60.0474 14.1 6.09584
      vertex 62.1435 10.8287 3.66329
    endloop
  endfacet
  facet normal -0.757516 3.67377e-05 -0.652816
    outer loop
      vertex 61.7619 10.2671 4.10615
      vertex 60.0474 14.1 6.09584
      vertex 62.1241 10.8042 3.68589
    endloop
  endfacet
  facet normal -0.75766 -0.000114021 -0.65265
    outer loop
      vertex 61.6933 10.1389 4.18581
      vertex 60.0474 14.1 6.09584
      vertex 61.7619 10.2671 4.10615
    endloop
  endfacet
  facet normal -0.757547 -4.36693e-06 -0.65278
    outer loop
      vertex 61.6153 9.91538 4.27633
      vertex 60.0474 14.1 6.09584
      vertex 61.6933 10.1389 4.18581
    endloop
  endfacet
  facet normal -0.757276 0.000234487 -0.653095
    outer loop
      vertex 61.5972 9.78373 4.29727
      vertex 60.0474 14.1 6.09584
      vertex 61.6153 9.91538 4.27633
    endloop
  endfacet
  facet normal -0.757554 0 -0.652773
    outer loop
      vertex 61.5972 7.71627 4.29727
      vertex 60.0474 14.1 6.09584
      vertex 61.5972 9.78373 4.29727
    endloop
  endfacet
  facet normal -0.757276 -0.000234487 -0.653095
    outer loop
      vertex 60.0474 3.4 6.09584
      vertex 61.5972 7.71627 4.29727
      vertex 61.6153 7.58462 4.27633
    endloop
  endfacet
  facet normal -0.757547 7.03028e-06 -0.652781
    outer loop
      vertex 60.0474 3.4 6.09584
      vertex 62.5091 6.52604 3.23909
      vertex 66.053 3.4 -0.873612
    endloop
  endfacet
  facet normal -0.757459 -0.000156182 -0.652883
    outer loop
      vertex 62.5091 6.52604 3.23909
      vertex 60.0474 3.4 6.09584
      vertex 62.367 6.52952 3.40395
    endloop
  endfacet
  facet normal -0.757519 -5.17853e-05 -0.652814
    outer loop
      vertex 62.367 6.52952 3.40395
      vertex 60.0474 3.4 6.09584
      vertex 62.162 6.65618 3.64182
    endloop
  endfacet
  facet normal -0.757554 0 -0.652773
    outer loop
      vertex 61.5972 7.71627 4.29727
      vertex 60.0474 3.4 6.09584
      vertex 60.0474 14.1 6.09584
    endloop
  endfacet
  facet normal -0.757547 4.36663e-06 -0.65278
    outer loop
      vertex 61.6933 7.36107 4.18581
      vertex 60.0474 3.4 6.09584
      vertex 61.6153 7.58462 4.27633
    endloop
  endfacet
  facet normal -0.75766 0.000114048 -0.65265
    outer loop
      vertex 61.7619 7.23294 4.10615
      vertex 60.0474 3.4 6.09584
      vertex 61.6933 7.36107 4.18581
    endloop
  endfacet
  facet normal -0.757516 -3.67366e-05 -0.652816
    outer loop
      vertex 62.1241 6.69581 3.68589
      vertex 60.0474 3.4 6.09584
      vertex 61.7619 7.23294 4.10615
    endloop
  endfacet
  facet normal -0.758233 0.0010247 -0.651983
    outer loop
      vertex 62.1435 6.67133 3.66329
      vertex 60.0474 3.4 6.09584
      vertex 62.1241 6.69581 3.68589
    endloop
  endfacet
  facet normal -0.757558 7.72494e-06 -0.652768
    outer loop
      vertex 62.162 6.65618 3.64182
      vertex 60.0474 3.4 6.09584
      vertex 62.1435 6.67133 3.66329
    endloop
  endfacet
  facet normal 0.757557 0 0.65277
    outer loop
      vertex 73.8583 9.11674 12.2479
      vertex 73.8583 8.38326 12.2479
      vertex 74.3062 8.75 11.7281
    endloop
  endfacet
  facet normal 0.71068 0.0367799 0.702554
    outer loop
      vertex 73.7788 8.99505 12.3401
      vertex 70.6531 14.1 15.2347
      vertex 73.7522 8.91879 12.371
    endloop
  endfacet
  facet normal 0.785461 -0.0557217 0.616398
    outer loop
      vertex 74.2218 8.43811 11.826
      vertex 74.1782 8.38326 11.8766
      vertex 76.6587 3.4 8.26528
    endloop
  endfacet
  facet normal 0.757695 -0.000189301 0.652609
    outer loop
      vertex 74.3062 8.75 11.7281
      vertex 74.0744 8.3174 11.9971
      vertex 74.2218 8.43811 11.826
    endloop
  endfacet
  facet normal 0.757473 -0 0.652867
    outer loop
      vertex 73.7522 8.58121 12.371
      vertex 73.8583 9.11674 12.2479
      vertex 73.7522 8.91879 12.371
    endloop
  endfacet
  facet normal 0.757473 0 0.652867
    outer loop
      vertex 73.8583 9.11674 12.2479
      vertex 73.7522 8.58121 12.371
      vertex 73.8583 8.38326 12.2479
    endloop
  endfacet
  facet normal 0.757566 -2.72505e-05 0.652758
    outer loop
      vertex 74.3062 8.75 11.7281
      vertex 73.8583 8.38326 12.2479
      vertex 74.0744 8.3174 11.9971
    endloop
  endfacet
  facet normal 0.760139 0.088974 0.64364
    outer loop
      vertex 76.6587 14.1 8.26528
      vertex 74.0182 9.19108 12.0623
      vertex 74.0744 9.1826 11.9971
    endloop
  endfacet
  facet normal 0.792673 0.046221 0.607892
    outer loop
      vertex 76.6587 14.1 8.26528
      vertex 74.2218 9.06189 11.826
      vertex 74.2576 8.99505 11.7844
    endloop
  endfacet
  facet normal 0.75879 -0.000885582 0.651335
    outer loop
      vertex 74.3062 8.75 11.7281
      vertex 74.2218 8.43811 11.826
      vertex 74.2842 8.58121 11.7535
    endloop
  endfacet
  facet normal 0.800084 -0.0364537 0.598779
    outer loop
      vertex 74.2842 8.58121 11.7535
      vertex 74.2576 8.50495 11.7844
      vertex 76.6587 3.4 8.26528
    endloop
  endfacet
  facet normal 0.687375 0.0100793 0.726233
    outer loop
      vertex 73.7358 8.83605 12.39
      vertex 70.6531 14.1 15.2347
      vertex 73.7303 8.75 12.3964
    endloop
  endfacet
  facet normal 0.760139 -0.088974 0.64364
    outer loop
      vertex 74.0744 8.3174 11.9971
      vertex 74.0182 8.30892 12.0623
      vertex 76.6587 3.4 8.26528
    endloop
  endfacet
  facet normal 0.740272 0.0760367 0.667994
    outer loop
      vertex 73.9621 9.1826 12.1274
      vertex 70.6531 14.1 15.2347
      vertex 73.9081 9.1575 12.1901
    endloop
  endfacet
  facet normal 0.732739 0.0652996 0.67737
    outer loop
      vertex 73.9081 9.1575 12.1901
      vertex 70.6531 14.1 15.2347
      vertex 73.8583 9.11674 12.2479
    endloop
  endfacet
  facet normal 0.677997 0 0.735064
    outer loop
      vertex 70.6531 14.1 15.2347
      vertex 70.6531 3.4 15.2347
      vertex 73.7303 8.75 12.3964
    endloop
  endfacet
  facet normal 0.725703 -0.0557539 0.685746
    outer loop
      vertex 73.8147 8.43811 12.2985
      vertex 70.6531 3.4 15.2347
      vertex 73.8583 8.38326 12.2479
    endloop
  endfacet
  facet normal 0.757566 2.72505e-05 0.652758
    outer loop
      vertex 74.0744 9.1826 11.9971
      vertex 73.8583 9.11674 12.2479
      vertex 74.3062 8.75 11.7281
    endloop
  endfacet
  facet normal 0.75789 0.0008643 0.652382
    outer loop
      vertex 74.1284 9.1575 11.9344
      vertex 74.0744 9.1826 11.9971
      vertex 74.1782 9.11674 11.8766
    endloop
  endfacet
  facet normal 0.75879 0.000885582 0.651335
    outer loop
      vertex 74.2842 8.91879 11.7535
      vertex 74.2218 9.06189 11.826
      vertex 74.3062 8.75 11.7281
    endloop
  endfacet
  facet normal 0.808537 0.0252579 0.587903
    outer loop
      vertex 76.6587 14.1 8.26528
      vertex 74.2842 8.91879 11.7535
      vertex 74.3006 8.83605 11.7345
    endloop
  endfacet
  facet normal 0.759128 -0.0009889 0.650941
    outer loop
      vertex 74.3062 8.75 11.7281
      vertex 74.2842 8.58121 11.7535
      vertex 74.3006 8.66395 11.7345
    endloop
  endfacet
  facet normal 0.808537 -0.0252579 0.587903
    outer loop
      vertex 74.3006 8.66395 11.7345
      vertex 74.2842 8.58121 11.7535
      vertex 76.6587 3.4 8.26528
    endloop
  endfacet
  facet normal 0.758154 -0.000232844 0.652076
    outer loop
      vertex 74.2842 8.58121 11.7535
      vertex 74.2218 8.43811 11.826
      vertex 74.2576 8.50495 11.7844
    endloop
  endfacet
  facet normal 0.792673 -0.046221 0.607892
    outer loop
      vertex 74.2576 8.50495 11.7844
      vertex 74.2218 8.43811 11.826
      vertex 76.6587 3.4 8.26528
    endloop
  endfacet
  facet normal 0.757751 -0.000351484 0.652543
    outer loop
      vertex 74.2218 8.43811 11.826
      vertex 74.0744 8.3174 11.9971
      vertex 74.1782 8.38326 11.8766
    endloop
  endfacet
  facet normal 0.778257 -0.0652154 0.62455
    outer loop
      vertex 74.1782 8.38326 11.8766
      vertex 74.1284 8.3425 11.9344
      vertex 76.6587 3.4 8.26528
    endloop
  endfacet
  facet normal 0.757489 -0.000618769 0.652847
    outer loop
      vertex 74.0744 8.3174 11.9971
      vertex 73.8583 8.38326 12.2479
      vertex 73.9621 8.3174 12.1274
    endloop
  endfacet
  facet normal 0.75775 -0.000348205 0.652545
    outer loop
      vertex 73.8147 9.06189 12.2985
      vertex 73.7522 8.91879 12.371
      vertex 73.8583 9.11674 12.2479
    endloop
  endfacet
  facet normal 0.725703 0.0557539 0.685746
    outer loop
      vertex 73.8583 9.11674 12.2479
      vertex 70.6531 14.1 15.2347
      vertex 73.8147 9.06189 12.2985
    endloop
  endfacet
  facet normal 0.778257 0.0652154 0.62455
    outer loop
      vertex 76.6587 14.1 8.26528
      vertex 74.1284 9.1575 11.9344
      vertex 74.1782 9.11674 11.8766
    endloop
  endfacet
  facet normal 0.770324 0.0756597 0.633149
    outer loop
      vertex 76.6587 14.1 8.26528
      vertex 74.0744 9.1826 11.9971
      vertex 74.1284 9.1575 11.9344
    endloop
  endfacet
  facet normal 0.75789 -0.0008643 0.652382
    outer loop
      vertex 73.9081 9.1575 12.1901
      vertex 73.8583 9.11674 12.2479
      vertex 73.9621 9.1826 12.1274
    endloop
  endfacet
  facet normal 0.757489 0.000618769 0.652847
    outer loop
      vertex 73.9621 9.1826 12.1274
      vertex 73.8583 9.11674 12.2479
      vertex 74.0744 9.1826 11.9971
    endloop
  endfacet
  facet normal 0.756324 0.000314732 0.654197
    outer loop
      vertex 73.7358 8.83605 12.39
      vertex 73.7303 8.75 12.3964
      vertex 73.7522 8.91879 12.371
    endloop
  endfacet
  facet normal 0.700587 0.024896 0.713133
    outer loop
      vertex 73.7522 8.91879 12.371
      vertex 70.6531 14.1 15.2347
      vertex 73.7358 8.83605 12.39
    endloop
  endfacet
  facet normal 0.758154 0.000232844 0.652076
    outer loop
      vertex 74.2576 8.99505 11.7844
      vertex 74.2218 9.06189 11.826
      vertex 74.2842 8.91879 11.7535
    endloop
  endfacet
  facet normal 0.800084 0.0364537 0.598779
    outer loop
      vertex 76.6587 14.1 8.26528
      vertex 74.2576 8.99505 11.7844
      vertex 74.2842 8.91879 11.7535
    endloop
  endfacet
  facet normal 0.759128 0.0009889 0.650941
    outer loop
      vertex 74.3006 8.83605 11.7345
      vertex 74.2842 8.91879 11.7535
      vertex 74.3062 8.75 11.7281
    endloop
  endfacet
  facet normal 0.819369 0.0106937 0.573167
    outer loop
      vertex 76.6587 14.1 8.26528
      vertex 74.3006 8.83605 11.7345
      vertex 74.3062 8.75 11.7281
    endloop
  endfacet
  facet normal 0.75789 -0.0008643 0.652382
    outer loop
      vertex 74.1782 8.38326 11.8766
      vertex 74.0744 8.3174 11.9971
      vertex 74.1284 8.3425 11.9344
    endloop
  endfacet
  facet normal 0.770324 -0.0756597 0.633149
    outer loop
      vertex 74.1284 8.3425 11.9344
      vertex 74.0744 8.3174 11.9971
      vertex 76.6587 3.4 8.26528
    endloop
  endfacet
  facet normal 0.740272 -0.0760367 0.667994
    outer loop
      vertex 73.9081 8.3425 12.1901
      vertex 70.6531 3.4 15.2347
      vertex 73.9621 8.3174 12.1274
    endloop
  endfacet
  facet normal 0.748785 -0.0888161 0.656836
    outer loop
      vertex 73.9621 8.3174 12.1274
      vertex 70.6531 3.4 15.2347
      vertex 74.0182 8.30892 12.0623
    endloop
  endfacet
  facet normal 0.757359 0 0.652999
    outer loop
      vertex 73.7522 8.91879 12.371
      vertex 73.7303 8.75 12.3964
      vertex 73.7522 8.58121 12.371
    endloop
  endfacet
  facet normal 0.700587 -0.024896 0.713133
    outer loop
      vertex 73.7358 8.66395 12.39
      vertex 70.6531 3.4 15.2347
      vertex 73.7522 8.58121 12.371
    endloop
  endfacet
  facet normal 0.755574 0.00187689 0.655061
    outer loop
      vertex 73.7788 8.99505 12.3401
      vertex 73.7522 8.91879 12.371
      vertex 73.8147 9.06189 12.2985
    endloop
  endfacet
  facet normal 0.718329 0.0462194 0.694166
    outer loop
      vertex 73.8147 9.06189 12.2985
      vertex 70.6531 14.1 15.2347
      vertex 73.7788 8.99505 12.3401
    endloop
  endfacet
  facet normal 0.757489 0.000616991 0.652847
    outer loop
      vertex 74.0182 9.19108 12.0623
      vertex 73.9621 9.1826 12.1274
      vertex 74.0744 9.1826 11.9971
    endloop
  endfacet
  facet normal 0.748785 0.0888161 0.656836
    outer loop
      vertex 74.0182 9.19108 12.0623
      vertex 70.6531 14.1 15.2347
      vertex 73.9621 9.1826 12.1274
    endloop
  endfacet
  facet normal 0.757751 0.000351484 0.652543
    outer loop
      vertex 74.1782 9.11674 11.8766
      vertex 74.0744 9.1826 11.9971
      vertex 74.2218 9.06189 11.826
    endloop
  endfacet
  facet normal 0.785461 0.0557217 0.616398
    outer loop
      vertex 76.6587 14.1 8.26528
      vertex 74.1782 9.11674 11.8766
      vertex 74.2218 9.06189 11.826
    endloop
  endfacet
  facet normal 0.75789 0.0008643 0.652382
    outer loop
      vertex 73.9621 8.3174 12.1274
      vertex 73.8583 8.38326 12.2479
      vertex 73.9081 8.3425 12.1901
    endloop
  endfacet
  facet normal 0.732739 -0.0652996 0.67737
    outer loop
      vertex 73.8583 8.38326 12.2479
      vertex 70.6531 3.4 15.2347
      vertex 73.9081 8.3425 12.1901
    endloop
  endfacet
  facet normal 0.75775 0.000348205 0.652545
    outer loop
      vertex 73.8583 8.38326 12.2479
      vertex 73.7522 8.58121 12.371
      vertex 73.8147 8.43811 12.2985
    endloop
  endfacet
  facet normal 0.718329 -0.0462194 0.694166
    outer loop
      vertex 73.7788 8.50495 12.3401
      vertex 70.6531 3.4 15.2347
      vertex 73.8147 8.43811 12.2985
    endloop
  endfacet
  facet normal 0.756324 -0.000314732 0.654197
    outer loop
      vertex 73.7522 8.58121 12.371
      vertex 73.7303 8.75 12.3964
      vertex 73.7358 8.66395 12.39
    endloop
  endfacet
  facet normal 0.687375 -0.0100793 0.726233
    outer loop
      vertex 73.7303 8.75 12.3964
      vertex 70.6531 3.4 15.2347
      vertex 73.7358 8.66395 12.39
    endloop
  endfacet
  facet normal 0.755574 -0.00187689 0.655061
    outer loop
      vertex 73.8147 8.43811 12.2985
      vertex 73.7522 8.58121 12.371
      vertex 73.7788 8.50495 12.3401
    endloop
  endfacet
  facet normal 0.71068 -0.0367799 0.702554
    outer loop
      vertex 73.7522 8.58121 12.371
      vertex 70.6531 3.4 15.2347
      vertex 73.7788 8.50495 12.3401
    endloop
  endfacet
  facet normal 0.649639 0.0979418 -0.753907
    outer loop
      vertex 64.6821 8.75 0.717239
      vertex 60.1055 9.23773 -3.16304
      vertex 64.6508 9.23773 0.75363
    endloop
  endfacet
  facet normal 0.757593 0 0.652727
    outer loop
      vertex 64.4071 10.1389 1.03642
      vertex 64.4071 7.36107 1.03642
      vertex 64.6821 8.75 0.717239
    endloop
  endfacet
  facet normal -0.75774 -0.000739783 -0.652556
    outer loop
      vertex 57.8804 6.4403 -0.580802
      vertex 57.5982 6.67133 -0.253377
      vertex 58.1865 6.29804 -0.93608
    endloop
  endfacet
  facet normal 0.649639 0.0979403 -0.753907
    outer loop
      vertex 60.1368 8.75 -3.19943
      vertex 60.1055 9.23773 -3.16304
      vertex 64.6821 8.75 0.717239
    endloop
  endfacet
  facet normal -0.757558 0 -0.652768
    outer loop
      vertex 60.1368 8.75 -3.19943
      vertex 58.5049 6.25 -1.30556
      vertex 58.5049 11.25 -1.30556
    endloop
  endfacet
  facet normal -0.75774 0.000740278 -0.652556
    outer loop
      vertex 58.1865 11.202 -0.93608
      vertex 57.5982 10.8287 -0.253377
      vertex 57.8804 11.0597 -0.580802
    endloop
  endfacet
  facet normal -0.757563 -1.32872e-05 -0.652761
    outer loop
      vertex 60.0126 7.79329 -3.05527
      vertex 59.8618 7.36107 -2.88025
      vertex 60.1368 8.75 -3.19943
    endloop
  endfacet
  facet normal 0.758138 0 0.652094
    outer loop
      vertex 61.4496 9.23773 4.46859
      vertex 61.4183 8.75 4.50498
      vertex 61.4496 8.26227 4.46859
    endloop
  endfacet
  facet normal 0.504662 0.634285 -0.585661
    outer loop
      vertex 64.4071 10.1389 1.03642
      vertex 59.8618 10.1389 -2.88025
      vertex 64.2042 10.5178 1.27194
    endloop
  endfacet
  facet normal 0.757549 -2.03182e-05 0.652778
    outer loop
      vertex 64.5579 9.70671 0.861403
      vertex 64.4071 10.1389 1.03642
      vertex 64.6821 8.75 0.717239
    endloop
  endfacet
  facet normal 0.757582 8.69905e-05 0.65274
    outer loop
      vertex 63.7152 10.1389 1.83938
      vertex 62.7318 11.202 2.98059
      vertex 62.5091 10.974 3.23909
    endloop
  endfacet
  facet normal 0.757553 2.45514e-05 0.652774
    outer loop
      vertex 62.7318 11.202 2.98059
      vertex 63.7152 10.1389 1.83938
      vertex 64.4071 10.1389 1.03642
    endloop
  endfacet
  facet normal -0.0639853 -0.995184 0.074255
    outer loop
      vertex 58.1865 6.29804 -0.93608
      vertex 63.0502 6.25 2.61111
      vertex 62.7318 6.29804 2.98059
    endloop
  endfacet
  facet normal -0.0639853 -0.995184 0.074255
    outer loop
      vertex 63.0502 6.25 2.61111
      vertex 58.1865 6.29804 -0.93608
      vertex 58.5049 6.25 -1.30556
    endloop
  endfacet
  facet normal 0.757553 -0 0.652774
    outer loop
      vertex 63.7152 7.36107 1.83938
      vertex 64.4071 10.1389 1.03642
      vertex 63.7152 10.1389 1.83938
    endloop
  endfacet
  facet normal 0.757553 0 0.652774
    outer loop
      vertex 64.4071 10.1389 1.03642
      vertex 63.7152 7.36107 1.83938
      vertex 64.4071 7.36107 1.03642
    endloop
  endfacet
  facet normal -0.757543 -2.29813e-05 -0.652786
    outer loop
      vertex 59.8618 7.36107 -2.88025
      vertex 58.5049 6.25 -1.30556
      vertex 60.1368 8.75 -3.19943
    endloop
  endfacet
  facet normal -0.757087 0.000158471 -0.653314
    outer loop
      vertex 60.1368 8.75 -3.19943
      vertex 60.0126 9.70671 -3.05527
      vertex 60.1055 9.23773 -3.16304
    endloop
  endfacet
  facet normal 0.757531 -2.67161e-05 0.6528
    outer loop
      vertex 63.0502 11.25 2.61111
      vertex 62.7318 11.202 2.98059
      vertex 64.2042 10.5178 1.27194
    endloop
  endfacet
  facet normal 0.757096 -0.000158447 0.653304
    outer loop
      vertex 64.6508 9.23773 0.75363
      vertex 64.5579 9.70671 0.861403
      vertex 64.6821 8.75 0.717239
    endloop
  endfacet
  facet normal 0.575692 0.471417 -0.668091
    outer loop
      vertex 64.5579 9.70671 0.861403
      vertex 60.0126 9.70671 -3.05527
      vertex 64.4071 10.1389 1.03642
    endloop
  endfacet
  facet normal -0.757526 4.71203e-05 -0.652805
    outer loop
      vertex 58.1865 6.29804 -0.93608
      vertex 57.3509 6.98223 0.0336132
      vertex 58.5049 6.25 -1.30556
    endloop
  endfacet
  facet normal 0.649639 -0.0979403 -0.753907
    outer loop
      vertex 64.6821 8.75 0.717239
      vertex 60.1055 8.26227 -3.16304
      vertex 60.1368 8.75 -3.19943
    endloop
  endfacet
  facet normal 0.757549 2.0319e-05 0.652778
    outer loop
      vertex 64.6821 8.75 0.717239
      vertex 64.4071 7.36107 1.03642
      vertex 64.5579 7.79329 0.861403
    endloop
  endfacet
  facet normal 0.575699 -0.471395 -0.6681
    outer loop
      vertex 64.4071 7.36107 1.03642
      vertex 59.8618 7.36107 -2.88025
      vertex 60.0126 7.79329 -3.05527
    endloop
  endfacet
  facet normal -0.757543 2.2982e-05 -0.652786
    outer loop
      vertex 60.1368 8.75 -3.19943
      vertex 58.5049 11.25 -1.30556
      vertex 59.8618 10.1389 -2.88025
    endloop
  endfacet
  facet normal -0.757515 0.00010244 -0.652818
    outer loop
      vertex 59.8618 10.1389 -2.88025
      vertex 58.5049 11.25 -1.30556
      vertex 59.4116 10.8287 -2.35774
    endloop
  endfacet
  facet normal 0.757539 1.46573e-05 0.652789
    outer loop
      vertex 64.2042 6.98223 1.27194
      vertex 63.3686 6.29804 2.24164
      vertex 63.9569 6.67133 1.55893
    endloop
  endfacet
  facet normal 0.0639863 -0.995184 -0.0742562
    outer loop
      vertex 63.0502 6.25 2.61111
      vertex 58.8233 6.29804 -1.67503
      vertex 63.3686 6.29804 2.24164
    endloop
  endfacet
  facet normal -0.0639325 0.995192 0.0741938
    outer loop
      vertex 63.0502 11.25 2.61111
      vertex 58.1865 11.202 -0.93608
      vertex 62.7318 11.202 2.98059
    endloop
  endfacet
  facet normal -0.0639325 0.995192 0.0741938
    outer loop
      vertex 58.1865 11.202 -0.93608
      vertex 63.0502 11.25 2.61111
      vertex 58.5049 11.25 -1.30556
    endloop
  endfacet
  facet normal 0.757582 -8.69934e-05 0.65274
    outer loop
      vertex 62.7318 6.29804 2.98059
      vertex 63.7152 7.36107 1.83938
      vertex 62.5091 6.52604 3.23909
    endloop
  endfacet
  facet normal 0.757553 -2.4553e-05 0.652774
    outer loop
      vertex 63.7152 7.36107 1.83938
      vertex 62.7318 6.29804 2.98059
      vertex 64.4071 7.36107 1.03642
    endloop
  endfacet
  facet normal 0.757507 -0.000147311 0.652827
    outer loop
      vertex 64.2042 10.5178 1.27194
      vertex 62.7318 11.202 2.98059
      vertex 64.4071 10.1389 1.03642
    endloop
  endfacet
  facet normal 0.757738 0.000719646 0.652559
    outer loop
      vertex 63.6747 11.0597 1.88636
      vertex 63.3686 11.202 2.24164
      vertex 63.9569 10.8287 1.55893
    endloop
  endfacet
  facet normal 0.0639863 -0.995184 -0.0742562
    outer loop
      vertex 63.0502 6.25 2.61111
      vertex 58.5049 6.25 -1.30556
      vertex 58.8233 6.29804 -1.67503
    endloop
  endfacet
  facet normal 0.414112 0.773017 -0.480578
    outer loop
      vertex 59.6589 10.5178 -2.64473
      vertex 59.4116 10.8287 -2.35774
      vertex 64.2042 10.5178 1.27194
    endloop
  endfacet
  facet normal 0.757609 0.000394987 0.652709
    outer loop
      vertex 62.4257 6.4403 3.33587
      vertex 62.367 6.52952 3.40395
      vertex 62.162 6.65618 3.64182
    endloop
  endfacet
  facet normal 0.757702 0.000538614 0.652601
    outer loop
      vertex 62.367 6.52952 3.40395
      vertex 62.4257 6.4403 3.33587
      vertex 62.7318 6.29804 2.98059
    endloop
  endfacet
  facet normal 0.757515 8.57719e-05 0.652818
    outer loop
      vertex 64.2042 6.98223 1.27194
      vertex 63.0502 6.25 2.61111
      vertex 63.3686 6.29804 2.24164
    endloop
  endfacet
  facet normal 0.50463 -0.634345 -0.585623
    outer loop
      vertex 64.2042 6.98223 1.27194
      vertex 59.8618 7.36107 -2.88025
      vertex 64.4071 7.36107 1.03642
    endloop
  endfacet
  facet normal -0.757087 -0.000158471 -0.653314
    outer loop
      vertex 60.1055 8.26227 -3.16304
      vertex 60.0126 7.79329 -3.05527
      vertex 60.1368 8.75 -3.19943
    endloop
  endfacet
  facet normal 0.575701 -0.471391 -0.668101
    outer loop
      vertex 64.4071 7.36107 1.03642
      vertex 60.0126 7.79329 -3.05527
      vertex 64.5579 7.79329 0.861403
    endloop
  endfacet
  facet normal -0.757654 -8.33178e-05 -0.652656
    outer loop
      vertex 57.3509 6.98223 0.0336132
      vertex 57.0639 7.64028 0.366701
      vertex 57.0639 7.80478 0.36668
    endloop
  endfacet
  facet normal -0.327585 -0.874655 0.357305
    outer loop
      vertex 57.8804 6.4403 -0.580802
      vertex 57.9713 6.67133 0.0680816
      vertex 57.9708 6.67118 0.067256
    endloop
  endfacet
  facet normal -0.272555 -0.893692 0.35641
    outer loop
      vertex 57.8804 6.4403 -0.580802
      vertex 57.9708 6.67118 0.067256
      vertex 57.97 6.67099 0.0661678
    endloop
  endfacet
  facet normal -0.325834 -0.875334 0.357243
    outer loop
      vertex 57.8804 6.4403 -0.580802
      vertex 57.97 6.67099 0.0661678
      vertex 57.9693 6.67081 0.0650883
    endloop
  endfacet
  facet normal -0.289844 -0.888066 0.356833
    outer loop
      vertex 57.8804 6.4403 -0.580802
      vertex 57.9693 6.67081 0.0650883
      vertex 57.9685 6.67064 0.0640154
    endloop
  endfacet
  facet normal -0.332084 -0.872991 0.35722
    outer loop
      vertex 57.8804 6.4403 -0.580802
      vertex 57.9685 6.67064 0.0640154
      vertex 57.9678 6.67047 0.0629492
    endloop
  endfacet
  facet normal -0.298351 -0.885178 0.356997
    outer loop
      vertex 57.8804 6.4403 -0.580802
      vertex 57.9678 6.67047 0.0629492
      vertex 57.967 6.67031 0.0618839
    endloop
  endfacet
  facet normal -0.340844 -0.869634 0.35716
    outer loop
      vertex 57.8804 6.4403 -0.580802
      vertex 57.967 6.67031 0.0618839
      vertex 57.9663 6.67015 0.0608263
    endloop
  endfacet
  facet normal -0.29976 -0.88468 0.35705
    outer loop
      vertex 57.8804 6.4403 -0.580802
      vertex 57.9663 6.67015 0.0608263
      vertex 57.9655 6.67 0.059783
    endloop
  endfacet
  facet normal -0.29976 -0.88468 0.35705
    outer loop
      vertex 57.8804 6.4403 -0.580802
      vertex 57.9655 6.67 0.059783
      vertex 57.9647 6.66985 0.0587397
    endloop
  endfacet
  facet normal -0.308005 -0.88182 0.35711
    outer loop
      vertex 57.8804 6.4403 -0.580802
      vertex 57.9647 6.66985 0.0587397
      vertex 57.9639 6.66971 0.057704
    endloop
  endfacet
  facet normal -0.316136 -0.878927 0.357134
    outer loop
      vertex 57.8804 6.4403 -0.580802
      vertex 57.9639 6.66971 0.057704
      vertex 57.9631 6.66958 0.0566759
    endloop
  endfacet
  facet normal -0.312481 -0.880235 0.35713
    outer loop
      vertex 57.8804 6.4403 -0.580802
      vertex 57.9631 6.66958 0.0566759
      vertex 57.9623 6.66945 0.0556555
    endloop
  endfacet
  facet normal -0.283392 -0.890103 0.35694
    outer loop
      vertex 57.8804 6.4403 -0.580802
      vertex 57.9623 6.66945 0.0556555
      vertex 57.9614 6.66933 0.0546417
    endloop
  endfacet
  facet normal -0.316835 -0.878693 0.35709
    outer loop
      vertex 57.8804 6.4403 -0.580802
      vertex 57.9614 6.66933 0.0546417
      vertex 57.9606 6.66921 0.0536366
    endloop
  endfacet
  facet normal -0.287458 -0.888769 0.357012
    outer loop
      vertex 57.8804 6.4403 -0.580802
      vertex 57.9606 6.66921 0.0536366
      vertex 57.9597 6.6691 0.0526381
    endloop
  endfacet
  facet normal -0.333009 -0.872757 0.356931
    outer loop
      vertex 57.8804 6.4403 -0.580802
      vertex 57.9597 6.6691 0.0526381
      vertex 57.9589 6.669 0.0516472
    endloop
  endfacet
  facet normal -0.291531 -0.887413 0.357082
    outer loop
      vertex 57.8804 6.4403 -0.580802
      vertex 57.9589 6.669 0.0516472
      vertex 57.958 6.6689 0.0506639
    endloop
  endfacet
  facet normal -0.337545 -0.87106 0.356817
    outer loop
      vertex 57.8804 6.4403 -0.580802
      vertex 57.958 6.6689 0.0506639
      vertex 57.9572 6.66881 0.0496874
    endloop
  endfacet
  facet normal -0.295885 -0.885948 0.357138
    outer loop
      vertex 57.8804 6.4403 -0.580802
      vertex 57.9572 6.66881 0.0496874
      vertex 57.9563 6.66872 0.0487185
    endloop
  endfacet
  facet normal -0.302542 -0.883702 0.357126
    outer loop
      vertex 57.8804 6.4403 -0.580802
      vertex 57.9563 6.66872 0.0487185
      vertex 57.9554 6.66864 0.0477581
    endloop
  endfacet
  facet normal -0.309853 -0.881183 0.357083
    outer loop
      vertex 57.8804 6.4403 -0.580802
      vertex 57.9554 6.66864 0.0477581
      vertex 57.9545 6.66857 0.0468044
    endloop
  endfacet
  facet normal -0.307144 -0.882122 0.357105
    outer loop
      vertex 57.8804 6.4403 -0.580802
      vertex 57.9545 6.66857 0.0468044
      vertex 57.9536 6.6685 0.0458574
    endloop
  endfacet
  facet normal -0.313616 -0.879868 0.35704
    outer loop
      vertex 57.8804 6.4403 -0.580802
      vertex 57.9536 6.6685 0.0458574
      vertex 57.9527 6.66844 0.044919
    endloop
  endfacet
  facet normal -0.320413 -0.877454 0.356945
    outer loop
      vertex 57.8804 6.4403 -0.580802
      vertex 57.9527 6.66844 0.044919
      vertex 57.9518 6.66839 0.0439882
    endloop
  endfacet
  facet normal -0.282944 -0.890108 0.357283
    outer loop
      vertex 57.8804 6.4403 -0.580802
      vertex 57.9518 6.66839 0.0439882
      vertex 57.9508 6.66834 0.0430717
    endloop
  endfacet
  facet normal -0.314633 -0.879525 0.356991
    outer loop
      vertex 57.8804 6.4403 -0.580802
      vertex 57.9508 6.66834 0.0430717
      vertex 57.9499 6.66829 0.0421553
    endloop
  endfacet
  facet normal -0.328438 -0.874574 0.356719
    outer loop
      vertex 57.8804 6.4403 -0.580802
      vertex 57.9499 6.66829 0.0421553
      vertex 57.949 6.66826 0.0412531
    endloop
  endfacet
  facet normal -0.295401 -0.886052 0.357282
    outer loop
      vertex 57.8804 6.4403 -0.580802
      vertex 57.949 6.66826 0.0412531
      vertex 57.948 6.66823 0.0403519
    endloop
  endfacet
  facet normal -0.29029 -0.887717 0.357337
    outer loop
      vertex 57.8804 6.4403 -0.580802
      vertex 57.948 6.66823 0.0403519
      vertex 57.947 6.6682 0.039465
    endloop
  endfacet
  facet normal -0.328971 -0.874421 0.356604
    outer loop
      vertex 57.8804 6.4403 -0.580802
      vertex 57.947 6.6682 0.039465
      vertex 57.9461 6.66818 0.0385857
    endloop
  endfacet
  facet normal -0.302538 -0.883672 0.357204
    outer loop
      vertex 57.8804 6.4403 -0.580802
      vertex 57.9461 6.66818 0.0385857
      vertex 57.9451 6.66817 0.037714
    endloop
  endfacet
  facet normal -0.299821 -0.884577 0.357254
    outer loop
      vertex 57.8804 6.4403 -0.580802
      vertex 57.9451 6.66817 0.037714
      vertex 57.9441 6.66816 0.03685
    endloop
  endfacet
  facet normal -0.307671 -0.881934 0.357115
    outer loop
      vertex 57.8804 6.4403 -0.580802
      vertex 57.9081 6.67133 0.0136166
      vertex 57.5982 6.67133 -0.253377
    endloop
  endfacet
  facet normal -0.322547 -0.877087 0.355924
    outer loop
      vertex 57.9081 6.67133 0.0136166
      vertex 57.8804 6.4403 -0.580802
      vertex 57.9091 6.67116 0.0141039
    endloop
  endfacet
  facet normal -0.306063 -0.882454 0.357212
    outer loop
      vertex 57.9091 6.67116 0.0141039
      vertex 57.8804 6.4403 -0.580802
      vertex 57.9103 6.67097 0.0146627
    endloop
  endfacet
  facet normal -0.301133 -0.884006 0.357565
    outer loop
      vertex 57.9103 6.67097 0.0146627
      vertex 57.8804 6.4403 -0.580802
      vertex 57.9115 6.67079 0.0152283
    endloop
  endfacet
  facet normal -0.298748 -0.884749 0.357728
    outer loop
      vertex 57.9115 6.67079 0.0152283
      vertex 57.8804 6.4403 -0.580802
      vertex 57.9127 6.67062 0.01581
    endloop
  endfacet
  facet normal -0.325698 -0.875973 0.355799
    outer loop
      vertex 57.9127 6.67062 0.01581
      vertex 57.8804 6.4403 -0.580802
      vertex 57.9138 6.67045 0.0163984
    endloop
  endfacet
  facet normal -0.29797 -0.88501 0.357731
    outer loop
      vertex 57.9138 6.67045 0.0163984
      vertex 57.8804 6.4403 -0.580802
      vertex 57.915 6.67029 0.0170021
    endloop
  endfacet
  facet normal -0.299831 -0.884428 0.357615
    outer loop
      vertex 57.915 6.67029 0.0170021
      vertex 57.8804 6.4403 -0.580802
      vertex 57.9162 6.67013 0.0176125
    endloop
  endfacet
  facet normal -0.320163 -0.877811 0.35629
    outer loop
      vertex 57.9162 6.67013 0.0176125
      vertex 57.8804 6.4403 -0.580802
      vertex 57.9173 6.66998 0.0182314
    endloop
  endfacet
  facet normal -0.29716 -0.88528 0.357737
    outer loop
      vertex 57.9173 6.66998 0.0182314
      vertex 57.8804 6.4403 -0.580802
      vertex 57.9185 6.66983 0.018857
    endloop
  endfacet
  facet normal -0.319394 -0.878054 0.356383
    outer loop
      vertex 57.9185 6.66983 0.018857
      vertex 57.8804 6.4403 -0.580802
      vertex 57.9196 6.66969 0.0194979
    endloop
  endfacet
  facet normal -0.316255 -0.879109 0.356582
    outer loop
      vertex 57.9196 6.66969 0.0194979
      vertex 57.8804 6.4403 -0.580802
      vertex 57.9207 6.66956 0.020153
    endloop
  endfacet
  facet normal -0.291823 -0.88697 0.357942
    outer loop
      vertex 57.9207 6.66956 0.020153
      vertex 57.8804 6.4403 -0.580802
      vertex 57.9219 6.66943 0.0208092
    endloop
  endfacet
  facet normal -0.313451 -0.880028 0.35679
    outer loop
      vertex 57.9219 6.66943 0.0208092
      vertex 57.8804 6.4403 -0.580802
      vertex 57.923 6.66931 0.0214796
    endloop
  endfacet
  facet normal -0.308293 -0.881733 0.357074
    outer loop
      vertex 57.923 6.66931 0.0214796
      vertex 57.8804 6.4403 -0.580802
      vertex 57.9241 6.6692 0.0221577
    endloop
  endfacet
  facet normal -0.312615 -0.880303 0.356844
    outer loop
      vertex 57.9241 6.6692 0.0221577
      vertex 57.8804 6.4403 -0.580802
      vertex 57.9252 6.66909 0.02285
    endloop
  endfacet
  facet normal -0.31295 -0.880192 0.356827
    outer loop
      vertex 57.9252 6.66909 0.02285
      vertex 57.8804 6.4403 -0.580802
      vertex 57.9263 6.66898 0.0235434
    endloop
  endfacet
  facet normal -0.302179 -0.883736 0.35735
    outer loop
      vertex 57.9263 6.66898 0.0235434
      vertex 57.8804 6.4403 -0.580802
      vertex 57.9274 6.66889 0.024251
    endloop
  endfacet
  facet normal -0.306883 -0.8822 0.357135
    outer loop
      vertex 57.9274 6.66889 0.024251
      vertex 57.8804 6.4403 -0.580802
      vertex 57.9285 6.6688 0.0249739
    endloop
  endfacet
  facet normal -0.306883 -0.8822 0.357135
    outer loop
      vertex 57.9285 6.6688 0.0249739
      vertex 57.8804 6.4403 -0.580802
      vertex 57.9296 6.66871 0.0256968
    endloop
  endfacet
  facet normal -0.303643 -0.883265 0.357273
    outer loop
      vertex 57.9296 6.66871 0.0256968
      vertex 57.8804 6.4403 -0.580802
      vertex 57.9307 6.66863 0.0264339
    endloop
  endfacet
  facet normal -0.300754 -0.884207 0.357388
    outer loop
      vertex 57.9307 6.66863 0.0264339
      vertex 57.8804 6.4403 -0.580802
      vertex 57.9318 6.66856 0.0271864
    endloop
  endfacet
  facet normal -0.320913 -0.877432 0.356549
    outer loop
      vertex 57.9318 6.66856 0.0271864
      vertex 57.8804 6.4403 -0.580802
      vertex 57.9328 6.6685 0.0279388
    endloop
  endfacet
  facet normal -0.297791 -0.885178 0.357462
    outer loop
      vertex 57.9328 6.6685 0.0279388
      vertex 57.8804 6.4403 -0.580802
      vertex 57.9339 6.66844 0.0287066
    endloop
  endfacet
  facet normal -0.328676 -0.874679 0.356243
    outer loop
      vertex 57.9339 6.66844 0.0287066
      vertex 57.8804 6.4403 -0.580802
      vertex 57.9349 6.66838 0.0294819
    endloop
  endfacet
  facet normal -0.294449 -0.886273 0.35752
    outer loop
      vertex 57.9349 6.66838 0.0294819
      vertex 57.8804 6.4403 -0.580802
      vertex 57.936 6.66833 0.0302639
    endloop
  endfacet
  facet normal -0.316862 -0.878812 0.356775
    outer loop
      vertex 57.936 6.66833 0.0302639
      vertex 57.8804 6.4403 -0.580802
      vertex 57.937 6.66829 0.0310535
    endloop
  endfacet
  facet normal -0.303289 -0.883404 0.35723
    outer loop
      vertex 57.937 6.66829 0.0310535
      vertex 57.8804 6.4403 -0.580802
      vertex 57.9391 6.66822 0.0326633
    endloop
  endfacet
  facet normal -0.310138 -0.881104 0.357031
    outer loop
      vertex 57.9391 6.66822 0.0326633
      vertex 57.8804 6.4403 -0.580802
      vertex 57.9401 6.6682 0.0334826
    endloop
  endfacet
  facet normal -0.315362 -0.879311 0.356874
    outer loop
      vertex 57.9401 6.6682 0.0334826
      vertex 57.8804 6.4403 -0.580802
      vertex 57.9411 6.66818 0.034317
    endloop
  endfacet
  facet normal -0.307722 -0.881919 0.357108
    outer loop
      vertex 57.9713 6.67133 0.0680816
      vertex 57.8804 6.4403 -0.580802
      vertex 62.1435 6.67133 3.66329
    endloop
  endfacet
  facet normal -0.305847 -0.882561 0.357131
    outer loop
      vertex 57.9431 6.66816 0.0359936
      vertex 57.8804 6.4403 -0.580802
      vertex 57.9441 6.66816 0.03685
    endloop
  endfacet
  facet normal -0.309481 -0.881329 0.357045
    outer loop
      vertex 57.9421 6.66817 0.0351515
      vertex 57.8804 6.4403 -0.580802
      vertex 57.9431 6.66816 0.0359936
    endloop
  endfacet
  facet normal -0.306833 -0.882227 0.357112
    outer loop
      vertex 57.9411 6.66818 0.034317
      vertex 57.8804 6.4403 -0.580802
      vertex 57.9421 6.66817 0.0351515
    endloop
  endfacet
  facet normal -0.189544 0.956916 0.219966
    outer loop
      vertex 62.7318 11.202 2.98059
      vertex 57.8804 11.0597 -0.580802
      vertex 62.4257 11.0597 3.33587
    endloop
  endfacet
  facet normal -0.757526 -4.71106e-05 -0.652805
    outer loop
      vertex 58.5049 11.25 -1.30556
      vertex 57.3509 10.5178 0.0336132
      vertex 58.1865 11.202 -0.93608
    endloop
  endfacet
  facet normal 0.0639335 0.995192 -0.0741949
    outer loop
      vertex 58.8233 11.202 -1.67503
      vertex 58.5049 11.25 -1.30556
      vertex 63.0502 11.25 2.61111
    endloop
  endfacet
  facet normal -0.504555 0.634284 0.585754
    outer loop
      vertex 57.3509 10.5178 0.0336132
      vertex 57.1893 10.1389 0.304707
      vertex 57.4599 10.4769 0.171792
    endloop
  endfacet
  facet normal -0.504565 0.634273 0.585758
    outer loop
      vertex 57.3509 10.5178 0.0336132
      vertex 57.4599 10.4769 0.171792
      vertex 57.4927 10.5178 0.155758
    endloop
  endfacet
  facet normal -0.504478 0.634293 0.585811
    outer loop
      vertex 57.1893 10.1389 0.304707
      vertex 57.3509 10.5178 0.0336132
      vertex 57.148 10.1389 0.269141
    endloop
  endfacet
  facet normal -0.504762 0.63409 0.585785
    outer loop
      vertex 61.7619 10.2671 4.10615
      vertex 57.9956 10.1389 0.999557
      vertex 61.6933 10.1389 4.18581
    endloop
  endfacet
  facet normal -0.504607 0.634399 0.585585
    outer loop
      vertex 61.8962 10.5178 3.95028
      vertex 57.9956 10.1389 0.999557
      vertex 61.7619 10.2671 4.10615
    endloop
  endfacet
  facet normal -0.504635 0.634335 0.58563
    outer loop
      vertex 57.9956 10.1389 0.999557
      vertex 61.8962 10.5178 3.95028
      vertex 57.9956 10.5178 0.589145
    endloop
  endfacet
  facet normal -0.649624 -0.0980179 0.75391
    outer loop
      vertex 57.9956 8.75 1.55573
      vertex 57.9956 8.38019 1.50765
      vertex 61.4183 8.75 4.50498
    endloop
  endfacet
  facet normal 0.504662 0.634285 -0.585661
    outer loop
      vertex 59.8618 10.1389 -2.88025
      vertex 59.6589 10.5178 -2.64473
      vertex 64.2042 10.5178 1.27194
    endloop
  endfacet
  facet normal -0.757389 0.000294811 -0.652964
    outer loop
      vertex 59.8618 10.1389 -2.88025
      vertex 59.4116 10.8287 -2.35774
      vertex 59.6589 10.5178 -2.64473
    endloop
  endfacet
  facet normal -0.757738 0.000719165 -0.652559
    outer loop
      vertex 59.1294 6.4403 -2.03031
      vertex 58.8233 6.29804 -1.67503
      vertex 59.4116 6.67133 -2.35774
    endloop
  endfacet
  facet normal 0.3077 -0.881936 -0.357086
    outer loop
      vertex 63.6747 6.4403 1.88636
      vertex 59.4116 6.67133 -2.35774
      vertex 63.9569 6.67133 1.55893
    endloop
  endfacet
  facet normal 0.624662 -0.290323 -0.724921
    outer loop
      vertex 64.6508 8.26227 0.75363
      vertex 60.0126 7.79329 -3.05527
      vertex 60.1055 8.26227 -3.16304
    endloop
  endfacet
  facet normal 0.649639 -0.0979418 -0.753907
    outer loop
      vertex 64.6508 8.26227 0.75363
      vertex 60.1055 8.26227 -3.16304
      vertex 64.6821 8.75 0.717239
    endloop
  endfacet
  facet normal -0.649631 0.0980103 0.753905
    outer loop
      vertex 57.9956 9.11981 1.50765
      vertex 61.4496 9.23773 4.46859
      vertex 57.9956 9.23773 1.49232
    endloop
  endfacet
  facet normal -0.649634 0.0979403 0.753912
    outer loop
      vertex 61.4496 9.23773 4.46859
      vertex 57.9956 9.11981 1.50765
      vertex 61.4183 8.75 4.50498
    endloop
  endfacet
  facet normal -0.757515 -0.000102456 -0.652818
    outer loop
      vertex 59.4116 6.67133 -2.35774
      vertex 58.5049 6.25 -1.30556
      vertex 59.8618 7.36107 -2.88025
    endloop
  endfacet
  facet normal -0.757513 -0.000112868 -0.65282
    outer loop
      vertex 58.8233 6.29804 -1.67503
      vertex 58.5049 6.25 -1.30556
      vertex 59.4116 6.67133 -2.35774
    endloop
  endfacet
  facet normal 0.757453 -0.00038252 0.65289
    outer loop
      vertex 62.5091 6.52604 3.23909
      vertex 62.367 6.52952 3.40395
      vertex 62.7318 6.29804 2.98059
    endloop
  endfacet
  facet normal -0.575693 -0.471396 0.668104
    outer loop
      vertex 57.9956 7.36107 0.999557
      vertex 61.5425 7.79329 4.36082
      vertex 57.9956 7.79329 1.30452
    endloop
  endfacet
  facet normal -0.575706 -0.471368 0.668113
    outer loop
      vertex 61.5425 7.79329 4.36082
      vertex 57.9956 7.36107 0.999557
      vertex 61.6153 7.58462 4.27633
    endloop
  endfacet
  facet normal -0.575694 -0.471397 0.668103
    outer loop
      vertex 61.6153 7.58462 4.27633
      vertex 57.9956 7.36107 0.999557
      vertex 61.6933 7.36107 4.18581
    endloop
  endfacet
  facet normal -0.575996 -0.471007 0.668118
    outer loop
      vertex 57.1586 7.41966 0.319584
      vertex 57.148 7.36107 0.269141
      vertex 57.1891 7.36107 0.304574
    endloop
  endfacet
  facet normal -0.575229 -0.471447 0.668468
    outer loop
      vertex 57.148 7.36107 0.269141
      vertex 57.1586 7.41966 0.319584
      vertex 57.0639 7.60202 0.366705
    endloop
  endfacet
  facet normal -0.307691 0.881944 0.357072
    outer loop
      vertex 57.8804 11.0597 -0.580802
      vertex 57.9713 10.8287 0.0680816
      vertex 62.1435 10.8287 3.66329
    endloop
  endfacet
  facet normal -0.420934 0.834321 0.355982
    outer loop
      vertex 57.9713 10.8287 0.0680816
      vertex 57.8804 11.0597 -0.580802
      vertex 57.9708 10.8288 0.067256
    endloop
  endfacet
  facet normal -0.25994 0.89758 0.356064
    outer loop
      vertex 57.9708 10.8288 0.067256
      vertex 57.8804 11.0597 -0.580802
      vertex 57.97 10.829 0.0661678
    endloop
  endfacet
  facet normal -0.297472 0.885492 0.356951
    outer loop
      vertex 57.97 10.829 0.0661678
      vertex 57.8804 11.0597 -0.580802
      vertex 57.9693 10.8292 0.0650883
    endloop
  endfacet
  facet normal -0.252283 0.899845 0.355853
    outer loop
      vertex 57.9693 10.8292 0.0650883
      vertex 57.8804 11.0597 -0.580802
      vertex 57.9685 10.8294 0.0640154
    endloop
  endfacet
  facet normal -0.422368 0.8338 0.355503
    outer loop
      vertex 57.9685 10.8294 0.0640154
      vertex 57.8804 11.0597 -0.580802
      vertex 57.9678 10.8295 0.0629492
    endloop
  endfacet
  facet normal -0.248711 0.900823 0.355893
    outer loop
      vertex 57.9678 10.8295 0.0629492
      vertex 57.8804 11.0597 -0.580802
      vertex 57.967 10.8297 0.0618839
    endloop
  endfacet
  facet normal -0.284847 0.889701 0.356782
    outer loop
      vertex 57.967 10.8297 0.0618839
      vertex 57.8804 11.0597 -0.580802
      vertex 57.9663 10.8299 0.0608263
    endloop
  endfacet
  facet normal -0.357634 0.862952 0.356947
    outer loop
      vertex 57.9663 10.8299 0.0608263
      vertex 57.8804 11.0597 -0.580802
      vertex 57.9655 10.83 0.059783
    endloop
  endfacet
  facet normal -0.357634 0.862952 0.356947
    outer loop
      vertex 57.9655 10.83 0.059783
      vertex 57.8804 11.0597 -0.580802
      vertex 57.9647 10.8301 0.0587397
    endloop
  endfacet
  facet normal -0.234307 0.904754 0.355698
    outer loop
      vertex 57.9647 10.8301 0.0587397
      vertex 57.8804 11.0597 -0.580802
      vertex 57.9639 10.8303 0.057704
    endloop
  endfacet
  facet normal -0.35046 0.865899 0.356928
    outer loop
      vertex 57.9639 10.8303 0.057704
      vertex 57.8804 11.0597 -0.580802
      vertex 57.9631 10.8304 0.0566759
    endloop
  endfacet
  facet normal -0.226853 0.906702 0.355569
    outer loop
      vertex 57.9631 10.8304 0.0566759
      vertex 57.8804 11.0597 -0.580802
      vertex 57.9623 10.8306 0.0556555
    endloop
  endfacet
  facet normal -0.304061 0.883212 0.357049
    outer loop
      vertex 57.9623 10.8306 0.0556555
      vertex 57.8804 11.0597 -0.580802
      vertex 57.9614 10.8307 0.0546417
    endloop
  endfacet
  facet normal -0.339622 0.870218 0.356899
    outer loop
      vertex 57.9614 10.8307 0.0546417
      vertex 57.8804 11.0597 -0.580802
      vertex 57.9606 10.8308 0.0536366
    endloop
  endfacet
  facet normal -0.297774 0.885344 0.357066
    outer loop
      vertex 57.9606 10.8308 0.0536366
      vertex 57.8804 11.0597 -0.580802
      vertex 57.9597 10.8309 0.0526381
    endloop
  endfacet
  facet normal -0.333009 0.872757 0.356931
    outer loop
      vertex 57.9597 10.8309 0.0526381
      vertex 57.8804 11.0597 -0.580802
      vertex 57.9589 10.831 0.0516472
    endloop
  endfacet
  facet normal -0.291531 0.887413 0.357082
    outer loop
      vertex 57.9589 10.831 0.0516472
      vertex 57.8804 11.0597 -0.580802
      vertex 57.958 10.8311 0.0506639
    endloop
  endfacet
  facet normal -0.326307 0.875273 0.356961
    outer loop
      vertex 57.958 10.8311 0.0506639
      vertex 57.8804 11.0597 -0.580802
      vertex 57.9572 10.8312 0.0496874
    endloop
  endfacet
  facet normal -0.285622 0.889326 0.357098
    outer loop
      vertex 57.9572 10.8312 0.0496874
      vertex 57.8804 11.0597 -0.580802
      vertex 57.9563 10.8313 0.0487185
    endloop
  endfacet
  facet normal -0.282109 0.890453 0.357084
    outer loop
      vertex 57.9563 10.8313 0.0487185
      vertex 57.8804 11.0597 -0.580802
      vertex 57.9554 10.8314 0.0477581
    endloop
  endfacet
  facet normal -0.376836 0.855296 0.355617
    outer loop
      vertex 57.9554 10.8314 0.0477581
      vertex 57.8804 11.0597 -0.580802
      vertex 57.9545 10.8314 0.0468044
    endloop
  endfacet
  facet normal -0.276716 0.892103 0.357185
    outer loop
      vertex 57.9545 10.8314 0.0468044
      vertex 57.8804 11.0597 -0.580802
      vertex 57.9536 10.8315 0.0458574
    endloop
  endfacet
  facet normal -0.273165 0.893202 0.357171
    outer loop
      vertex 57.9536 10.8315 0.0458574
      vertex 57.8804 11.0597 -0.580802
      vertex 57.9527 10.8316 0.044919
    endloop
  endfacet
  facet normal -0.367875 0.859153 0.355702
    outer loop
      vertex 57.9527 10.8316 0.044919
      vertex 57.8804 11.0597 -0.580802
      vertex 57.9518 10.8316 0.0439882
    endloop
  endfacet
  facet normal -0.236786 0.903613 0.356953
    outer loop
      vertex 57.9518 10.8316 0.0439882
      vertex 57.8804 11.0597 -0.580802
      vertex 57.9508 10.8317 0.0430717
    endloop
  endfacet
  facet normal -0.362214 0.861543 0.355732
    outer loop
      vertex 57.9508 10.8317 0.0430717
      vertex 57.8804 11.0597 -0.580802
      vertex 57.9499 10.8317 0.0421553
    endloop
  endfacet
  facet normal -0.356795 0.863722 0.355925
    outer loop
      vertex 57.9499 10.8317 0.0421553
      vertex 57.8804 11.0597 -0.580802
      vertex 57.949 10.8317 0.0412531
    endloop
  endfacet
  facet normal -0.231412 0.904909 0.357194
    outer loop
      vertex 57.949 10.8317 0.0412531
      vertex 57.8804 11.0597 -0.580802
      vertex 57.948 10.8318 0.0403519
    endloop
  endfacet
  facet normal -0.31654 0.878875 0.356906
    outer loop
      vertex 57.948 10.8318 0.0403519
      vertex 57.8804 11.0597 -0.580802
      vertex 57.947 10.8318 0.039465
    endloop
  endfacet
  facet normal -0.347835 0.867328 0.356024
    outer loop
      vertex 57.947 10.8318 0.039465
      vertex 57.8804 11.0597 -0.580802
      vertex 57.9461 10.8318 0.0385857
    endloop
  endfacet
  facet normal -0.311252 0.880698 0.357063
    outer loop
      vertex 57.9461 10.8318 0.0385857
      vertex 57.8804 11.0597 -0.580802
      vertex 57.9451 10.8318 0.037714
    endloop
  endfacet
  facet normal -0.264878 0.894567 0.359986
    outer loop
      vertex 57.8804 11.0597 -0.580802
      vertex 57.9081 10.8287 0.0136166
      vertex 57.9091 10.8288 0.0141039
    endloop
  endfacet
  facet normal -0.312836 0.880264 0.356748
    outer loop
      vertex 57.8804 11.0597 -0.580802
      vertex 57.9091 10.8288 0.0141039
      vertex 57.9103 10.829 0.0146627
    endloop
  endfacet
  facet normal -0.314691 0.87966 0.356607
    outer loop
      vertex 57.8804 11.0597 -0.580802
      vertex 57.9103 10.829 0.0146627
      vertex 57.9115 10.8292 0.0152283
    endloop
  endfacet
  facet normal -0.319074 0.878214 0.356276
    outer loop
      vertex 57.8804 11.0597 -0.580802
      vertex 57.9115 10.8292 0.0152283
      vertex 57.9127 10.8294 0.01581
    endloop
  endfacet
  facet normal -0.347251 0.868386 0.354008
    outer loop
      vertex 57.8804 11.0597 -0.580802
      vertex 57.9127 10.8294 0.01581
      vertex 57.9138 10.8296 0.0163984
    endloop
  endfacet
  facet normal -0.255871 0.897182 0.359992
    outer loop
      vertex 57.8804 11.0597 -0.580802
      vertex 57.9138 10.8296 0.0163984
      vertex 57.915 10.8297 0.0170021
    endloop
  endfacet
  facet normal -0.326894 0.875537 0.355775
    outer loop
      vertex 57.8804 11.0597 -0.580802
      vertex 57.915 10.8297 0.0170021
      vertex 57.9162 10.8299 0.0176125
    endloop
  endfacet
  facet normal -0.282622 0.889695 0.358564
    outer loop
      vertex 57.8804 11.0597 -0.580802
      vertex 57.9162 10.8299 0.0176125
      vertex 57.9173 10.83 0.0182314
    endloop
  endfacet
  facet normal -0.33104 0.874067 0.355554
    outer loop
      vertex 57.8804 11.0597 -0.580802
      vertex 57.9173 10.83 0.0182314
      vertex 57.9185 10.8302 0.018857
    endloop
  endfacet
  facet normal -0.289357 0.887705 0.358125
    outer loop
      vertex 57.8804 11.0597 -0.580802
      vertex 57.9185 10.8302 0.018857
      vertex 57.9196 10.8303 0.0194979
    endloop
  endfacet
  facet normal -0.293722 0.886362 0.357897
    outer loop
      vertex 57.8804 11.0597 -0.580802
      vertex 57.9196 10.8303 0.0194979
      vertex 57.9207 10.8304 0.020153
    endloop
  endfacet
  facet normal -0.339363 0.871049 0.355115
    outer loop
      vertex 57.8804 11.0597 -0.580802
      vertex 57.9207 10.8304 0.020153
      vertex 57.9219 10.8306 0.0208092
    endloop
  endfacet
  facet normal -0.298375 0.884936 0.357576
    outer loop
      vertex 57.8804 11.0597 -0.580802
      vertex 57.9219 10.8306 0.0208092
      vertex 57.923 10.8307 0.0214796
    endloop
  endfacet
  facet normal -0.300736 0.884185 0.357457
    outer loop
      vertex 57.8804 11.0597 -0.580802
      vertex 57.923 10.8307 0.0214796
      vertex 57.9241 10.8308 0.0221577
    endloop
  endfacet
  facet normal -0.305086 0.882781 0.357239
    outer loop
      vertex 57.8804 11.0597 -0.580802
      vertex 57.9241 10.8308 0.0221577
      vertex 57.9252 10.8309 0.02285
    endloop
  endfacet
  facet normal -0.305423 0.882671 0.357223
    outer loop
      vertex 57.8804 11.0597 -0.580802
      vertex 57.9252 10.8309 0.02285
      vertex 57.9263 10.831 0.0235434
    endloop
  endfacet
  facet normal -0.309769 0.881241 0.357012
    outer loop
      vertex 57.8804 11.0597 -0.580802
      vertex 57.9263 10.831 0.0235434
      vertex 57.9274 10.8311 0.024251
    endloop
  endfacet
  facet normal -0.314442 0.879677 0.356784
    outer loop
      vertex 57.8804 11.0597 -0.580802
      vertex 57.9274 10.8311 0.024251
      vertex 57.9285 10.8312 0.0249739
    endloop
  endfacet
  facet normal -0.314442 0.879677 0.356784
    outer loop
      vertex 57.8804 11.0597 -0.580802
      vertex 57.9285 10.8312 0.0249739
      vertex 57.9296 10.8313 0.0256968
    endloop
  endfacet
  facet normal -0.318776 0.878199 0.356579
    outer loop
      vertex 57.8804 11.0597 -0.580802
      vertex 57.9296 10.8313 0.0256968
      vertex 57.9307 10.8314 0.0264339
    endloop
  endfacet
  facet normal -0.245518 0.900507 0.358897
    outer loop
      vertex 57.8804 11.0597 -0.580802
      vertex 57.9307 10.8314 0.0264339
      vertex 57.9318 10.8314 0.0271864
    endloop
  endfacet
  facet normal -0.353559 0.865481 0.354879
    outer loop
      vertex 57.8804 11.0597 -0.580802
      vertex 57.9318 10.8314 0.0271864
      vertex 57.9328 10.8315 0.0279388
    endloop
  endfacet
  facet normal -0.328173 0.874878 0.356216
    outer loop
      vertex 57.8804 11.0597 -0.580802
      vertex 57.9328 10.8315 0.0279388
      vertex 57.9339 10.8316 0.0287066
    endloop
  endfacet
  facet normal -0.277557 0.891515 0.358
    outer loop
      vertex 57.8804 11.0597 -0.580802
      vertex 57.9339 10.8316 0.0287066
      vertex 57.9349 10.8316 0.0294819
    endloop
  endfacet
  facet normal -0.332539 0.873278 0.356094
    outer loop
      vertex 57.8804 11.0597 -0.580802
      vertex 57.9349 10.8316 0.0294819
      vertex 57.936 10.8317 0.0302639
    endloop
  endfacet
  facet normal -0.282515 0.890038 0.357795
    outer loop
      vertex 57.8804 11.0597 -0.580802
      vertex 57.936 10.8317 0.0302639
      vertex 57.937 10.8317 0.0310535
    endloop
  endfacet
  facet normal -0.315415 0.879306 0.35684
    outer loop
      vertex 57.8804 11.0597 -0.580802
      vertex 57.937 10.8317 0.0310535
      vertex 57.9391 10.8318 0.0326633
    endloop
  endfacet
  facet normal -0.292877 0.886813 0.357472
    outer loop
      vertex 57.8804 11.0597 -0.580802
      vertex 57.9391 10.8318 0.0326633
      vertex 57.9401 10.8318 0.0334826
    endloop
  endfacet
  facet normal -0.298172 0.885096 0.357349
    outer loop
      vertex 57.8804 11.0597 -0.580802
      vertex 57.9401 10.8318 0.0334826
      vertex 57.9411 10.8318 0.034317
    endloop
  endfacet
  facet normal -0.298207 0.885084 0.357349
    outer loop
      vertex 57.8804 11.0597 -0.580802
      vertex 57.9411 10.8318 0.034317
      vertex 57.9421 10.8318 0.0351515
    endloop
  endfacet
  facet normal -0.30764 0.881959 0.357079
    outer loop
      vertex 57.9081 10.8287 0.0136166
      vertex 57.8804 11.0597 -0.580802
      vertex 57.5982 10.8287 -0.253377
    endloop
  endfacet
  facet normal -0.300874 0.884205 0.35729
    outer loop
      vertex 57.9431 10.8318 0.0359936
      vertex 57.8804 11.0597 -0.580802
      vertex 57.9421 10.8318 0.0351515
    endloop
  endfacet
  facet normal -0.305889 0.882527 0.35718
    outer loop
      vertex 57.9441 10.8318 0.03685
      vertex 57.8804 11.0597 -0.580802
      vertex 57.9431 10.8318 0.0359936
    endloop
  endfacet
  facet normal -0.308553 0.881623 0.357121
    outer loop
      vertex 57.9451 10.8318 0.037714
      vertex 57.8804 11.0597 -0.580802
      vertex 57.9441 10.8318 0.03685
    endloop
  endfacet
  facet normal -0.189545 0.956916 0.219967
    outer loop
      vertex 58.1865 11.202 -0.93608
      vertex 57.8804 11.0597 -0.580802
      vertex 62.7318 11.202 2.98059
    endloop
  endfacet
  facet normal 0.419058 -0.907959 0
    outer loop
      vertex 57.8615 10.8116 0.000834465
      vertex 57.8589 10.8104 0.000580788
      vertex 57.8602 10.811 0.000707626
    endloop
  endfacet
  facet normal -0.417012 0.769843 0.483159
    outer loop
      vertex 57.8471 10.8045 6.67572e-06
      vertex 57.5982 10.8287 -0.253377
      vertex 57.8458 10.8038 0
    endloop
  endfacet
  facet normal -0.419031 0.76763 0.48493
    outer loop
      vertex 57.8484 10.8052 2.19345e-05
      vertex 57.5982 10.8287 -0.253377
      vertex 57.8471 10.8045 6.67572e-06
    endloop
  endfacet
  facet normal -0.382233 0.805893 0.452145
    outer loop
      vertex 57.8497 10.8058 5.14984e-05
      vertex 57.5982 10.8287 -0.253377
      vertex 57.8484 10.8052 2.19345e-05
    endloop
  endfacet
  facet normal -0.425987 0.759653 0.491388
    outer loop
      vertex 57.851 10.8065 9.63211e-05
      vertex 57.5982 10.8287 -0.253377
      vertex 57.8497 10.8058 5.14984e-05
    endloop
  endfacet
  facet normal -0.427812 0.757564 0.493025
    outer loop
      vertex 57.8523 10.8072 0.000148773
      vertex 57.5982 10.8287 -0.253377
      vertex 57.851 10.8065 9.63211e-05
    endloop
  endfacet
  facet normal -0.391465 0.797001 0.459941
    outer loop
      vertex 57.8536 10.8078 0.00021553
      vertex 57.5982 10.8287 -0.253377
      vertex 57.8523 10.8072 0.000148773
    endloop
  endfacet
  facet normal -0.433038 0.751287 0.498042
    outer loop
      vertex 57.8549 10.8085 0.000289917
      vertex 57.5982 10.8287 -0.253377
      vertex 57.8536 10.8078 0.00021553
    endloop
  endfacet
  facet normal -0.376581 0.812091 0.445752
    outer loop
      vertex 57.8563 10.8091 0.000379562
      vertex 57.5982 10.8287 -0.253377
      vertex 57.8549 10.8085 0.000289917
    endloop
  endfacet
  facet normal -0.43852 0.744422 0.503524
    outer loop
      vertex 57.8576 10.8098 0.000476837
      vertex 57.5982 10.8287 -0.253377
      vertex 57.8563 10.8091 0.000379562
    endloop
  endfacet
  facet normal -0.40087 0.787427 0.468254
    outer loop
      vertex 57.8589 10.8104 0.000580788
      vertex 57.5982 10.8287 -0.253377
      vertex 57.8576 10.8098 0.000476837
    endloop
  endfacet
  facet normal -0.406725 0.781077 0.473807
    outer loop
      vertex 57.8615 10.8116 0.000834465
      vertex 57.5982 10.8287 -0.253377
      vertex 57.8589 10.8104 0.000580788
    endloop
  endfacet
  facet normal -0.412417 0.774731 0.479275
    outer loop
      vertex 57.8628 10.8122 0.000983238
      vertex 57.5982 10.8287 -0.253377
      vertex 57.8615 10.8116 0.000834465
    endloop
  endfacet
  facet normal -0.414415 0.772463 0.481207
    outer loop
      vertex 57.8641 10.8128 0.00113964
      vertex 57.5982 10.8287 -0.253377
      vertex 57.8628 10.8122 0.000983238
    endloop
  endfacet
  facet normal -0.416423 0.770161 0.48316
    outer loop
      vertex 57.8654 10.8134 0.00130367
      vertex 57.5982 10.8287 -0.253377
      vertex 57.8641 10.8128 0.00113964
    endloop
  endfacet
  facet normal -0.420215 0.76575 0.486874
    outer loop
      vertex 57.8667 10.814 0.00148201
      vertex 57.5982 10.8287 -0.253377
      vertex 57.8654 10.8134 0.00130367
    endloop
  endfacet
  facet normal -0.422505 0.763047 0.489131
    outer loop
      vertex 57.868 10.8146 0.00166893
      vertex 57.5982 10.8287 -0.253377
      vertex 57.8667 10.814 0.00148201
    endloop
  endfacet
  facet normal -0.450328 0.728211 0.516637
    outer loop
      vertex 57.8692 10.8152 0.0018692
      vertex 57.5982 10.8287 -0.253377
      vertex 57.868 10.8146 0.00166893
    endloop
  endfacet
  facet normal -0.382688 0.807427 0.449012
    outer loop
      vertex 57.8705 10.8157 0.00207806
      vertex 57.5982 10.8287 -0.253377
      vertex 57.8692 10.8152 0.0018692
    endloop
  endfacet
  facet normal -0.432565 0.750729 0.499293
    outer loop
      vertex 57.8718 10.8163 0.00230217
      vertex 57.5982 10.8287 -0.253377
      vertex 57.8705 10.8157 0.00207806
    endloop
  endfacet
  facet normal -0.391069 0.79876 0.457218
    outer loop
      vertex 57.8731 10.8168 0.00254059
      vertex 57.5982 10.8287 -0.253377
      vertex 57.8718 10.8163 0.00230217
    endloop
  endfacet
  facet normal -0.438328 0.743262 0.505401
    outer loop
      vertex 57.8744 10.8174 0.00278568
      vertex 57.5982 10.8287 -0.253377
      vertex 57.8731 10.8168 0.00254059
    endloop
  endfacet
  facet normal -0.395484 0.794138 0.461451
    outer loop
      vertex 57.8757 10.8179 0.00303936
      vertex 57.5982 10.8287 -0.253377
      vertex 57.8744 10.8174 0.00278568
    endloop
  endfacet
  facet normal -0.39967 0.789499 0.465785
    outer loop
      vertex 57.877 10.8184 0.00330734
      vertex 57.5982 10.8287 -0.253377
      vertex 57.8757 10.8179 0.00303936
    endloop
  endfacet
  facet normal -0.428585 0.755299 0.49582
    outer loop
      vertex 57.8782 10.8189 0.00358295
      vertex 57.5982 10.8287 -0.253377
      vertex 57.877 10.8184 0.00330734
    endloop
  endfacet
  facet normal -0.406488 0.781839 0.472753
    outer loop
      vertex 57.8795 10.8194 0.00387383
      vertex 57.5982 10.8287 -0.253377
      vertex 57.8782 10.8189 0.00358295
    endloop
  endfacet
  facet normal -0.410813 0.776799 0.477301
    outer loop
      vertex 57.8808 10.8199 0.004179
      vertex 57.5982 10.8287 -0.253377
      vertex 57.8795 10.8194 0.00387383
    endloop
  endfacet
  facet normal -0.411106 0.776454 0.47761
    outer loop
      vertex 57.8821 10.8204 0.00448513
      vertex 57.5982 10.8287 -0.253377
      vertex 57.8808 10.8199 0.004179
    endloop
  endfacet
  facet normal -0.445531 0.732934 0.514111
    outer loop
      vertex 57.8833 10.8209 0.00481224
      vertex 57.5982 10.8287 -0.253377
      vertex 57.8821 10.8204 0.00448513
    endloop
  endfacet
  facet normal -0.42024 0.765549 0.487169
    outer loop
      vertex 57.8846 10.8214 0.00514793
      vertex 57.5982 10.8287 -0.253377
      vertex 57.8833 10.8209 0.00481224
    endloop
  endfacet
  facet normal -0.367037 0.824903 0.429905
    outer loop
      vertex 57.8859 10.8218 0.0054903
      vertex 57.5982 10.8287 -0.253377
      vertex 57.8846 10.8214 0.00514793
    endloop
  endfacet
  facet normal -0.455913 0.718083 0.525833
    outer loop
      vertex 57.8871 10.8223 0.00584793
      vertex 57.5982 10.8287 -0.253377
      vertex 57.8859 10.8218 0.0054903
    endloop
  endfacet
  facet normal -0.374476 0.817518 0.437528
    outer loop
      vertex 57.8884 10.8227 0.00621319
      vertex 57.5982 10.8287 -0.253377
      vertex 57.8871 10.8223 0.00584793
    endloop
  endfacet
  facet normal -0.410298 0.777471 0.476649
    outer loop
      vertex 57.8896 10.8231 0.0065937
      vertex 57.5982 10.8287 -0.253377
      vertex 57.8884 10.8227 0.00621319
    endloop
  endfacet
  facet normal -0.436763 0.744052 0.505593
    outer loop
      vertex 57.8909 10.8236 0.0069809
      vertex 57.5982 10.8287 -0.253377
      vertex 57.8896 10.8231 0.0065937
    endloop
  endfacet
  facet normal -0.418673 0.767331 0.485712
    outer loop
      vertex 57.8921 10.824 0.00738335
      vertex 57.5982 10.8287 -0.253377
      vertex 57.8909 10.8236 0.0069809
    endloop
  endfacet
  facet normal -0.389371 0.801812 0.453307
    outer loop
      vertex 57.8934 10.8244 0.00779247
      vertex 57.5982 10.8287 -0.253377
      vertex 57.8921 10.824 0.00738335
    endloop
  endfacet
  facet normal -0.424661 0.759675 0.492502
    outer loop
      vertex 57.8946 10.8248 0.00821018
      vertex 57.5982 10.8287 -0.253377
      vertex 57.8934 10.8244 0.00779247
    endloop
  endfacet
  facet normal -0.430357 0.752293 0.498847
    outer loop
      vertex 57.8958 10.8252 0.0086422
      vertex 57.5982 10.8287 -0.253377
      vertex 57.8946 10.8248 0.00821018
    endloop
  endfacet
  facet normal -0.403052 0.786292 0.468288
    outer loop
      vertex 57.8971 10.8256 0.00908947
      vertex 57.5982 10.8287 -0.253377
      vertex 57.8958 10.8252 0.0086422
    endloop
  endfacet
  facet normal -0.439296 0.740216 0.509018
    outer loop
      vertex 57.8983 10.826 0.00954342
      vertex 57.5982 10.8287 -0.253377
      vertex 57.8971 10.8256 0.00908947
    endloop
  endfacet
  facet normal -0.372226 0.820797 0.433291
    outer loop
      vertex 57.8995 10.8263 0.010006
      vertex 57.5982 10.8287 -0.253377
      vertex 57.8983 10.826 0.00954342
    endloop
  endfacet
  facet normal -0.44887 0.726637 0.520111
    outer loop
      vertex 57.9007 10.8267 0.0104828
      vertex 57.5982 10.8287 -0.253377
      vertex 57.8995 10.8263 0.010006
    endloop
  endfacet
  facet normal -0.381898 0.810584 0.443968
    outer loop
      vertex 57.9019 10.827 0.0109673
      vertex 57.5982 10.8287 -0.253377
      vertex 57.9007 10.8267 0.0104828
    endloop
  endfacet
  facet normal -0.422647 0.762107 0.490472
    outer loop
      vertex 57.9032 10.8274 0.011466
      vertex 57.5982 10.8287 -0.253377
      vertex 57.9019 10.827 0.0109673
    endloop
  endfacet
  facet normal -0.392004 0.799359 0.455366
    outer loop
      vertex 57.9044 10.8277 0.0119724
      vertex 57.5982 10.8287 -0.253377
      vertex 57.9032 10.8274 0.011466
    endloop
  endfacet
  facet normal -0.395675 0.795124 0.459586
    outer loop
      vertex 57.9056 10.828 0.0124865
      vertex 57.5982 10.8287 -0.253377
      vertex 57.9044 10.8277 0.0119724
    endloop
  endfacet
  facet normal -0.403025 0.786441 0.468062
    outer loop
      vertex 57.9068 10.8283 0.0130157
      vertex 57.5982 10.8287 -0.253377
      vertex 57.9056 10.828 0.0124865
    endloop
  endfacet
  facet normal -0.452491 0.720658 0.525266
    outer loop
      vertex 57.9079 10.8286 0.0135517
      vertex 57.5982 10.8287 -0.253377
      vertex 57.9068 10.8283 0.0130157
    endloop
  endfacet
  facet normal -0.506272 0.631172 0.587631
    outer loop
      vertex 57.5982 10.8287 -0.253377
      vertex 57.9079 10.8286 0.0135517
      vertex 57.9081 10.8287 0.0136166
    endloop
  endfacet
  facet normal -0.414032 0.773016 0.480649
    outer loop
      vertex 57.5982 10.8287 -0.253377
      vertex 57.4927 10.5178 0.155758
      vertex 57.7801 10.7592 0.0150871
    endloop
  endfacet
  facet normal -0.434564 0.755641 0.490063
    outer loop
      vertex 57.5982 10.8287 -0.253377
      vertex 57.7801 10.7592 0.0150871
      vertex 57.7812 10.7602 0.0145206
    endloop
  endfacet
  facet normal -0.383825 0.797182 0.466025
    outer loop
      vertex 57.5982 10.8287 -0.253377
      vertex 57.7812 10.7602 0.0145206
      vertex 57.7824 10.7611 0.0139694
    endloop
  endfacet
  facet normal -0.418884 0.768907 0.483031
    outer loop
      vertex 57.5982 10.8287 -0.253377
      vertex 57.7824 10.7611 0.0139694
      vertex 57.7836 10.7621 0.0134182
    endloop
  endfacet
  facet normal -0.421873 0.766361 0.484473
    outer loop
      vertex 57.5982 10.8287 -0.253377
      vertex 57.7836 10.7621 0.0134182
      vertex 57.7848 10.7631 0.0128813
    endloop
  endfacet
  facet normal -0.42505 0.763619 0.486023
    outer loop
      vertex 57.5982 10.8287 -0.253377
      vertex 57.7848 10.7631 0.0128813
      vertex 57.786 10.7641 0.0123596
    endloop
  endfacet
  facet normal -0.3922 0.791057 0.469477
    outer loop
      vertex 57.5982 10.8287 -0.253377
      vertex 57.786 10.7641 0.0123596
      vertex 57.7872 10.765 0.0118456
    endloop
  endfacet
  facet normal -0.42812 0.760766 0.4878
    outer loop
      vertex 57.5982 10.8287 -0.253377
      vertex 57.7872 10.765 0.0118456
      vertex 57.7884 10.766 0.0113392
    endloop
  endfacet
  facet normal -0.397214 0.787139 0.47184
    outer loop
      vertex 57.5982 10.8287 -0.253377
      vertex 57.7884 10.766 0.0113392
      vertex 57.7896 10.7669 0.010848
    endloop
  endfacet
  facet normal -0.432583 0.75661 0.49032
    outer loop
      vertex 57.5982 10.8287 -0.253377
      vertex 57.7896 10.7669 0.010848
      vertex 57.7908 10.7679 0.0103636
    endloop
  endfacet
  facet normal -0.384499 0.79765 0.464667
    outer loop
      vertex 57.5982 10.8287 -0.253377
      vertex 57.7908 10.7679 0.0103636
      vertex 57.7921 10.7688 0.00989437
    endloop
  endfacet
  facet normal -0.436945 0.752357 0.492989
    outer loop
      vertex 57.5982 10.8287 -0.253377
      vertex 57.7921 10.7688 0.00989437
      vertex 57.7933 10.7698 0.00943184
    endloop
  endfacet
  facet normal -0.405377 0.780525 0.475867
    outer loop
      vertex 57.5982 10.8287 -0.253377
      vertex 57.7933 10.7698 0.00943184
      vertex 57.7945 10.7707 0.00897789
    endloop
  endfacet
  facet normal -0.42366 0.764416 0.485985
    outer loop
      vertex 57.5982 10.8287 -0.253377
      vertex 57.7945 10.7707 0.00897789
      vertex 57.7958 10.7717 0.00853825
    endloop
  endfacet
  facet normal -0.410129 0.776483 0.478403
    outer loop
      vertex 57.5982 10.8287 -0.253377
      vertex 57.7958 10.7717 0.00853825
      vertex 57.797 10.7726 0.00810623
    endloop
  endfacet
  facet normal -0.413193 0.773774 0.480152
    outer loop
      vertex 57.5982 10.8287 -0.253377
      vertex 57.797 10.7726 0.00810623
      vertex 57.7982 10.7735 0.00768852
    endloop
  endfacet
  facet normal -0.396991 0.787916 0.470729
    outer loop
      vertex 57.5982 10.8287 -0.253377
      vertex 57.7982 10.7735 0.00768852
      vertex 57.7995 10.7744 0.00727844
    endloop
  endfacet
  facet normal -0.418038 0.769318 0.483109
    outer loop
      vertex 57.5982 10.8287 -0.253377
      vertex 57.7995 10.7744 0.00727844
      vertex 57.8007 10.7753 0.00688362
    endloop
  endfacet
  facet normal -0.401712 0.783913 0.473401
    outer loop
      vertex 57.5982 10.8287 -0.253377
      vertex 57.8007 10.7753 0.00688362
      vertex 57.802 10.7762 0.00649643
    endloop
  endfacet
  facet normal -0.454649 0.733811 0.504794
    outer loop
      vertex 57.5982 10.8287 -0.253377
      vertex 57.802 10.7762 0.00649643
      vertex 57.8032 10.7772 0.00612354
    endloop
  endfacet
  facet normal -0.406544 0.779877 0.475934
    outer loop
      vertex 57.5982 10.8287 -0.253377
      vertex 57.8032 10.7772 0.00612354
      vertex 57.8045 10.7781 0.00575924
    endloop
  endfacet
  facet normal -0.390486 0.794008 0.46591
    outer loop
      vertex 57.5982 10.8287 -0.253377
      vertex 57.8045 10.7781 0.00575924
      vertex 57.8057 10.7789 0.00540161
    endloop
  endfacet
  facet normal -0.410776 0.775954 0.478705
    outer loop
      vertex 57.5982 10.8287 -0.253377
      vertex 57.8057 10.7789 0.00540161
      vertex 57.807 10.7798 0.00505829
    endloop
  endfacet
  facet normal -0.413897 0.773069 0.48068
    outer loop
      vertex 57.5982 10.8287 -0.253377
      vertex 57.807 10.7798 0.00505829
      vertex 57.8083 10.7807 0.00473022
    endloop
  endfacet
  facet normal -0.43397 0.753785 0.493434
    outer loop
      vertex 57.5982 10.8287 -0.253377
      vertex 57.8083 10.7807 0.00473022
      vertex 57.8095 10.7816 0.00441074
    endloop
  endfacet
  facet normal -0.416881 0.770356 0.482454
    outer loop
      vertex 57.5982 10.8287 -0.253377
      vertex 57.8095 10.7816 0.00441074
      vertex 57.8108 10.7825 0.00409698
    endloop
  endfacet
  facet normal -0.385779 0.798666 0.461852
    outer loop
      vertex 57.5982 10.8287 -0.253377
      vertex 57.8108 10.7825 0.00409698
      vertex 57.8121 10.7833 0.00379944
    endloop
  endfacet
  facet normal -0.423044 0.764256 0.486772
    outer loop
      vertex 57.5982 10.8287 -0.253377
      vertex 57.8121 10.7833 0.00379944
      vertex 57.8134 10.7842 0.0035162
    endloop
  endfacet
  facet normal -0.443138 0.743997 0.500096
    outer loop
      vertex 57.5982 10.8287 -0.253377
      vertex 57.8134 10.7842 0.0035162
      vertex 57.8146 10.7851 0.00324059
    endloop
  endfacet
  facet normal -0.392241 0.793348 0.46556
    outer loop
      vertex 57.5982 10.8287 -0.253377
      vertex 57.8146 10.7851 0.00324059
      vertex 57.8159 10.7859 0.0029726
    endloop
  endfacet
  facet normal -0.429085 0.758174 0.490977
    outer loop
      vertex 57.5982 10.8287 -0.253377
      vertex 57.8159 10.7859 0.0029726
      vertex 57.8172 10.7868 0.00271893
    endloop
  endfacet
  facet normal -0.398592 0.787703 0.469732
    outer loop
      vertex 57.5982 10.8287 -0.253377
      vertex 57.8172 10.7868 0.00271893
      vertex 57.8185 10.7876 0.00248051
    endloop
  endfacet
  facet normal -0.400213 0.786191 0.470885
    outer loop
      vertex 57.5982 10.8287 -0.253377
      vertex 57.8185 10.7876 0.00248051
      vertex 57.8198 10.7884 0.00224972
    endloop
  endfacet
  facet normal -0.435202 0.75155 0.495755
    outer loop
      vertex 57.5982 10.8287 -0.253377
      vertex 57.8198 10.7884 0.00224972
      vertex 57.8211 10.7893 0.00202656
    endloop
  endfacet
  facet normal -0.423909 0.763188 0.487694
    outer loop
      vertex 57.5982 10.8287 -0.253377
      vertex 57.8211 10.7893 0.00202656
      vertex 57.8223 10.7901 0.0018177
    endloop
  endfacet
  facet normal -0.408285 0.778728 0.476325
    outer loop
      vertex 57.5982 10.8287 -0.253377
      vertex 57.8223 10.7901 0.0018177
      vertex 57.8236 10.7909 0.00162411
    endloop
  endfacet
  facet normal -0.409716 0.777328 0.477382
    outer loop
      vertex 57.5982 10.8287 -0.253377
      vertex 57.8236 10.7909 0.00162411
      vertex 57.8249 10.7917 0.00143719
    endloop
  endfacet
  facet normal -0.411558 0.775508 0.478756
    outer loop
      vertex 57.5982 10.8287 -0.253377
      vertex 57.8249 10.7917 0.00143719
      vertex 57.8262 10.7925 0.00125885
    endloop
  endfacet
  facet normal -0.414638 0.772425 0.481076
    outer loop
      vertex 57.5982 10.8287 -0.253377
      vertex 57.8262 10.7925 0.00125885
      vertex 57.8275 10.7933 0.00109482
    endloop
  endfacet
  facet normal -0.417936 0.769076 0.483582
    outer loop
      vertex 57.5982 10.8287 -0.253377
      vertex 57.8275 10.7933 0.00109482
      vertex 57.8288 10.7941 0.000946045
    endloop
  endfacet
  facet normal -0.419383 0.767589 0.484691
    outer loop
      vertex 57.5982 10.8287 -0.253377
      vertex 57.8288 10.7941 0.000946045
      vertex 57.8301 10.7949 0.000803947
    endloop
  endfacet
  facet normal -0.422698 0.764138 0.487257
    outer loop
      vertex 57.5982 10.8287 -0.253377
      vertex 57.8301 10.7949 0.000803947
      vertex 57.8314 10.7957 0.000677109
    endloop
  endfacet
  facet normal -0.38794 0.798773 0.459852
    outer loop
      vertex 57.5982 10.8287 -0.253377
      vertex 57.8314 10.7957 0.000677109
      vertex 57.8327 10.7964 0.000557899
    endloop
  endfacet
  facet normal -0.425947 0.760518 0.490084
    outer loop
      vertex 57.5982 10.8287 -0.253377
      vertex 57.8327 10.7964 0.000557899
      vertex 57.834 10.7972 0.00044632
    endloop
  endfacet
  facet normal -0.429286 0.756916 0.492738
    outer loop
      vertex 57.5982 10.8287 -0.253377
      vertex 57.834 10.7972 0.00044632
      vertex 57.8353 10.798 0.000349998
    endloop
  endfacet
  facet normal -0.4741 0.880471 0
    outer loop
      vertex 57.8419 10.8016 4.3869e-05
      vertex 57.8393 10.8002 0.000133514
      vertex 57.8406 10.8009 8.86917e-05
    endloop
  endfacet
  facet normal -0.414027 0.773017 0.480651
    outer loop
      vertex 57.4927 10.5178 0.155758
      vertex 57.5982 10.8287 -0.253377
      vertex 57.3509 10.5178 0.0336132
    endloop
  endfacet
  facet normal -0.396455 0.790892 0.466169
    outer loop
      vertex 57.8366 10.7987 0.000267982
      vertex 57.5982 10.8287 -0.253377
      vertex 57.8353 10.798 0.000349998
    endloop
  endfacet
  facet normal -0.379542 0.807136 0.452194
    outer loop
      vertex 57.838 10.7994 0.000193596
      vertex 57.5982 10.8287 -0.253377
      vertex 57.8366 10.7987 0.000267982
    endloop
  endfacet
  facet normal -0.437085 0.747797 0.499756
    outer loop
      vertex 57.8393 10.8002 0.000133514
      vertex 57.5982 10.8287 -0.253377
      vertex 57.838 10.7994 0.000193596
    endloop
  endfacet
  facet normal -0.404981 0.782402 0.473114
    outer loop
      vertex 57.8419 10.8016 4.3869e-05
      vertex 57.5982 10.8287 -0.253377
      vertex 57.8393 10.8002 0.000133514
    endloop
  endfacet
  facet normal -0.445443 0.737753 0.507249
    outer loop
      vertex 57.8432 10.8024 2.19345e-05
      vertex 57.5982 10.8287 -0.253377
      vertex 57.8419 10.8016 4.3869e-05
    endloop
  endfacet
  facet normal -0.411885 0.775364 0.478707
    outer loop
      vertex 57.8445 10.8031 6.67572e-06
      vertex 57.5982 10.8287 -0.253377
      vertex 57.8432 10.8024 2.19345e-05
    endloop
  endfacet
  facet normal -0.413886 0.773227 0.480436
    outer loop
      vertex 57.5982 10.8287 -0.253377
      vertex 57.8445 10.8031 6.67572e-06
      vertex 57.8458 10.8038 0
    endloop
  endfacet
  facet normal -0.414606 0.772292 0.481318
    outer loop
      vertex 57.9956 10.5178 0.589145
      vertex 62.1241 10.8042 3.68589
      vertex 62.1435 10.8287 3.66329
    endloop
  endfacet
  facet normal -0.414063 0.773079 0.480521
    outer loop
      vertex 62.1241 10.8042 3.68589
      vertex 57.9956 10.5178 0.589145
      vertex 61.8962 10.5178 3.95028
    endloop
  endfacet
  facet normal -0.414104 0.773029 0.480566
    outer loop
      vertex 62.1435 10.8287 3.66329
      vertex 57.9956 10.7908 0.150002
      vertex 57.9956 10.5178 0.589145
    endloop
  endfacet
  facet normal -0.409607 0.778725 0.475194
    outer loop
      vertex 62.1435 10.8287 3.66329
      vertex 57.9956 10.7916 0.148691
      vertex 57.9956 10.7908 0.150002
    endloop
  endfacet
  facet normal -0.410905 0.777092 0.476744
    outer loop
      vertex 62.1435 10.8287 3.66329
      vertex 57.9956 10.7924 0.147387
      vertex 57.9956 10.7916 0.148691
    endloop
  endfacet
  facet normal -0.409421 0.778957 0.474974
    outer loop
      vertex 62.1435 10.8287 3.66329
      vertex 57.9956 10.7932 0.146075
      vertex 57.9956 10.7924 0.147387
    endloop
  endfacet
  facet normal -0.42755 0.755379 0.496591
    outer loop
      vertex 62.1435 10.8287 3.66329
      vertex 57.9955 10.794 0.144772
      vertex 57.9956 10.7932 0.146075
    endloop
  endfacet
  facet normal -0.409412 0.778961 0.474976
    outer loop
      vertex 62.1435 10.8287 3.66329
      vertex 57.9955 10.7948 0.14346
      vertex 57.9955 10.794 0.144772
    endloop
  endfacet
  facet normal -0.42756 0.755375 0.496589
    outer loop
      vertex 62.1435 10.8287 3.66329
      vertex 57.9954 10.7956 0.142157
      vertex 57.9955 10.7948 0.14346
    endloop
  endfacet
  facet normal -0.376671 0.817296 0.436057
    outer loop
      vertex 62.1435 10.8287 3.66329
      vertex 57.9954 10.7963 0.140845
      vertex 57.9954 10.7956 0.142157
    endloop
  endfacet
  facet normal -0.427585 0.755364 0.496585
    outer loop
      vertex 62.1435 10.8287 3.66329
      vertex 57.9953 10.7971 0.139542
      vertex 57.9954 10.7963 0.140845
    endloop
  endfacet
  facet normal -0.427389 0.755629 0.496351
    outer loop
      vertex 62.1435 10.8287 3.66329
      vertex 57.9952 10.7979 0.138238
      vertex 57.9953 10.7971 0.139542
    endloop
  endfacet
  facet normal -0.39477 0.796714 0.457607
    outer loop
      vertex 62.1435 10.8287 3.66329
      vertex 57.9951 10.7986 0.136933
      vertex 57.9952 10.7979 0.138238
    endloop
  endfacet
  facet normal -0.413115 0.774295 0.479378
    outer loop
      vertex 62.1435 10.8287 3.66329
      vertex 57.9949 10.7993 0.13563
      vertex 57.9951 10.7986 0.136933
    endloop
  endfacet
  facet normal -0.428988 0.753491 0.498218
    outer loop
      vertex 62.1435 10.8287 3.66329
      vertex 57.9948 10.8001 0.134334
      vertex 57.9949 10.7993 0.13563
    endloop
  endfacet
  facet normal -0.394945 0.796487 0.457849
    outer loop
      vertex 62.1435 10.8287 3.66329
      vertex 57.9947 10.8008 0.13303
      vertex 57.9948 10.8001 0.134334
    endloop
  endfacet
  facet normal -0.414407 0.772654 0.480909
    outer loop
      vertex 62.1435 10.8287 3.66329
      vertex 57.9945 10.8015 0.131733
      vertex 57.9947 10.8008 0.13303
    endloop
  endfacet
  facet normal -0.429011 0.75348 0.498214
    outer loop
      vertex 62.1435 10.8287 3.66329
      vertex 57.9944 10.8023 0.130437
      vertex 57.9945 10.8015 0.131733
    endloop
  endfacet
  facet normal -0.414615 0.772382 0.481166
    outer loop
      vertex 62.1435 10.8287 3.66329
      vertex 57.9942 10.803 0.129141
      vertex 57.9944 10.8023 0.130437
    endloop
  endfacet
  facet normal -0.414399 0.772657 0.48091
    outer loop
      vertex 62.1435 10.8287 3.66329
      vertex 57.994 10.8037 0.127844
      vertex 57.9942 10.803 0.129141
    endloop
  endfacet
  facet normal -0.414615 0.772382 0.481166
    outer loop
      vertex 62.1435 10.8287 3.66329
      vertex 57.9938 10.8044 0.126548
      vertex 57.994 10.8037 0.127844
    endloop
  endfacet
  facet normal -0.415916 0.770721 0.482704
    outer loop
      vertex 62.1435 10.8287 3.66329
      vertex 57.9936 10.8051 0.125258
      vertex 57.9938 10.8044 0.126548
    endloop
  endfacet
  facet normal -0.378482 0.815151 0.438499
    outer loop
      vertex 62.1435 10.8287 3.66329
      vertex 57.9934 10.8057 0.12397
      vertex 57.9936 10.8051 0.125258
    endloop
  endfacet
  facet normal -0.435456 0.744703 0.505763
    outer loop
      vertex 62.1435 10.8287 3.66329
      vertex 57.9931 10.8064 0.122681
      vertex 57.9934 10.8057 0.12397
    endloop
  endfacet
  facet normal -0.41767 0.768476 0.484764
    outer loop
      vertex 62.1435 10.8287 3.66329
      vertex 57.9929 10.8071 0.121399
      vertex 57.9931 10.8064 0.122681
    endloop
  endfacet
  facet normal -0.437316 0.742122 0.507947
    outer loop
      vertex 62.1435 10.8287 3.66329
      vertex 57.9926 10.8078 0.120118
      vertex 57.9929 10.8071 0.121399
    endloop
  endfacet
  facet normal -0.379742 0.813714 0.440075
    outer loop
      vertex 62.1435 10.8287 3.66329
      vertex 57.9924 10.8084 0.118836
      vertex 57.9926 10.8078 0.120118
    endloop
  endfacet
  facet normal -0.437343 0.742107 0.507945
    outer loop
      vertex 62.1435 10.8287 3.66329
      vertex 57.9921 10.8091 0.117555
      vertex 57.9924 10.8084 0.118836
    endloop
  endfacet
  facet normal -0.401647 0.788429 0.465896
    outer loop
      vertex 62.1435 10.8287 3.66329
      vertex 57.9918 10.8097 0.116281
      vertex 57.9921 10.8091 0.117555
    endloop
  endfacet
  facet normal -0.401405 0.788721 0.465611
    outer loop
      vertex 62.1435 10.8287 3.66329
      vertex 57.9915 10.8103 0.115006
      vertex 57.9918 10.8097 0.116281
    endloop
  endfacet
  facet normal -0.439006 0.739806 0.509863
    outer loop
      vertex 62.1435 10.8287 3.66329
      vertex 57.9912 10.811 0.113732
      vertex 57.9915 10.8103 0.115006
    endloop
  endfacet
  facet normal -0.403576 0.786084 0.468186
    outer loop
      vertex 62.1435 10.8287 3.66329
      vertex 57.9909 10.8116 0.112466
      vertex 57.9912 10.811 0.113732
    endloop
  endfacet
  facet normal -0.425132 0.758744 0.493528
    outer loop
      vertex 62.1435 10.8287 3.66329
      vertex 57.9905 10.8122 0.111199
      vertex 57.9909 10.8116 0.112466
    endloop
  endfacet
  facet normal -0.405528 0.783699 0.470491
    outer loop
      vertex 62.1435 10.8287 3.66329
      vertex 57.9902 10.8128 0.109941
      vertex 57.9905 10.8122 0.111199
    endloop
  endfacet
  facet normal -0.426981 0.756293 0.495689
    outer loop
      vertex 62.1435 10.8287 3.66329
      vertex 57.9898 10.8134 0.108681
      vertex 57.9902 10.8128 0.109941
    endloop
  endfacet
  facet normal -0.362083 0.832403 0.419525
    outer loop
      vertex 62.1435 10.8287 3.66329
      vertex 57.9895 10.8139 0.10743
      vertex 57.9898 10.8134 0.108681
    endloop
  endfacet
  facet normal -0.427273 0.755924 0.496
    outer loop
      vertex 62.1435 10.8287 3.66329
      vertex 57.9891 10.8145 0.106171
      vertex 57.9895 10.8139 0.10743
    endloop
  endfacet
  facet normal -0.430991 0.750923 0.500362
    outer loop
      vertex 62.1435 10.8287 3.66329
      vertex 57.9887 10.8151 0.104926
      vertex 57.9891 10.8145 0.106171
    endloop
  endfacet
  facet normal -0.429126 0.75344 0.498175
    outer loop
      vertex 62.1435 10.8287 3.66329
      vertex 57.9883 10.8157 0.103674
      vertex 57.9887 10.8151 0.104926
    endloop
  endfacet
  facet normal -0.388739 0.803504 0.450848
    outer loop
      vertex 62.1435 10.8287 3.66329
      vertex 57.9879 10.8162 0.102438
      vertex 57.9883 10.8157 0.103674
    endloop
  endfacet
  facet normal -0.431009 0.750912 0.500362
    outer loop
      vertex 62.1435 10.8287 3.66329
      vertex 57.9875 10.8168 0.101193
      vertex 57.9879 10.8162 0.102438
    endloop
  endfacet
  facet normal -0.416012 0.77061 0.482798
    outer loop
      vertex 62.1435 10.8287 3.66329
      vertex 57.987 10.8173 0.0999641
      vertex 57.9875 10.8168 0.101193
    endloop
  endfacet
  facet normal -0.388457 0.803807 0.450551
    outer loop
      vertex 62.1435 10.8287 3.66329
      vertex 57.9866 10.8178 0.0987272
      vertex 57.987 10.8173 0.0999641
    endloop
  endfacet
  facet normal -0.392757 0.798867 0.45558
    outer loop
      vertex 62.1435 10.8287 3.66329
      vertex 57.9862 10.8183 0.0975056
      vertex 57.9866 10.8178 0.0987272
    endloop
  endfacet
  facet normal -0.461279 0.707253 0.535737
    outer loop
      vertex 62.1435 10.8287 3.66329
      vertex 57.9857 10.8189 0.096283
      vertex 57.9862 10.8183 0.0975056
    endloop
  endfacet
  facet normal -0.418231 0.767775 0.485391
    outer loop
      vertex 62.1435 10.8287 3.66329
      vertex 57.9852 10.8194 0.0950613
      vertex 57.9857 10.8189 0.096283
    endloop
  endfacet
  facet normal -0.420621 0.764692 0.488185
    outer loop
      vertex 62.1435 10.8287 3.66329
      vertex 57.9847 10.8199 0.0938473
      vertex 57.9852 10.8194 0.0950613
    endloop
  endfacet
  facet normal -0.36499 0.829262 0.42321
    outer loop
      vertex 62.1435 10.8287 3.66329
      vertex 57.9842 10.8203 0.0926323
      vertex 57.9847 10.8199 0.0938473
    endloop
  endfacet
  facet normal -0.42302 0.761582 0.490966
    outer loop
      vertex 62.1435 10.8287 3.66329
      vertex 57.9837 10.8208 0.0914259
      vertex 57.9842 10.8203 0.0926323
    endloop
  endfacet
  facet normal -0.425132 0.758807 0.493431
    outer loop
      vertex 62.1435 10.8287 3.66329
      vertex 57.9832 10.8213 0.0902262
      vertex 57.9837 10.8208 0.0914259
    endloop
  endfacet
  facet normal -0.425132 0.758807 0.493431
    outer loop
      vertex 62.1435 10.8287 3.66329
      vertex 57.9827 10.8218 0.0890265
      vertex 57.9832 10.8213 0.0902262
    endloop
  endfacet
  facet normal -0.40225 0.787623 0.466739
    outer loop
      vertex 62.1435 10.8287 3.66329
      vertex 57.9821 10.8222 0.0878344
      vertex 57.9827 10.8218 0.0890265
    endloop
  endfacet
  facet normal -0.429987 0.752346 0.499085
    outer loop
      vertex 62.1435 10.8287 3.66329
      vertex 57.9816 10.8227 0.0866499
      vertex 57.9821 10.8222 0.0878344
    endloop
  endfacet
  facet normal -0.405043 0.784241 0.470006
    outer loop
      vertex 62.1435 10.8287 3.66329
      vertex 57.981 10.8231 0.0854654
      vertex 57.9816 10.8227 0.0866499
    endloop
  endfacet
  facet normal -0.376999 0.816465 0.437328
    outer loop
      vertex 62.1435 10.8287 3.66329
      vertex 57.9805 10.8235 0.0842876
      vertex 57.981 10.8231 0.0854654
    endloop
  endfacet
  facet normal -0.407928 0.780723 0.473357
    outer loop
      vertex 62.1435 10.8287 3.66329
      vertex 57.9799 10.8239 0.0831108
      vertex 57.9805 10.8235 0.0842876
    endloop
  endfacet
  facet normal -0.463818 0.703517 0.538458
    outer loop
      vertex 62.1435 10.8287 3.66329
      vertex 57.9793 10.8244 0.0819407
      vertex 57.9799 10.8239 0.0831108
    endloop
  endfacet
  facet normal -0.413661 0.773585 0.480054
    outer loop
      vertex 62.1435 10.8287 3.66329
      vertex 57.9787 10.8248 0.0807791
      vertex 57.9793 10.8244 0.0819407
    endloop
  endfacet
  facet normal -0.344588 0.849425 0.399671
    outer loop
      vertex 62.1435 10.8287 3.66329
      vertex 57.9781 10.8251 0.0796242
      vertex 57.9787 10.8248 0.0807791
    endloop
  endfacet
  facet normal -0.416259 0.770315 0.483056
    outer loop
      vertex 62.1435 10.8287 3.66329
      vertex 57.9775 10.8255 0.0784693
      vertex 57.9781 10.8251 0.0796242
    endloop
  endfacet
  facet normal -0.419206 0.76655 0.486485
    outer loop
      vertex 62.1435 10.8287 3.66329
      vertex 57.9769 10.8259 0.077322
      vertex 57.9775 10.8255 0.0784693
    endloop
  endfacet
  facet normal -0.457389 0.713407 0.530892
    outer loop
      vertex 62.1435 10.8287 3.66329
      vertex 57.9762 10.8263 0.0761814
      vertex 57.9769 10.8259 0.077322
    endloop
  endfacet
  facet normal -0.353572 0.840669 0.410198
    outer loop
      vertex 62.1435 10.8287 3.66329
      vertex 57.9756 10.8266 0.0750494
      vertex 57.9762 10.8263 0.0761814
    endloop
  endfacet
  facet normal -0.460723 0.708373 0.534735
    outer loop
      vertex 62.1435 10.8287 3.66329
      vertex 57.9749 10.827 0.0739164
      vertex 57.9756 10.8266 0.0750494
    endloop
  endfacet
  facet normal -0.39501 0.796152 0.458376
    outer loop
      vertex 62.1435 10.8287 3.66329
      vertex 57.9742 10.8273 0.0727921
      vertex 57.9749 10.827 0.0739164
    endloop
  endfacet
  facet normal -0.430924 0.751137 0.500098
    outer loop
      vertex 62.1435 10.8287 3.66329
      vertex 57.9736 10.8277 0.0716743
      vertex 57.9742 10.8273 0.0727921
    endloop
  endfacet
  facet normal -0.401941 0.787959 0.466438
    outer loop
      vertex 62.1435 10.8287 3.66329
      vertex 57.9729 10.828 0.0705643
      vertex 57.9736 10.8277 0.0716743
    endloop
  endfacet
  facet normal -0.401892 0.788017 0.466381
    outer loop
      vertex 62.1435 10.8287 3.66329
      vertex 57.9722 10.8283 0.0694542
      vertex 57.9729 10.828 0.0705643
    endloop
  endfacet
  facet normal -0.405208 0.784022 0.47023
    outer loop
      vertex 62.1435 10.8287 3.66329
      vertex 57.9715 10.8286 0.0683508
      vertex 57.9722 10.8283 0.0694542
    endloop
  endfacet
  facet normal -0.526302 0.591582 0.610767
    outer loop
      vertex 57.9715 10.8286 0.0683508
      vertex 62.1435 10.8287 3.66329
      vertex 57.9713 10.8287 0.0680816
    endloop
  endfacet
  facet normal 0.757515 -8.57542e-05 0.652818
    outer loop
      vertex 63.3686 11.202 2.24164
      vertex 63.0502 11.25 2.61111
      vertex 64.2042 10.5178 1.27194
    endloop
  endfacet
  facet normal 0.757539 -1.46577e-05 0.652789
    outer loop
      vertex 63.9569 10.8287 1.55893
      vertex 63.3686 11.202 2.24164
      vertex 64.2042 10.5178 1.27194
    endloop
  endfacet
  facet normal 0.758233 -0.000543058 0.651983
    outer loop
      vertex 61.5425 9.70671 4.36082
      vertex 61.5972 9.78373 4.29727
      vertex 61.6153 9.91538 4.27633
    endloop
  endfacet
  facet normal 0.758093 -0.000309397 0.652146
    outer loop
      vertex 61.5972 9.78373 4.29727
      vertex 61.5425 9.70671 4.36082
      vertex 61.4496 9.23773 4.46859
    endloop
  endfacet
  facet normal 0.57569 0.47142 -0.668089
    outer loop
      vertex 60.0126 9.70671 -3.05527
      vertex 59.8618 10.1389 -2.88025
      vertex 64.4071 10.1389 1.03642
    endloop
  endfacet
  facet normal -0.757563 1.32867e-05 -0.652761
    outer loop
      vertex 60.1368 8.75 -3.19943
      vertex 59.8618 10.1389 -2.88025
      vertex 60.0126 9.70671 -3.05527
    endloop
  endfacet
  facet normal -0.757738 -0.000719646 -0.652559
    outer loop
      vertex 59.4116 10.8287 -2.35774
      vertex 58.8233 11.202 -1.67503
      vertex 59.1294 11.0597 -2.03031
    endloop
  endfacet
  facet normal -0.757513 0.000112835 -0.65282
    outer loop
      vertex 59.4116 10.8287 -2.35774
      vertex 58.5049 11.25 -1.30556
      vertex 58.8233 11.202 -1.67503
    endloop
  endfacet
  facet normal 0.414112 -0.773017 -0.480578
    outer loop
      vertex 63.9569 6.67133 1.55893
      vertex 59.4116 6.67133 -2.35774
      vertex 64.2042 6.98223 1.27194
    endloop
  endfacet
  facet normal 0.50463 -0.634345 -0.585623
    outer loop
      vertex 64.2042 6.98223 1.27194
      vertex 59.6589 6.98223 -2.64473
      vertex 59.8618 7.36107 -2.88025
    endloop
  endfacet
  facet normal 0.757738 -0.000719165 0.652559
    outer loop
      vertex 63.9569 6.67133 1.55893
      vertex 63.3686 6.29804 2.24164
      vertex 63.6747 6.4403 1.88636
    endloop
  endfacet
  facet normal 0.189495 -0.956938 -0.21991
    outer loop
      vertex 63.3686 6.29804 2.24164
      vertex 58.8233 6.29804 -1.67503
      vertex 63.6747 6.4403 1.88636
    endloop
  endfacet
  facet normal 0.624661 -0.290327 -0.72492
    outer loop
      vertex 64.5579 7.79329 0.861403
      vertex 60.0126 7.79329 -3.05527
      vertex 64.6508 8.26227 0.75363
    endloop
  endfacet
  facet normal 0.757096 0.000158447 0.653304
    outer loop
      vertex 64.6821 8.75 0.717239
      vertex 64.5579 7.79329 0.861403
      vertex 64.6508 8.26227 0.75363
    endloop
  endfacet
  facet normal -0.757539 0 -0.65279
    outer loop
      vertex 58.5049 11.25 -1.30556
      vertex 57.3509 6.98223 0.0336132
      vertex 57.3509 10.5178 0.0336132
    endloop
  endfacet
  facet normal -0.757539 0 -0.65279
    outer loop
      vertex 57.3509 6.98223 0.0336132
      vertex 58.5049 11.25 -1.30556
      vertex 58.5049 6.25 -1.30556
    endloop
  endfacet
  facet normal -0.649634 -0.0979403 0.753912
    outer loop
      vertex 57.9956 8.38019 1.50765
      vertex 61.4496 8.26227 4.46859
      vertex 61.4183 8.75 4.50498
    endloop
  endfacet
  facet normal -0.649631 -0.0980103 0.753905
    outer loop
      vertex 61.4496 8.26227 4.46859
      vertex 57.9956 8.38019 1.50765
      vertex 57.9956 8.26227 1.49232
    endloop
  endfacet
  facet normal -0.624656 0.290323 0.724926
    outer loop
      vertex 57.9956 9.70671 1.30452
      vertex 61.4496 9.23773 4.46859
      vertex 61.5425 9.70671 4.36082
    endloop
  endfacet
  facet normal -0.624664 0.290294 0.724931
    outer loop
      vertex 61.4496 9.23773 4.46859
      vertex 57.9956 9.70671 1.30452
      vertex 57.9956 9.23773 1.49232
    endloop
  endfacet
  facet normal -0.758005 0.000377596 -0.652249
    outer loop
      vertex 57.3509 10.5178 0.0336132
      vertex 57.0641 9.69581 0.366439
      vertex 57.0642 9.86028 0.366418
    endloop
  endfacet
  facet normal -0.504692 -0.634493 0.58541
    outer loop
      vertex 57.148 7.36107 0.269141
      vertex 57.311 7.20887 0.244705
      vertex 57.1891 7.36107 0.304574
    endloop
  endfacet
  facet normal -0.504515 -0.634353 0.585714
    outer loop
      vertex 57.3509 6.98223 0.0336132
      vertex 57.311 7.20887 0.244705
      vertex 57.148 7.36107 0.269141
    endloop
  endfacet
  facet normal -0.504523 -0.63435 0.58571
    outer loop
      vertex 57.311 7.20887 0.244705
      vertex 57.3509 6.98223 0.0336132
      vertex 57.4927 6.98223 0.155758
    endloop
  endfacet
  facet normal -0.504652 -0.634297 0.585657
    outer loop
      vertex 57.9956 7.36107 0.999557
      vertex 61.7619 7.23294 4.10615
      vertex 61.6933 7.36107 4.18581
    endloop
  endfacet
  facet normal -0.504608 -0.634384 0.5856
    outer loop
      vertex 57.9956 7.36107 0.999557
      vertex 61.8962 6.98223 3.95028
      vertex 61.7619 7.23294 4.10615
    endloop
  endfacet
  facet normal -0.504603 -0.634395 0.585593
    outer loop
      vertex 61.8962 6.98223 3.95028
      vertex 57.9956 7.36107 0.999557
      vertex 57.9956 6.98223 0.589145
    endloop
  endfacet
  facet normal -0.189496 -0.956938 0.21991
    outer loop
      vertex 62.7318 6.29804 2.98059
      vertex 57.8804 6.4403 -0.580802
      vertex 58.1865 6.29804 -0.93608
    endloop
  endfacet
  facet normal 0.757531 2.6711e-05 0.6528
    outer loop
      vertex 64.2042 6.98223 1.27194
      vertex 62.7318 6.29804 2.98059
      vertex 63.0502 6.25 2.61111
    endloop
  endfacet
  facet normal 0.757507 0.000147341 0.652827
    outer loop
      vertex 64.4071 7.36107 1.03642
      vertex 62.7318 6.29804 2.98059
      vertex 64.2042 6.98223 1.27194
    endloop
  endfacet
  facet normal -0.757532 -2.79809e-05 -0.652797
    outer loop
      vertex 58.1865 11.202 -0.93608
      vertex 57.3509 10.5178 0.0336132
      vertex 57.5982 10.8287 -0.253377
    endloop
  endfacet
  facet normal 0.757157 0.000531655 0.653233
    outer loop
      vertex 61.8962 10.5178 3.95028
      vertex 61.7619 10.2671 4.10615
      vertex 62.1241 10.8042 3.68589
    endloop
  endfacet
  facet normal 0.757453 0.000382574 0.65289
    outer loop
      vertex 62.7318 11.202 2.98059
      vertex 62.367 10.9705 3.40395
      vertex 62.5091 10.974 3.23909
    endloop
  endfacet
  facet normal 0.624661 0.290327 -0.72492
    outer loop
      vertex 64.6508 9.23773 0.75363
      vertex 60.0126 9.70671 -3.05527
      vertex 64.5579 9.70671 0.861403
    endloop
  endfacet
  facet normal 0.624662 0.290323 -0.724921
    outer loop
      vertex 60.1055 9.23773 -3.16304
      vertex 60.0126 9.70671 -3.05527
      vertex 64.6508 9.23773 0.75363
    endloop
  endfacet
  facet normal 0.189544 0.956916 -0.219966
    outer loop
      vertex 59.1294 11.0597 -2.03031
      vertex 58.8233 11.202 -1.67503
      vertex 63.6747 11.0597 1.88636
    endloop
  endfacet
  facet normal 0.307669 0.881961 -0.35705
    outer loop
      vertex 59.4116 10.8287 -2.35774
      vertex 59.1294 11.0597 -2.03031
      vertex 63.6747 11.0597 1.88636
    endloop
  endfacet
  facet normal 0.414112 -0.773017 -0.480578
    outer loop
      vertex 64.2042 6.98223 1.27194
      vertex 59.4116 6.67133 -2.35774
      vertex 59.6589 6.98223 -2.64473
    endloop
  endfacet
  facet normal -0.757389 -0.000294954 -0.652964
    outer loop
      vertex 59.6589 6.98223 -2.64473
      vertex 59.4116 6.67133 -2.35774
      vertex 59.8618 7.36107 -2.88025
    endloop
  endfacet
  facet normal 0.3077 -0.881936 -0.357086
    outer loop
      vertex 63.6747 6.4403 1.88636
      vertex 59.1294 6.4403 -2.03031
      vertex 59.4116 6.67133 -2.35774
    endloop
  endfacet
  facet normal 0.189495 -0.956938 -0.21991
    outer loop
      vertex 63.6747 6.4403 1.88636
      vertex 58.8233 6.29804 -1.67503
      vertex 59.1294 6.4403 -2.03031
    endloop
  endfacet
  facet normal -0.649624 0.0980179 0.75391
    outer loop
      vertex 57.9956 9.11981 1.50765
      vertex 57.9956 8.75 1.55573
      vertex 61.4183 8.75 4.50498
    endloop
  endfacet
  facet normal -0.75752 -6.82501e-05 -0.652812
    outer loop
      vertex 57.0639 7.64028 0.366701
      vertex 57.148 7.36107 0.269141
      vertex 57.0639 7.60202 0.366705
    endloop
  endfacet
  facet normal -0.757906 -0.000341138 -0.652364
    outer loop
      vertex 57.148 7.36107 0.269141
      vertex 57.0639 7.64028 0.366701
      vertex 57.3509 6.98223 0.0336132
    endloop
  endfacet
  facet normal -0.624664 -0.290294 0.724931
    outer loop
      vertex 57.9956 7.79329 1.30452
      vertex 61.4496 8.26227 4.46859
      vertex 57.9956 8.26227 1.49232
    endloop
  endfacet
  facet normal -0.624656 -0.290323 0.724926
    outer loop
      vertex 61.4496 8.26227 4.46859
      vertex 57.9956 7.79329 1.30452
      vertex 61.5425 7.79329 4.36082
    endloop
  endfacet
  facet normal 0.758093 0.000309397 0.652146
    outer loop
      vertex 61.5425 7.79329 4.36082
      vertex 61.5972 7.71627 4.29727
      vertex 61.4496 8.26227 4.46859
    endloop
  endfacet
  facet normal 0.758233 0.000543058 0.651983
    outer loop
      vertex 61.5972 7.71627 4.29727
      vertex 61.5425 7.79329 4.36082
      vertex 61.6153 7.58462 4.27633
    endloop
  endfacet
  facet normal -0.414027 -0.773017 0.480651
    outer loop
      vertex 57.5982 6.67133 -0.253377
      vertex 57.4927 6.98223 0.155758
      vertex 57.3509 6.98223 0.0336132
    endloop
  endfacet
  facet normal -0.414059 -0.773009 0.480637
    outer loop
      vertex 57.4927 6.98223 0.155758
      vertex 57.5982 6.67133 -0.253377
      vertex 57.7801 6.74082 0.0150871
    endloop
  endfacet
  facet normal -0.427712 -0.761556 0.486923
    outer loop
      vertex 57.7801 6.74082 0.0150871
      vertex 57.5982 6.67133 -0.253377
      vertex 57.7812 6.73984 0.0145206
    endloop
  endfacet
  facet normal -0.412236 -0.774575 0.479681
    outer loop
      vertex 57.7812 6.73984 0.0145206
      vertex 57.5982 6.67133 -0.253377
      vertex 57.7824 6.73886 0.0139694
    endloop
  endfacet
  facet normal -0.412236 -0.774575 0.479681
    outer loop
      vertex 57.7824 6.73886 0.0139694
      vertex 57.5982 6.67133 -0.253377
      vertex 57.7836 6.73788 0.0134182
    endloop
  endfacet
  facet normal -0.411846 -0.774901 0.479491
    outer loop
      vertex 57.7836 6.73788 0.0134182
      vertex 57.5982 6.67133 -0.253377
      vertex 57.7848 6.73691 0.0128813
    endloop
  endfacet
  facet normal -0.415052 -0.772205 0.481074
    outer loop
      vertex 57.7848 6.73691 0.0128813
      vertex 57.5982 6.67133 -0.253377
      vertex 57.786 6.73594 0.0123596
    endloop
  endfacet
  facet normal -0.413283 -0.773704 0.480188
    outer loop
      vertex 57.786 6.73594 0.0123596
      vertex 57.5982 6.67133 -0.253377
      vertex 57.7872 6.73498 0.0118456
    endloop
  endfacet
  facet normal -0.414887 -0.772337 0.481003
    outer loop
      vertex 57.7872 6.73498 0.0118456
      vertex 57.5982 6.67133 -0.253377
      vertex 57.7884 6.73402 0.0113392
    endloop
  endfacet
  facet normal -0.418093 -0.769574 0.482653
    outer loop
      vertex 57.7884 6.73402 0.0113392
      vertex 57.5982 6.67133 -0.253377
      vertex 57.7896 6.73306 0.010848
    endloop
  endfacet
  facet normal -0.416155 -0.771256 0.481642
    outer loop
      vertex 57.7896 6.73306 0.010848
      vertex 57.5982 6.67133 -0.253377
      vertex 57.7908 6.73211 0.0103636
    endloop
  endfacet
  facet normal -0.401626 -0.783661 0.47389
    outer loop
      vertex 57.7908 6.73211 0.0103636
      vertex 57.5982 6.67133 -0.253377
      vertex 57.7921 6.73116 0.00989437
    endloop
  endfacet
  facet normal -0.417344 -0.770143 0.482394
    outer loop
      vertex 57.7921 6.73116 0.00989437
      vertex 57.5982 6.67133 -0.253377
      vertex 57.7933 6.73022 0.00943184
    endloop
  endfacet
  facet normal -0.41916 -0.768535 0.483382
    outer loop
      vertex 57.7933 6.73022 0.00943184
      vertex 57.5982 6.67133 -0.253377
      vertex 57.7945 6.72928 0.00897789
    endloop
  endfacet
  facet normal -0.401028 -0.784322 0.473303
    outer loop
      vertex 57.7945 6.72928 0.00897789
      vertex 57.5982 6.67133 -0.253377
      vertex 57.7958 6.72835 0.00853825
    endloop
  endfacet
  facet normal -0.420376 -0.767352 0.484205
    outer loop
      vertex 57.7958 6.72835 0.00853825
      vertex 57.5982 6.67133 -0.253377
      vertex 57.797 6.72742 0.00810623
    endloop
  endfacet
  facet normal -0.420048 -0.767649 0.484019
    outer loop
      vertex 57.797 6.72742 0.00810623
      vertex 57.5982 6.67133 -0.253377
      vertex 57.7982 6.7265 0.00768852
    endloop
  endfacet
  facet normal -0.403781 -0.782114 0.474614
    outer loop
      vertex 57.7982 6.7265 0.00768852
      vertex 57.5982 6.67133 -0.253377
      vertex 57.7995 6.72558 0.00727844
    endloop
  endfacet
  facet normal -0.42486 -0.763138 0.486944
    outer loop
      vertex 57.7995 6.72558 0.00727844
      vertex 57.5982 6.67133 -0.253377
      vertex 57.8007 6.72466 0.00688362
    endloop
  endfacet
  facet normal -0.405151 -0.781006 0.47527
    outer loop
      vertex 57.8007 6.72466 0.00688362
      vertex 57.5982 6.67133 -0.253377
      vertex 57.802 6.72375 0.00649643
    endloop
  endfacet
  facet normal -0.422768 -0.764991 0.485856
    outer loop
      vertex 57.802 6.72375 0.00649643
      vertex 57.5982 6.67133 -0.253377
      vertex 57.8032 6.72285 0.00612354
    endloop
  endfacet
  facet normal -0.406523 -0.779864 0.475975
    outer loop
      vertex 57.8032 6.72285 0.00612354
      vertex 57.5982 6.67133 -0.253377
      vertex 57.8045 6.72195 0.00575924
    endloop
  endfacet
  facet normal -0.425981 -0.761869 0.48795
    outer loop
      vertex 57.8045 6.72195 0.00575924
      vertex 57.5982 6.67133 -0.253377
      vertex 57.8057 6.72105 0.00540161
    endloop
  endfacet
  facet normal -0.407523 -0.77905 0.476451
    outer loop
      vertex 57.8057 6.72105 0.00540161
      vertex 57.5982 6.67133 -0.253377
      vertex 57.807 6.72016 0.00505829
    endloop
  endfacet
  facet normal -0.407296 -0.779257 0.476307
    outer loop
      vertex 57.807 6.72016 0.00505829
      vertex 57.5982 6.67133 -0.253377
      vertex 57.8083 6.71928 0.00473022
    endloop
  endfacet
  facet normal -0.427361 -0.760341 0.489126
    outer loop
      vertex 57.8083 6.71928 0.00473022
      vertex 57.5982 6.67133 -0.253377
      vertex 57.8095 6.7184 0.00441074
    endloop
  endfacet
  facet normal -0.406929 -0.77969 0.475912
    outer loop
      vertex 57.8095 6.7184 0.00441074
      vertex 57.5982 6.67133 -0.253377
      vertex 57.8108 6.71753 0.00409698
    endloop
  endfacet
  facet normal -0.410279 -0.776578 0.478119
    outer loop
      vertex 57.8108 6.71753 0.00409698
      vertex 57.5982 6.67133 -0.253377
      vertex 57.8121 6.71666 0.00379944
    endloop
  endfacet
  facet normal -0.409875 -0.776957 0.47785
    outer loop
      vertex 57.8121 6.71666 0.00379944
      vertex 57.5982 6.67133 -0.253377
      vertex 57.8134 6.7158 0.0035162
    endloop
  endfacet
  facet normal -0.429988 -0.75744 0.49132
    outer loop
      vertex 57.8134 6.7158 0.0035162
      vertex 57.5982 6.67133 -0.253377
      vertex 57.8146 6.71494 0.00324059
    endloop
  endfacet
  facet normal -0.409718 -0.777202 0.477585
    outer loop
      vertex 57.8146 6.71494 0.00324059
      vertex 57.5982 6.67133 -0.253377
      vertex 57.8159 6.71409 0.0029726
    endloop
  endfacet
  facet normal -0.412708 -0.774345 0.479648
    outer loop
      vertex 57.8159 6.71409 0.0029726
      vertex 57.5982 6.67133 -0.253377
      vertex 57.8172 6.71324 0.00271893
    endloop
  endfacet
  facet normal -0.409097 -0.777811 0.477127
    outer loop
      vertex 57.8172 6.71324 0.00271893
      vertex 57.5982 6.67133 -0.253377
      vertex 57.8185 6.71241 0.00248051
    endloop
  endfacet
  facet normal -0.410707 -0.776262 0.478265
    outer loop
      vertex 57.8185 6.71241 0.00248051
      vertex 57.5982 6.67133 -0.253377
      vertex 57.8198 6.71158 0.00224972
    endloop
  endfacet
  facet normal -0.412318 -0.774697 0.479414
    outer loop
      vertex 57.8198 6.71158 0.00224972
      vertex 57.5982 6.67133 -0.253377
      vertex 57.8211 6.71075 0.00202656
    endloop
  endfacet
  facet normal -0.434282 -0.752477 0.495154
    outer loop
      vertex 57.8211 6.71075 0.00202656
      vertex 57.5982 6.67133 -0.253377
      vertex 57.8223 6.70992 0.0018177
    endloop
  endfacet
  facet normal -0.411782 -0.77533 0.478851
    outer loop
      vertex 57.8223 6.70992 0.0018177
      vertex 57.5982 6.67133 -0.253377
      vertex 57.8236 6.70911 0.00162411
    endloop
  endfacet
  facet normal -0.413209 -0.773919 0.479903
    outer loop
      vertex 57.8236 6.70911 0.00162411
      vertex 57.5982 6.67133 -0.253377
      vertex 57.8249 6.7083 0.00143719
    endloop
  endfacet
  facet normal -0.415045 -0.772085 0.481271
    outer loop
      vertex 57.8249 6.7083 0.00143719
      vertex 57.5982 6.67133 -0.253377
      vertex 57.8262 6.70749 0.00125885
    endloop
  endfacet
  facet normal -0.411182 -0.775951 0.478361
    outer loop
      vertex 57.8262 6.70749 0.00125885
      vertex 57.5982 6.67133 -0.253377
      vertex 57.8275 6.7067 0.00109482
    endloop
  endfacet
  facet normal -0.414488 -0.772629 0.480878
    outer loop
      vertex 57.8275 6.7067 0.00109482
      vertex 57.5982 6.67133 -0.253377
      vertex 57.8288 6.70591 0.000946045
    endloop
  endfacet
  facet normal -0.415939 -0.771153 0.481993
    outer loop
      vertex 57.8288 6.70591 0.000946045
      vertex 57.5982 6.67133 -0.253377
      vertex 57.8301 6.70512 0.000803947
    endloop
  endfacet
  facet normal -0.412243 -0.774918 0.479122
    outer loop
      vertex 57.8301 6.70512 0.000803947
      vertex 57.5982 6.67133 -0.253377
      vertex 57.8314 6.70435 0.000677109
    endloop
  endfacet
  facet normal -0.41392 -0.773207 0.480439
    outer loop
      vertex 57.8314 6.70435 0.000677109
      vertex 57.5982 6.67133 -0.253377
      vertex 57.8327 6.70358 0.000557899
    endloop
  endfacet
  facet normal -0.4156 -0.771475 0.48177
    outer loop
      vertex 57.8327 6.70358 0.000557899
      vertex 57.5982 6.67133 -0.253377
      vertex 57.834 6.70281 0.00044632
    endloop
  endfacet
  facet normal -0.489624 -0.871934 0
    outer loop
      vertex 57.8393 6.69982 0.000133514
      vertex 57.8419 6.69836 4.3869e-05
      vertex 57.8406 6.69909 8.86917e-05
    endloop
  endfacet
  facet normal -0.413886 -0.773227 0.480436
    outer loop
      vertex 57.8445 6.69693 6.67572e-06
      vertex 57.5982 6.67133 -0.253377
      vertex 57.8458 6.69623 0
    endloop
  endfacet
  facet normal -0.419307 -0.767363 0.485114
    outer loop
      vertex 57.8432 6.69765 2.19345e-05
      vertex 57.5982 6.67133 -0.253377
      vertex 57.8445 6.69693 6.67572e-06
    endloop
  endfacet
  facet normal -0.41407 -0.773004 0.480636
    outer loop
      vertex 57.8419 6.69836 4.3869e-05
      vertex 57.5982 6.67133 -0.253377
      vertex 57.8432 6.69765 2.19345e-05
    endloop
  endfacet
  facet normal -0.416176 -0.770757 0.482422
    outer loop
      vertex 57.8393 6.69982 0.000133514
      vertex 57.5982 6.67133 -0.253377
      vertex 57.8419 6.69836 4.3869e-05
    endloop
  endfacet
  facet normal -0.412704 -0.77442 0.479531
    outer loop
      vertex 57.838 6.70055 0.000193596
      vertex 57.5982 6.67133 -0.253377
      vertex 57.8393 6.69982 0.000133514
    endloop
  endfacet
  facet normal -0.398044 -0.789372 0.46739
    outer loop
      vertex 57.8366 6.7013 0.000267982
      vertex 57.5982 6.67133 -0.253377
      vertex 57.838 6.70055 0.000193596
    endloop
  endfacet
  facet normal -0.415047 -0.772051 0.481325
    outer loop
      vertex 57.8353 6.70205 0.000349998
      vertex 57.5982 6.67133 -0.253377
      vertex 57.8366 6.7013 0.000267982
    endloop
  endfacet
  facet normal -0.415432 -0.77165 0.481636
    outer loop
      vertex 57.834 6.70281 0.00044632
      vertex 57.5982 6.67133 -0.253377
      vertex 57.8353 6.70205 0.000349998
    endloop
  endfacet
  facet normal -0.0970835 4.97638e-05 0.995276
    outer loop
      vertex 57.8589 6.68959 0.000580788
      vertex 57.8615 6.68835 0.000834465
      vertex 57.8602 6.68898 0.000707626
    endloop
  endfacet
  facet normal -0.22578 -0.938268 0.262063
    outer loop
      vertex 57.9079 6.67136 0.0135517
      vertex 57.5982 6.67133 -0.253377
      vertex 57.9081 6.67133 0.0136166
    endloop
  endfacet
  facet normal -0.460077 -0.70944 0.533877
    outer loop
      vertex 57.9068 6.67167 0.0130157
      vertex 57.5982 6.67133 -0.253377
      vertex 57.9079 6.67136 0.0135517
    endloop
  endfacet
  facet normal -0.411103 -0.776689 0.477229
    outer loop
      vertex 57.9056 6.67198 0.0124865
      vertex 57.5982 6.67133 -0.253377
      vertex 57.9068 6.67167 0.0130157
    endloop
  endfacet
  facet normal -0.411662 -0.775997 0.477874
    outer loop
      vertex 57.9044 6.6723 0.0119724
      vertex 57.5982 6.67133 -0.253377
      vertex 57.9056 6.67198 0.0124865
    endloop
  endfacet
  facet normal -0.415624 -0.771052 0.482428
    outer loop
      vertex 57.9032 6.67263 0.011466
      vertex 57.5982 6.67133 -0.253377
      vertex 57.9044 6.6723 0.0119724
    endloop
  endfacet
  facet normal -0.382334 -0.810206 0.444282
    outer loop
      vertex 57.9019 6.67297 0.0109673
      vertex 57.5982 6.67133 -0.253377
      vertex 57.9032 6.67263 0.011466
    endloop
  endfacet
  facet normal -0.420046 -0.765551 0.487332
    outer loop
      vertex 57.9007 6.67332 0.0104828
      vertex 57.5982 6.67133 -0.253377
      vertex 57.9019 6.67297 0.0109673
    endloop
  endfacet
  facet normal -0.423533 -0.761083 0.491296
    outer loop
      vertex 57.8995 6.67368 0.010006
      vertex 57.5982 6.67133 -0.253377
      vertex 57.9007 6.67332 0.0104828
    endloop
  endfacet
  facet normal -0.417372 -0.768919 0.484318
    outer loop
      vertex 57.8983 6.67404 0.00954342
      vertex 57.5982 6.67133 -0.253377
      vertex 57.8995 6.67368 0.010006
    endloop
  endfacet
  facet normal -0.426916 -0.756724 0.495087
    outer loop
      vertex 57.8971 6.67442 0.00908947
      vertex 57.5982 6.67133 -0.253377
      vertex 57.8983 6.67404 0.00954342
    endloop
  endfacet
  facet normal -0.390314 -0.801004 0.453925
    outer loop
      vertex 57.8958 6.6748 0.0086422
      vertex 57.5982 6.67133 -0.253377
      vertex 57.8971 6.67442 0.00908947
    endloop
  endfacet
  facet normal -0.424193 -0.760348 0.491865
    outer loop
      vertex 57.8946 6.67519 0.00821018
      vertex 57.5982 6.67133 -0.253377
      vertex 57.8958 6.6748 0.0086422
    endloop
  endfacet
  facet normal -0.430646 -0.751989 0.499055
    outer loop
      vertex 57.8934 6.6756 0.00779247
      vertex 57.5982 6.67133 -0.253377
      vertex 57.8946 6.67519 0.00821018
    endloop
  endfacet
  facet normal -0.395492 -0.794963 0.460022
    outer loop
      vertex 57.8921 6.67601 0.00738335
      vertex 57.5982 6.67133 -0.253377
      vertex 57.8934 6.6756 0.00779247
    endloop
  endfacet
  facet normal -0.430556 -0.752226 0.498775
    outer loop
      vertex 57.8909 6.67643 0.0069809
      vertex 57.5982 6.67133 -0.253377
      vertex 57.8921 6.67601 0.00738335
    endloop
  endfacet
  facet normal -0.393927 -0.796636 0.458467
    outer loop
      vertex 57.8896 6.67685 0.0065937
      vertex 57.5982 6.67133 -0.253377
      vertex 57.8909 6.67643 0.0069809
    endloop
  endfacet
  facet normal -0.433564 -0.74843 0.501871
    outer loop
      vertex 57.8884 6.67729 0.00621319
      vertex 57.5982 6.67133 -0.253377
      vertex 57.8896 6.67685 0.0065937
    endloop
  endfacet
  facet normal -0.398141 -0.791751 0.463266
    outer loop
      vertex 57.8871 6.67773 0.00584793
      vertex 57.5982 6.67133 -0.253377
      vertex 57.8884 6.67729 0.00621319
    endloop
  endfacet
  facet normal -0.430693 -0.752284 0.49857
    outer loop
      vertex 57.8859 6.67818 0.0054903
      vertex 57.5982 6.67133 -0.253377
      vertex 57.8871 6.67773 0.00584793
    endloop
  endfacet
  facet normal -0.407074 -0.78133 0.47309
    outer loop
      vertex 57.8846 6.67865 0.00514793
      vertex 57.5982 6.67133 -0.253377
      vertex 57.8859 6.67818 0.0054903
    endloop
  endfacet
  facet normal -0.40495 -0.783809 0.470807
    outer loop
      vertex 57.8833 6.67912 0.00481224
      vertex 57.5982 6.67133 -0.253377
      vertex 57.8846 6.67865 0.00514793
    endloop
  endfacet
  facet normal -0.430572 -0.752626 0.498158
    outer loop
      vertex 57.8821 6.67959 0.00448513
      vertex 57.5982 6.67133 -0.253377
      vertex 57.8833 6.67912 0.00481224
    endloop
  endfacet
  facet normal -0.406092 -0.782403 0.47216
    outer loop
      vertex 57.8808 6.68008 0.004179
      vertex 57.5982 6.67133 -0.253377
      vertex 57.8821 6.67959 0.00448513
    endloop
  endfacet
  facet normal -0.405799 -0.782742 0.471849
    outer loop
      vertex 57.8795 6.68057 0.00387383
      vertex 57.5982 6.67133 -0.253377
      vertex 57.8808 6.68008 0.004179
    endloop
  endfacet
  facet normal -0.41141 -0.776206 0.477751
    outer loop
      vertex 57.8782 6.68108 0.00358295
      vertex 57.5982 6.67133 -0.253377
      vertex 57.8795 6.68057 0.00387383
    endloop
  endfacet
  facet normal -0.433442 -0.74926 0.500736
    outer loop
      vertex 57.877 6.68159 0.00330734
      vertex 57.5982 6.67133 -0.253377
      vertex 57.8782 6.68108 0.00358295
    endloop
  endfacet
  facet normal -0.409453 -0.778408 0.475845
    outer loop
      vertex 57.8757 6.68211 0.00303936
      vertex 57.5982 6.67133 -0.253377
      vertex 57.877 6.68159 0.00330734
    endloop
  endfacet
  facet normal -0.410046 -0.777721 0.476458
    outer loop
      vertex 57.8744 6.68264 0.00278568
      vertex 57.5982 6.67133 -0.253377
      vertex 57.8757 6.68211 0.00303936
    endloop
  endfacet
  facet normal -0.412245 -0.775167 0.478717
    outer loop
      vertex 57.8731 6.68318 0.00254059
      vertex 57.5982 6.67133 -0.253377
      vertex 57.8744 6.68264 0.00278568
    endloop
  endfacet
  facet normal -0.410347 -0.777365 0.476779
    outer loop
      vertex 57.8718 6.68372 0.00230217
      vertex 57.5982 6.67133 -0.253377
      vertex 57.8731 6.68318 0.00254059
    endloop
  endfacet
  facet normal -0.410904 -0.776724 0.477345
    outer loop
      vertex 57.8705 6.68427 0.00207806
      vertex 57.5982 6.67133 -0.253377
      vertex 57.8718 6.68372 0.00230217
    endloop
  endfacet
  facet normal -0.411186 -0.7764 0.477628
    outer loop
      vertex 57.8692 6.68483 0.0018692
      vertex 57.5982 6.67133 -0.253377
      vertex 57.8705 6.68427 0.00207806
    endloop
  endfacet
  facet normal -0.437753 -0.744453 0.504145
    outer loop
      vertex 57.868 6.6854 0.00166893
      vertex 57.5982 6.67133 -0.253377
      vertex 57.8692 6.68483 0.0018692
    endloop
  endfacet
  facet normal -0.414006 -0.773059 0.480603
    outer loop
      vertex 57.8667 6.68598 0.00148201
      vertex 57.5982 6.67133 -0.253377
      vertex 57.868 6.6854 0.00166893
    endloop
  endfacet
  facet normal -0.4117 -0.775699 0.478325
    outer loop
      vertex 57.8654 6.68656 0.00130367
      vertex 57.5982 6.67133 -0.253377
      vertex 57.8667 6.68598 0.00148201
    endloop
  endfacet
  facet normal -0.412204 -0.775126 0.478819
    outer loop
      vertex 57.8641 6.68715 0.00113964
      vertex 57.5982 6.67133 -0.253377
      vertex 57.8654 6.68656 0.00130367
    endloop
  endfacet
  facet normal -0.414443 -0.772577 0.481
    outer loop
      vertex 57.8628 6.68775 0.000983238
      vertex 57.5982 6.67133 -0.253377
      vertex 57.8641 6.68715 0.00113964
    endloop
  endfacet
  facet normal -0.412445 -0.774844 0.479068
    outer loop
      vertex 57.8615 6.68835 0.000834465
      vertex 57.5982 6.67133 -0.253377
      vertex 57.8628 6.68775 0.000983238
    endloop
  endfacet
  facet normal -0.415099 -0.771841 0.481616
    outer loop
      vertex 57.8589 6.68959 0.000580788
      vertex 57.5982 6.67133 -0.253377
      vertex 57.8615 6.68835 0.000834465
    endloop
  endfacet
  facet normal -0.41739 -0.769247 0.483782
    outer loop
      vertex 57.8576 6.69023 0.000476837
      vertex 57.5982 6.67133 -0.253377
      vertex 57.8589 6.68959 0.000580788
    endloop
  endfacet
  facet normal -0.411687 -0.775641 0.47843
    outer loop
      vertex 57.8563 6.69086 0.000379562
      vertex 57.5982 6.67133 -0.253377
      vertex 57.8576 6.69023 0.000476837
    endloop
  endfacet
  facet normal -0.397159 -0.791309 0.464859
    outer loop
      vertex 57.8549 6.69151 0.000289917
      vertex 57.5982 6.67133 -0.253377
      vertex 57.8563 6.69086 0.000379562
    endloop
  endfacet
  facet normal -0.414046 -0.773102 0.480499
    outer loop
      vertex 57.8536 6.69216 0.00021553
      vertex 57.5982 6.67133 -0.253377
      vertex 57.8549 6.69151 0.000289917
    endloop
  endfacet
  facet normal -0.416108 -0.770815 0.482388
    outer loop
      vertex 57.8523 6.69282 0.000148773
      vertex 57.5982 6.67133 -0.253377
      vertex 57.8536 6.69216 0.00021553
    endloop
  endfacet
  facet normal -0.416513 -0.770366 0.482756
    outer loop
      vertex 57.851 6.69349 9.63211e-05
      vertex 57.5982 6.67133 -0.253377
      vertex 57.8523 6.69282 0.000148773
    endloop
  endfacet
  facet normal -0.414669 -0.772397 0.481095
    outer loop
      vertex 57.8497 6.69416 5.14984e-05
      vertex 57.5982 6.67133 -0.253377
      vertex 57.851 6.69349 9.63211e-05
    endloop
  endfacet
  facet normal -0.414859 -0.772189 0.481265
    outer loop
      vertex 57.8484 6.69484 2.19345e-05
      vertex 57.5982 6.67133 -0.253377
      vertex 57.8497 6.69416 5.14984e-05
    endloop
  endfacet
  facet normal -0.41527 -0.771742 0.481628
    outer loop
      vertex 57.8471 6.69553 6.67572e-06
      vertex 57.5982 6.67133 -0.253377
      vertex 57.8484 6.69484 2.19345e-05
    endloop
  endfacet
  facet normal -0.417012 -0.769843 0.483159
    outer loop
      vertex 57.5982 6.67133 -0.253377
      vertex 57.8471 6.69553 6.67572e-06
      vertex 57.8458 6.69623 0
    endloop
  endfacet
  facet normal -0.414081 -0.773057 0.480541
    outer loop
      vertex 57.9956 6.98223 0.589145
      vertex 62.1241 6.69581 3.68589
      vertex 61.8962 6.98223 3.95028
    endloop
  endfacet
  facet normal -0.414433 -0.772546 0.481059
    outer loop
      vertex 62.1241 6.69581 3.68589
      vertex 57.9956 6.98223 0.589145
      vertex 62.1435 6.67133 3.66329
    endloop
  endfacet
  facet normal -0.414112 -0.773019 0.480577
    outer loop
      vertex 57.9956 6.70922 0.150002
      vertex 62.1435 6.67133 3.66329
      vertex 57.9956 6.98223 0.589145
    endloop
  endfacet
  facet normal -0.415579 -0.771138 0.482329
    outer loop
      vertex 57.9956 6.7084 0.148691
      vertex 62.1435 6.67133 3.66329
      vertex 57.9956 6.70922 0.150002
    endloop
  endfacet
  facet normal -0.4109 -0.777094 0.476745
    outer loop
      vertex 57.9956 6.7076 0.147387
      vertex 62.1435 6.67133 3.66329
      vertex 57.9956 6.7084 0.148691
    endloop
  endfacet
  facet normal -0.409416 -0.778959 0.474975
    outer loop
      vertex 57.9956 6.7068 0.146075
      vertex 62.1435 6.67133 3.66329
      vertex 57.9956 6.7076 0.147387
    endloop
  endfacet
  facet normal -0.424541 -0.759413 0.493009
    outer loop
      vertex 57.9955 6.70601 0.144772
      vertex 62.1435 6.67133 3.66329
      vertex 57.9956 6.7068 0.146075
    endloop
  endfacet
  facet normal -0.406349 -0.782769 0.471332
    outer loop
      vertex 57.9955 6.70522 0.14346
      vertex 62.1435 6.67133 3.66329
      vertex 57.9955 6.70601 0.144772
    endloop
  endfacet
  facet normal -0.418389 -0.767514 0.485667
    outer loop
      vertex 57.9954 6.70445 0.142157
      vertex 62.1435 6.67133 3.66329
      vertex 57.9955 6.70522 0.14346
    endloop
  endfacet
  facet normal -0.403235 -0.786587 0.467635
    outer loop
      vertex 57.9954 6.70367 0.140845
      vertex 62.1435 6.67133 3.66329
      vertex 57.9954 6.70445 0.142157
    endloop
  endfacet
  facet normal -0.415238 -0.771583 0.481909
    outer loop
      vertex 57.9953 6.70291 0.139542
      vertex 62.1435 6.67133 3.66329
      vertex 57.9954 6.70367 0.140845
    endloop
  endfacet
  facet normal -0.41504 -0.771838 0.481672
    outer loop
      vertex 57.9952 6.70215 0.138238
      vertex 62.1435 6.67133 3.66329
      vertex 57.9953 6.70291 0.139542
    endloop
  endfacet
  facet normal -0.411627 -0.776173 0.477618
    outer loop
      vertex 57.9951 6.7014 0.136933
      vertex 62.1435 6.67133 3.66329
      vertex 57.9952 6.70215 0.138238
    endloop
  endfacet
  facet normal -0.429709 -0.752501 0.499092
    outer loop
      vertex 57.9949 6.70065 0.13563
      vertex 62.1435 6.67133 3.66329
      vertex 57.9951 6.7014 0.136933
    endloop
  endfacet
  facet normal -0.410155 -0.778015 0.475884
    outer loop
      vertex 57.9948 6.69991 0.134334
      vertex 62.1435 6.67133 3.66329
      vertex 57.9949 6.70065 0.13563
    endloop
  endfacet
  facet normal -0.405227 -0.784125 0.470041
    outer loop
      vertex 57.9947 6.69918 0.13303
      vertex 62.1435 6.67133 3.66329
      vertex 57.9948 6.69991 0.134334
    endloop
  endfacet
  facet normal -0.421212 -0.763853 0.488987
    outer loop
      vertex 57.9945 6.69846 0.131733
      vertex 62.1435 6.67133 3.66329
      vertex 57.9947 6.69918 0.13303
    endloop
  endfacet
  facet normal -0.403457 -0.786283 0.467955
    outer loop
      vertex 57.9944 6.69774 0.130437
      vertex 62.1435 6.67133 3.66329
      vertex 57.9945 6.69846 0.131733
    endloop
  endfacet
  facet normal -0.418056 -0.767967 0.485238
    outer loop
      vertex 57.9942 6.69703 0.129141
      vertex 62.1435 6.67133 3.66329
      vertex 57.9944 6.69774 0.130437
    endloop
  endfacet
  facet normal -0.41784 -0.768246 0.484983
    outer loop
      vertex 57.994 6.69632 0.127844
      vertex 62.1435 6.67133 3.66329
      vertex 57.9942 6.69703 0.129141
    endloop
  endfacet
  facet normal -0.414613 -0.772383 0.481166
    outer loop
      vertex 57.9938 6.69562 0.126548
      vertex 62.1435 6.67133 3.66329
      vertex 57.994 6.69632 0.127844
    endloop
  endfacet
  facet normal -0.412414 -0.77517 0.478566
    outer loop
      vertex 57.9936 6.69493 0.125258
      vertex 62.1435 6.67133 3.66329
      vertex 57.9938 6.69562 0.126548
    endloop
  endfacet
  facet normal -0.409288 -0.779088 0.474874
    outer loop
      vertex 57.9934 6.69425 0.12397
      vertex 62.1435 6.67133 3.66329
      vertex 57.9936 6.69493 0.125258
    endloop
  endfacet
  facet normal -0.428523 -0.75417 0.497589
    outer loop
      vertex 57.9931 6.69357 0.122681
      vertex 62.1435 6.67133 3.66329
      vertex 57.9934 6.69425 0.12397
    endloop
  endfacet
  facet normal -0.403285 -0.786462 0.467802
    outer loop
      vertex 57.9929 6.69291 0.121399
      vertex 62.1435 6.67133 3.66329
      vertex 57.9931 6.69357 0.122681
    endloop
  endfacet
  facet normal -0.423225 -0.761237 0.491323
    outer loop
      vertex 57.9926 6.69225 0.120118
      vertex 62.1435 6.67133 3.66329
      vertex 57.9929 6.69291 0.121399
    endloop
  endfacet
  facet normal -0.403276 -0.786466 0.467803
    outer loop
      vertex 57.9924 6.69159 0.118836
      vertex 62.1435 6.67133 3.66329
      vertex 57.9926 6.69225 0.120118
    endloop
  endfacet
  facet normal -0.415771 -0.770911 0.482525
    outer loop
      vertex 57.9921 6.69095 0.117555
      vertex 62.1435 6.67133 3.66329
      vertex 57.9924 6.69159 0.118836
    endloop
  endfacet
  facet normal -0.417443 -0.76877 0.484494
    outer loop
      vertex 57.9918 6.69031 0.116281
      vertex 62.1435 6.67133 3.66329
      vertex 57.9921 6.69095 0.117555
    endloop
  endfacet
  facet normal -0.413364 -0.773967 0.479693
    outer loop
      vertex 57.9915 6.68968 0.115006
      vertex 62.1435 6.67133 3.66329
      vertex 57.9918 6.69031 0.116281
    endloop
  endfacet
  facet normal -0.413605 -0.773663 0.479976
    outer loop
      vertex 57.9912 6.68905 0.113732
      vertex 62.1435 6.67133 3.66329
      vertex 57.9915 6.68968 0.115006
    endloop
  endfacet
  facet normal -0.407641 -0.781112 0.472962
    outer loop
      vertex 57.9909 6.68844 0.112466
      vertex 62.1435 6.67133 3.66329
      vertex 57.9912 6.68905 0.113732
    endloop
  endfacet
  facet normal -0.429117 -0.753421 0.498211
    outer loop
      vertex 57.9905 6.68783 0.111199
      vertex 62.1435 6.67133 3.66329
      vertex 57.9909 6.68844 0.112466
    endloop
  endfacet
  facet normal -0.405528 -0.783699 0.470491
    outer loop
      vertex 57.9902 6.68723 0.109941
      vertex 62.1435 6.67133 3.66329
      vertex 57.9905 6.68783 0.111199
    endloop
  endfacet
  facet normal -0.426981 -0.756293 0.495689
    outer loop
      vertex 57.9898 6.68663 0.108681
      vertex 62.1435 6.67133 3.66329
      vertex 57.9902 6.68723 0.109941
    endloop
  endfacet
  facet normal -0.39889 -0.791698 0.462711
    outer loop
      vertex 57.9895 6.68605 0.10743
      vertex 62.1435 6.67133 3.66329
      vertex 57.9898 6.68663 0.108681
    endloop
  endfacet
  facet normal -0.419038 -0.766726 0.486351
    outer loop
      vertex 57.9891 6.68547 0.106171
      vertex 62.1435 6.67133 3.66329
      vertex 57.9895 6.68605 0.10743
    endloop
  endfacet
  facet normal -0.41856 -0.767343 0.485791
    outer loop
      vertex 57.9887 6.6849 0.104926
      vertex 62.1435 6.67133 3.66329
      vertex 57.9891 6.68547 0.106171
    endloop
  endfacet
  facet normal -0.412339 -0.775254 0.478496
    outer loop
      vertex 57.9883 6.68434 0.103674
      vertex 62.1435 6.67133 3.66329
      vertex 57.9887 6.6849 0.104926
    endloop
  endfacet
  facet normal -0.412283 -0.775323 0.478431
    outer loop
      vertex 57.9879 6.68379 0.102438
      vertex 62.1435 6.67133 3.66329
      vertex 57.9883 6.68434 0.103674
    endloop
  endfacet
  facet normal -0.409815 -0.778404 0.475541
    outer loop
      vertex 57.9875 6.68324 0.101193
      vertex 62.1435 6.67133 3.66329
      vertex 57.9879 6.68379 0.102438
    endloop
  endfacet
  facet normal -0.430162 -0.75206 0.499367
    outer loop
      vertex 57.987 6.68271 0.0999641
      vertex 62.1435 6.67133 3.66329
      vertex 57.9875 6.68324 0.101193
    endloop
  endfacet
  facet normal -0.402901 -0.786864 0.467457
    outer loop
      vertex 57.9866 6.68218 0.0987272
      vertex 62.1435 6.67133 3.66329
      vertex 57.987 6.68271 0.0999641
    endloop
  endfacet
  facet normal -0.402468 -0.787385 0.466951
    outer loop
      vertex 57.9862 6.68166 0.0975056
      vertex 62.1435 6.67133 3.66329
      vertex 57.9866 6.68218 0.0987272
    endloop
  endfacet
  facet normal -0.422788 -0.761872 0.490715
    outer loop
      vertex 57.9857 6.68115 0.096283
      vertex 62.1435 6.67133 3.66329
      vertex 57.9862 6.68166 0.0975056
    endloop
  endfacet
  facet normal -0.423064 -0.76151 0.491039
    outer loop
      vertex 57.9852 6.68064 0.0950613
      vertex 62.1435 6.67133 3.66329
      vertex 57.9857 6.68115 0.096283
    endloop
  endfacet
  facet normal -0.415682 -0.771031 0.48241
    outer loop
      vertex 57.9847 6.68015 0.0938473
      vertex 62.1435 6.67133 3.66329
      vertex 57.9852 6.68064 0.0950613
    endloop
  endfacet
  facet normal -0.415369 -0.771428 0.482045
    outer loop
      vertex 57.9842 6.67966 0.0926323
      vertex 62.1435 6.67133 3.66329
      vertex 57.9847 6.68015 0.0938473
    endloop
  endfacet
  facet normal -0.413012 -0.774402 0.479293
    outer loop
      vertex 57.9837 6.67918 0.0914259
      vertex 62.1435 6.67133 3.66329
      vertex 57.9842 6.67966 0.0926323
    endloop
  endfacet
  facet normal -0.409964 -0.778207 0.475735
    outer loop
      vertex 57.9832 6.67871 0.0902262
      vertex 62.1435 6.67133 3.66329
      vertex 57.9837 6.67918 0.0914259
    endloop
  endfacet
  facet normal -0.409964 -0.778207 0.475735
    outer loop
      vertex 57.9827 6.67824 0.0890265
      vertex 62.1435 6.67133 3.66329
      vertex 57.9832 6.67871 0.0902262
    endloop
  endfacet
  facet normal -0.431115 -0.75082 0.500409
    outer loop
      vertex 57.9821 6.67779 0.0878344
      vertex 62.1435 6.67133 3.66329
      vertex 57.9827 6.67824 0.0890265
    endloop
  endfacet
  facet normal -0.398562 -0.792017 0.462447
    outer loop
      vertex 57.9816 6.67735 0.0866499
      vertex 62.1435 6.67133 3.66329
      vertex 57.9821 6.67779 0.0878344
    endloop
  endfacet
  facet normal -0.428429 -0.754438 0.497265
    outer loop
      vertex 57.981 6.67691 0.0854654
      vertex 62.1435 6.67133 3.66329
      vertex 57.9816 6.67735 0.0866499
    endloop
  endfacet
  facet normal -0.395051 -0.796137 0.458367
    outer loop
      vertex 57.9805 6.67648 0.0842876
      vertex 62.1435 6.67133 3.66329
      vertex 57.981 6.67691 0.0854654
    endloop
  endfacet
  facet normal -0.419929 -0.765605 0.487348
    outer loop
      vertex 57.9799 6.67606 0.0831108
      vertex 62.1435 6.67133 3.66329
      vertex 57.9805 6.67648 0.0842876
    endloop
  endfacet
  facet normal -0.41652 -0.769972 0.483378
    outer loop
      vertex 57.9793 6.67565 0.0819407
      vertex 62.1435 6.67133 3.66329
      vertex 57.9799 6.67606 0.0831108
    endloop
  endfacet
  facet normal -0.413666 -0.773581 0.480055
    outer loop
      vertex 57.9787 6.67525 0.0807791
      vertex 62.1435 6.67133 3.66329
      vertex 57.9793 6.67565 0.0819407
    endloop
  endfacet
  facet normal -0.409994 -0.778163 0.475781
    outer loop
      vertex 57.9781 6.67486 0.0796242
      vertex 62.1435 6.67133 3.66329
      vertex 57.9787 6.67525 0.0807791
    endloop
  endfacet
  facet normal -0.409994 -0.778163 0.475781
    outer loop
      vertex 57.9775 6.67447 0.0784693
      vertex 62.1435 6.67133 3.66329
      vertex 57.9781 6.67486 0.0796242
    endloop
  endfacet
  facet normal -0.406527 -0.782425 0.471749
    outer loop
      vertex 57.9769 6.67409 0.077322
      vertex 62.1435 6.67133 3.66329
      vertex 57.9775 6.67447 0.0784693
    endloop
  endfacet
  facet normal -0.438973 -0.740089 0.509481
    outer loop
      vertex 57.9762 6.67372 0.0761814
      vertex 62.1435 6.67133 3.66329
      vertex 57.9769 6.67409 0.077322
    endloop
  endfacet
  facet normal -0.392144 -0.799477 0.455038
    outer loop
      vertex 57.9756 6.67337 0.0750494
      vertex 62.1435 6.67133 3.66329
      vertex 57.9762 6.67372 0.0761814
    endloop
  endfacet
  facet normal -0.429007 -0.753702 0.497882
    outer loop
      vertex 57.9749 6.67302 0.0739164
      vertex 62.1435 6.67133 3.66329
      vertex 57.9756 6.67337 0.0750494
    endloop
  endfacet
  facet normal -0.425978 -0.757726 0.494362
    outer loop
      vertex 57.9742 6.67268 0.0727921
      vertex 62.1435 6.67133 3.66329
      vertex 57.9749 6.67302 0.0739164
    endloop
  endfacet
  facet normal -0.38323 -0.809551 0.444704
    outer loop
      vertex 57.9736 6.67235 0.0716743
      vertex 62.1435 6.67133 3.66329
      vertex 57.9742 6.67268 0.0727921
    endloop
  endfacet
  facet normal -0.425499 -0.758366 0.493793
    outer loop
      vertex 57.9729 6.67202 0.0705643
      vertex 62.1435 6.67133 3.66329
      vertex 57.9736 6.67235 0.0716743
    endloop
  endfacet
  facet normal -0.410045 -0.778094 0.47585
    outer loop
      vertex 57.9722 6.67171 0.0694542
      vertex 62.1435 6.67133 3.66329
      vertex 57.9729 6.67202 0.0705643
    endloop
  endfacet
  facet normal -0.413343 -0.773988 0.479677
    outer loop
      vertex 57.9715 6.6714 0.0683508
      vertex 62.1435 6.67133 3.66329
      vertex 57.9722 6.67171 0.0694542
    endloop
  endfacet
  facet normal -0.450596 -0.723552 0.522912
    outer loop
      vertex 62.1435 6.67133 3.66329
      vertex 57.9715 6.6714 0.0683508
      vertex 57.9713 6.67133 0.0680816
    endloop
  endfacet
  facet normal -0.757532 2.79801e-05 -0.652797
    outer loop
      vertex 57.5982 6.67133 -0.253377
      vertex 57.3509 6.98223 0.0336132
      vertex 58.1865 6.29804 -0.93608
    endloop
  endfacet
  facet normal -0.307744 -0.881903 0.357129
    outer loop
      vertex 57.8804 6.4403 -0.580802
      vertex 62.162 6.65618 3.64182
      vertex 62.1435 6.67133 3.66329
    endloop
  endfacet
  facet normal -0.307702 -0.881934 0.357088
    outer loop
      vertex 62.162 6.65618 3.64182
      vertex 57.8804 6.4403 -0.580802
      vertex 62.4257 6.4403 3.33587
    endloop
  endfacet
  facet normal -0.189495 -0.956938 0.21991
    outer loop
      vertex 62.4257 6.4403 3.33587
      vertex 57.8804 6.4403 -0.580802
      vertex 62.7318 6.29804 2.98059
    endloop
  endfacet
  facet normal -0.75754 -3.07458e-06 -0.652789
    outer loop
      vertex 57.3509 10.5178 0.0336132
      vertex 57.0639 7.80478 0.36668
      vertex 57.0641 9.69581 0.366439
    endloop
  endfacet
  facet normal -0.757552 0 -0.652774
    outer loop
      vertex 57.0639 7.80478 0.36668
      vertex 57.3509 10.5178 0.0336132
      vertex 57.3509 6.98223 0.0336132
    endloop
  endfacet
  facet normal -0.757629 -7.20794e-06 -0.652686
    outer loop
      vertex 57.0642 9.86028 0.366418
      vertex 57.148 10.1389 0.269141
      vertex 57.3509 10.5178 0.0336132
    endloop
  endfacet
  facet normal -0.757519 -8.49575e-05 -0.652813
    outer loop
      vertex 57.148 10.1389 0.269141
      vertex 57.0642 9.86028 0.366418
      vertex 57.0642 9.8987 0.366413
    endloop
  endfacet
  facet normal -0.307724 0.881916 0.357114
    outer loop
      vertex 57.8804 11.0597 -0.580802
      vertex 62.162 10.8438 3.64182
      vertex 62.4257 11.0597 3.33587
    endloop
  endfacet
  facet normal -0.306872 0.882549 0.356282
    outer loop
      vertex 62.162 10.8438 3.64182
      vertex 57.8804 11.0597 -0.580802
      vertex 62.1435 10.8287 3.66329
    endloop
  endfacet
  facet normal 0.757702 -0.000538855 0.6526
    outer loop
      vertex 62.4257 11.0597 3.33587
      vertex 62.367 10.9705 3.40395
      vertex 62.7318 11.202 2.98059
    endloop
  endfacet
  facet normal 0.757609 -0.000395221 0.652709
    outer loop
      vertex 62.367 10.9705 3.40395
      vertex 62.4257 11.0597 3.33587
      vertex 62.162 10.8438 3.64182
    endloop
  endfacet
  facet normal 0.414112 0.773017 -0.480578
    outer loop
      vertex 64.2042 10.5178 1.27194
      vertex 59.4116 10.8287 -2.35774
      vertex 63.9569 10.8287 1.55893
    endloop
  endfacet
  facet normal 0.307669 0.881961 -0.35705
    outer loop
      vertex 63.9569 10.8287 1.55893
      vertex 59.4116 10.8287 -2.35774
      vertex 63.6747 11.0597 1.88636
    endloop
  endfacet
  facet normal 0.0639335 0.995192 -0.0741949
    outer loop
      vertex 63.3686 11.202 2.24164
      vertex 58.8233 11.202 -1.67503
      vertex 63.0502 11.25 2.61111
    endloop
  endfacet
  facet normal 0.189544 0.956916 -0.219966
    outer loop
      vertex 63.6747 11.0597 1.88636
      vertex 58.8233 11.202 -1.67503
      vertex 63.3686 11.202 2.24164
    endloop
  endfacet
  facet normal 0.757157 -0.000531666 0.653233
    outer loop
      vertex 62.1241 6.69581 3.68589
      vertex 61.7619 7.23294 4.10615
      vertex 61.8962 6.98223 3.95028
    endloop
  endfacet
  facet normal -0.575488 0.471414 0.668268
    outer loop
      vertex 57.148 10.1389 0.269141
      vertex 57.1039 9.97521 0.346635
      vertex 57.1893 10.1389 0.304707
    endloop
  endfacet
  facet normal -0.575613 0.471401 0.668169
    outer loop
      vertex 57.1039 9.97521 0.346635
      vertex 57.148 10.1389 0.269141
      vertex 57.0642 9.8987 0.366413
    endloop
  endfacet
  facet normal -0.575677 0.471446 0.668083
    outer loop
      vertex 57.9956 10.1389 0.999557
      vertex 61.6153 9.91538 4.27633
      vertex 61.6933 10.1389 4.18581
    endloop
  endfacet
  facet normal -0.575708 0.471368 0.668112
    outer loop
      vertex 57.9956 10.1389 0.999557
      vertex 61.5425 9.70671 4.36082
      vertex 61.6153 9.91538 4.27633
    endloop
  endfacet
  facet normal -0.575684 0.471422 0.668094
    outer loop
      vertex 61.5425 9.70671 4.36082
      vertex 57.9956 10.1389 0.999557
      vertex 57.9956 9.70671 1.30452
    endloop
  endfacet
  facet normal 0.757606 -0 0.652712
    outer loop
      vertex 61.4496 8.26227 4.46859
      vertex 61.5972 9.78373 4.29727
      vertex 61.4496 9.23773 4.46859
    endloop
  endfacet
  facet normal 0.757606 0 0.652712
    outer loop
      vertex 61.5972 9.78373 4.29727
      vertex 61.4496 8.26227 4.46859
      vertex 61.5972 7.71627 4.29727
    endloop
  endfacet
  facet normal -0.724877 -0.29052 -0.624621
    outer loop
      vertex 75.8123 8.92558 7.53594
      vertex 69.7985 8.96146 14.4983
      vertex 75.7817 9.05854 7.50961
    endloop
  endfacet
  facet normal -0.725137 -0.28937 -0.624853
    outer loop
      vertex 69.7985 8.96146 14.4983
      vertex 75.8123 8.92558 7.53594
      vertex 69.8067 8.92558 14.5054
    endloop
  endfacet
  facet normal 0.585879 -0.633926 0.50486
    outer loop
      vertex 64.7834 9.25001 10.1768
      vertex 70.8557 9.35741 3.26488
      vertex 64.8014 9.27899 10.1923
    endloop
  endfacet
  facet normal 0.585548 -0.634469 0.504561
    outer loop
      vertex 70.8557 9.35741 3.26488
      vertex 64.7834 9.25001 10.1768
      vertex 70.7889 9.25001 3.20735
    endloop
  endfacet
  facet normal 0 -1 0
    outer loop
      vertex 65.3503 9.65 10.6653
      vertex 75.1436 9.65 6.95972
      vertex 69.138 9.65 13.9292
    endloop
  endfacet
  facet normal -0 -1 0
    outer loop
      vertex 75.1436 9.65 6.95972
      vertex 65.3503 9.65 10.6653
      vertex 71.3558 9.65 3.69583
    endloop
  endfacet
  facet normal -0.725086 -0.289603 -0.624805
    outer loop
      vertex 75.7817 9.05854 7.50961
      vertex 69.7679 9.09441 14.472
      vertex 75.7735 9.09441 7.5025
    endloop
  endfacet
  facet normal -0.724903 -0.290411 -0.624642
    outer loop
      vertex 69.7679 9.09441 14.472
      vertex 75.7817 9.05854 7.50961
      vertex 69.7985 8.96146 14.4983
    endloop
  endfacet
  facet normal 0.66799 0.471672 0.5756
    outer loop
      vertex 64.7204 8.40558 10.1225
      vertex 70.7393 8.37252 3.16459
      vertex 70.7259 8.40558 3.15305
    endloop
  endfacet
  facet normal 0.668056 0.471507 0.575658
    outer loop
      vertex 70.7393 8.37252 3.16459
      vertex 64.7204 8.40558 10.1225
      vertex 64.77 8.28305 10.1653
    endloop
  endfacet
  facet normal -0.480518 0.773084 -0.414058
    outer loop
      vertex 75.5443 8.02546 7.30504
      vertex 69.5168 8.00168 14.2556
      vertex 69.5982 8.08982 14.3257
    endloop
  endfacet
  facet normal -0.480184 0.773446 -0.413768
    outer loop
      vertex 69.5168 8.00168 14.2556
      vertex 75.5443 8.02546 7.30504
      vertex 75.5223 8.00168 7.28612
    endloop
  endfacet
  facet normal 0.0742156 0.99519 0.0639506
    outer loop
      vertex 71.3558 7.85 3.69583
      vertex 65.2172 7.86729 10.5507
      vertex 65.3503 7.85 10.6653
    endloop
  endfacet
  facet normal 0.0742441 0.995186 0.0639761
    outer loop
      vertex 65.2172 7.86729 10.5507
      vertex 71.3558 7.85 3.69583
      vertex 71.2228 7.86729 3.58122
    endloop
  endfacet
  facet normal -0.0742467 -0.995185 -0.0639786
    outer loop
      vertex 69.138 9.65 13.9292
      vertex 75.2766 9.63271 7.07434
      vertex 69.271 9.63271 14.0438
    endloop
  endfacet
  facet normal -0.0742413 -0.995186 -0.0639738
    outer loop
      vertex 75.2766 9.63271 7.07434
      vertex 69.138 9.65 13.9292
      vertex 75.1436 9.65 6.95972
    endloop
  endfacet
  facet normal 0.48072 0.772864 0.414233
    outer loop
      vertex 70.8957 8.08982 3.29933
      vertex 64.8682 8.1136 10.2499
      vertex 64.9495 8.02546 10.32
    endloop
  endfacet
  facet normal 0.480185 0.773446 0.413768
    outer loop
      vertex 64.8682 8.1136 10.2499
      vertex 70.8957 8.08982 3.29933
      vertex 70.8737 8.1136 3.28041
    endloop
  endfacet
  facet normal 0.58588 0.633926 0.50486
    outer loop
      vertex 70.8557 8.14258 3.26488
      vertex 64.7834 8.24999 10.1768
      vertex 64.8014 8.22101 10.1923
    endloop
  endfacet
  facet normal 0.58557 0.634434 0.50458
    outer loop
      vertex 64.7834 8.24999 10.1768
      vertex 70.8557 8.14258 3.26488
      vertex 70.7889 8.24999 3.20735
    endloop
  endfacet
  facet normal -0.753906 -0.0979284 -0.649643
    outer loop
      vertex 75.8226 8.78731 7.54483
      vertex 69.8067 8.92558 14.5054
      vertex 75.8123 8.92558 7.53594
    endloop
  endfacet
  facet normal -0.753878 -0.0983629 -0.64961
    outer loop
      vertex 69.8067 8.92558 14.5054
      vertex 75.8226 8.78731 7.54483
      vertex 69.8095 8.88827 14.5078
    endloop
  endfacet
  facet normal -0.75389 -0.0981905 -0.649622
    outer loop
      vertex 75.8254 8.75 7.54722
      vertex 69.8095 8.88827 14.5078
      vertex 75.8226 8.78731 7.54483
    endloop
  endfacet
  facet normal -0.753904 -0.0979749 -0.649639
    outer loop
      vertex 69.8095 8.88827 14.5078
      vertex 75.8254 8.75 7.54722
      vertex 69.8198 8.75 14.5167
    endloop
  endfacet
  facet normal -0.668107 -0.471375 -0.575707
    outer loop
      vertex 75.7735 9.09441 7.5025
      vertex 69.7049 9.25001 14.4177
      vertex 75.7105 9.25001 7.44821
    endloop
  endfacet
  facet normal -0.668096 -0.471403 -0.575697
    outer loop
      vertex 69.7049 9.25001 14.4177
      vertex 75.7735 9.09441 7.5025
      vertex 69.7679 9.09441 14.472
    endloop
  endfacet
  facet normal 0.0742156 -0.99519 0.0639506
    outer loop
      vertex 65.2172 9.63271 10.5507
      vertex 71.3558 9.65 3.69583
      vertex 65.3503 9.65 10.6653
    endloop
  endfacet
  facet normal 0.0742441 -0.995186 0.0639761
    outer loop
      vertex 71.3558 9.65 3.69583
      vertex 65.2172 9.63271 10.5507
      vertex 71.2228 9.63271 3.58122
    endloop
  endfacet
  facet normal -0.725103 0.289529 -0.624819
    outer loop
      vertex 69.7679 8.40558 14.472
      vertex 75.7817 8.44146 7.50961
      vertex 75.7735 8.40558 7.5025
    endloop
  endfacet
  facet normal -0.724907 0.290391 -0.624646
    outer loop
      vertex 75.7817 8.44146 7.50961
      vertex 69.7679 8.40558 14.472
      vertex 69.7985 8.53854 14.4983
    endloop
  endfacet
  facet normal -0.0742467 0.995185 -0.0639786
    outer loop
      vertex 75.2766 7.86729 7.07434
      vertex 69.138 7.85 13.9292
      vertex 69.271 7.86729 14.0438
    endloop
  endfacet
  facet normal -0.0742413 0.995186 -0.0639738
    outer loop
      vertex 69.138 7.85 13.9292
      vertex 75.2766 7.86729 7.07434
      vertex 75.1436 7.85 6.95972
    endloop
  endfacet
  facet normal -0.219939 0.956927 -0.189522
    outer loop
      vertex 75.3773 7.90762 7.16113
      vertex 69.3989 7.91851 14.154
      vertex 75.4045 7.91851 7.18455
    endloop
  endfacet
  facet normal -0.21991 0.956938 -0.189497
    outer loop
      vertex 69.3989 7.91851 14.154
      vertex 75.3773 7.90762 7.16113
      vertex 69.2982 7.87818 14.0672
    endloop
  endfacet
  facet normal -0.480518 -0.773084 -0.414058
    outer loop
      vertex 69.5168 9.49832 14.2556
      vertex 75.5443 9.47454 7.30504
      vertex 69.5982 9.41018 14.3257
    endloop
  endfacet
  facet normal -0.480184 -0.773446 -0.413768
    outer loop
      vertex 75.5443 9.47454 7.30504
      vertex 69.5168 9.49832 14.2556
      vertex 75.5223 9.49832 7.28612
    endloop
  endfacet
  facet normal 0.753903 -0.0980574 0.649627
    outer loop
      vertex 64.6685 8.75 10.0778
      vertex 70.6871 8.92558 3.11962
      vertex 64.6816 8.92558 10.0891
    endloop
  endfacet
  facet normal 0.753905 -0.0980207 0.64963
    outer loop
      vertex 70.6871 8.92558 3.11962
      vertex 64.6685 8.75 10.0778
      vertex 70.674 8.75 3.10833
    endloop
  endfacet
  facet normal 0.58545 0.634631 0.504473
    outer loop
      vertex 70.8737 8.1136 3.28041
      vertex 64.8014 8.22101 10.1923
      vertex 64.8682 8.1136 10.2499
    endloop
  endfacet
  facet normal 0.585689 0.634238 0.504689
    outer loop
      vertex 64.8014 8.22101 10.1923
      vertex 70.8737 8.1136 3.28041
      vertex 70.8557 8.14258 3.26488
    endloop
  endfacet
  facet normal -0.668098 0.471398 -0.575699
    outer loop
      vertex 69.7049 8.24999 14.4177
      vertex 75.7735 8.40558 7.5025
      vertex 75.7105 8.24999 7.44821
    endloop
  endfacet
  facet normal -0.668086 0.471427 -0.575688
    outer loop
      vertex 75.7735 8.40558 7.5025
      vertex 69.7049 8.24999 14.4177
      vertex 69.7679 8.40558 14.472
    endloop
  endfacet
  facet normal -0.753906 0.0979284 -0.649643
    outer loop
      vertex 69.8067 8.57442 14.5054
      vertex 75.8226 8.71269 7.54483
      vertex 75.8123 8.57442 7.53594
    endloop
  endfacet
  facet normal -0.753878 0.0983629 -0.64961
    outer loop
      vertex 75.8226 8.71269 7.54483
      vertex 69.8067 8.57442 14.5054
      vertex 69.8095 8.61173 14.5078
    endloop
  endfacet
  facet normal -0.75389 0.0981905 -0.649622
    outer loop
      vertex 69.8095 8.61173 14.5078
      vertex 75.8254 8.75 7.54722
      vertex 75.8226 8.71269 7.54483
    endloop
  endfacet
  facet normal -0.753904 0.0979749 -0.649639
    outer loop
      vertex 75.8254 8.75 7.54722
      vertex 69.8095 8.61173 14.5078
      vertex 69.8198 8.75 14.5167
    endloop
  endfacet
  facet normal -0.585539 0.634481 -0.504558
    outer loop
      vertex 75.7105 8.24999 7.44821
      vertex 69.6201 8.1136 14.3446
      vertex 69.7049 8.24999 14.4177
    endloop
  endfacet
  facet normal -0.585592 0.634392 -0.504607
    outer loop
      vertex 69.6201 8.1136 14.3446
      vertex 75.7105 8.24999 7.44821
      vertex 75.6257 8.1136 7.37515
    endloop
  endfacet
  facet normal -0.48106 0.772492 -0.414532
    outer loop
      vertex 75.6257 8.1136 7.37515
      vertex 69.5982 8.08982 14.3257
      vertex 69.6201 8.1136 14.3446
    endloop
  endfacet
  facet normal -0.4805 0.773103 -0.414043
    outer loop
      vertex 69.5982 8.08982 14.3257
      vertex 75.6257 8.1136 7.37515
      vertex 75.5443 8.02546 7.30504
    endloop
  endfacet
  facet normal -0.357042 0.881968 -0.307658
    outer loop
      vertex 75.5223 8.00168 7.28612
      vertex 69.3989 7.91851 14.154
      vertex 69.5168 8.00168 14.2556
    endloop
  endfacet
  facet normal -0.357209 0.881848 -0.307808
    outer loop
      vertex 69.3989 7.91851 14.154
      vertex 75.5223 8.00168 7.28612
      vertex 75.4045 7.91851 7.18455
    endloop
  endfacet
  facet normal -0.21992 0.956934 -0.189506
    outer loop
      vertex 75.2766 7.86729 7.07434
      vertex 69.2982 7.87818 14.0672
      vertex 75.3773 7.90762 7.16113
    endloop
  endfacet
  facet normal -0.220012 0.956897 -0.189585
    outer loop
      vertex 69.2982 7.87818 14.0672
      vertex 75.2766 7.86729 7.07434
      vertex 69.271 7.86729 14.0438
    endloop
  endfacet
  facet normal -0.220012 -0.956897 -0.189585
    outer loop
      vertex 75.2766 9.63271 7.07434
      vertex 69.2982 9.62182 14.0672
      vertex 69.271 9.63271 14.0438
    endloop
  endfacet
  facet normal -0.21997 -0.956914 -0.189549
    outer loop
      vertex 69.2982 9.62182 14.0672
      vertex 75.2766 9.63271 7.07434
      vertex 75.3773 9.59237 7.16113
    endloop
  endfacet
  facet normal 0.58545 -0.634631 0.504473
    outer loop
      vertex 64.8014 9.27899 10.1923
      vertex 70.8737 9.3864 3.28041
      vertex 64.8682 9.3864 10.2499
    endloop
  endfacet
  facet normal 0.585768 -0.634107 0.504761
    outer loop
      vertex 70.8737 9.3864 3.28041
      vertex 64.8014 9.27899 10.1923
      vertex 70.8557 9.35741 3.26488
    endloop
  endfacet
  facet normal 0.724954 -0.29019 0.624685
    outer loop
      vertex 64.6816 8.92558 10.0891
      vertex 70.7259 9.09441 3.15305
      vertex 64.7204 9.09441 10.1225
    endloop
  endfacet
  facet normal 0.724932 -0.290291 0.624663
    outer loop
      vertex 70.7259 9.09441 3.15305
      vertex 64.6816 8.92558 10.0891
      vertex 70.6871 8.92558 3.11962
    endloop
  endfacet
  facet normal 0.357175 -0.881873 0.307777
    outer loop
      vertex 64.9715 9.49832 10.3389
      vertex 71.0949 9.58149 3.47101
      vertex 65.0893 9.58149 10.4405
    endloop
  endfacet
  facet normal 0.357076 -0.881943 0.307688
    outer loop
      vertex 71.0949 9.58149 3.47101
      vertex 64.9715 9.49832 10.3389
      vertex 70.977 9.49832 3.36944
    endloop
  endfacet
  facet normal 0.48072 -0.772864 0.414233
    outer loop
      vertex 64.8682 9.3864 10.2499
      vertex 70.8957 9.41018 3.29933
      vertex 64.9495 9.47454 10.32
    endloop
  endfacet
  facet normal 0.480185 -0.773446 0.413768
    outer loop
      vertex 70.8957 9.41018 3.29933
      vertex 64.8682 9.3864 10.2499
      vertex 70.8737 9.3864 3.28041
    endloop
  endfacet
  facet normal 0.480313 -0.773306 0.41388
    outer loop
      vertex 64.9495 9.47454 10.32
      vertex 70.977 9.49832 3.36944
      vertex 64.9715 9.49832 10.3389
    endloop
  endfacet
  facet normal 0.480702 -0.772883 0.414219
    outer loop
      vertex 70.977 9.49832 3.36944
      vertex 64.9495 9.47454 10.32
      vertex 70.8957 9.41018 3.29933
    endloop
  endfacet
  facet normal 0.668209 -0.47113 0.575789
    outer loop
      vertex 64.77 9.21695 10.1653
      vertex 70.7889 9.25001 3.20735
      vertex 64.7834 9.25001 10.1768
    endloop
  endfacet
  facet normal 0.668117 -0.471361 0.575708
    outer loop
      vertex 70.7889 9.25001 3.20735
      vertex 64.77 9.21695 10.1653
      vertex 70.7393 9.12748 3.16459
    endloop
  endfacet
  facet normal 0.668069 -0.471477 0.575668
    outer loop
      vertex 64.7204 9.09441 10.1225
      vertex 70.7393 9.12748 3.16459
      vertex 64.77 9.21695 10.1653
    endloop
  endfacet
  facet normal 0.668035 -0.471561 0.575638
    outer loop
      vertex 70.7393 9.12748 3.16459
      vertex 64.7204 9.09441 10.1225
      vertex 70.7259 9.09441 3.15305
    endloop
  endfacet
  facet normal 0 1 0
    outer loop
      vertex 75.1436 7.85 6.95972
      vertex 65.3503 7.85 10.6653
      vertex 69.138 7.85 13.9292
    endloop
  endfacet
  facet normal 0 1 0
    outer loop
      vertex 65.3503 7.85 10.6653
      vertex 75.1436 7.85 6.95972
      vertex 71.3558 7.85 3.69583
    endloop
  endfacet
  facet normal -0.725137 0.28937 -0.624853
    outer loop
      vertex 75.8123 8.57442 7.53594
      vertex 69.7985 8.53854 14.4983
      vertex 69.8067 8.57442 14.5054
    endloop
  endfacet
  facet normal -0.724877 0.29052 -0.624621
    outer loop
      vertex 69.7985 8.53854 14.4983
      vertex 75.8123 8.57442 7.53594
      vertex 75.7817 8.44146 7.50961
    endloop
  endfacet
  facet normal -0.585539 -0.634481 -0.504558
    outer loop
      vertex 69.6201 9.3864 14.3446
      vertex 75.7105 9.25001 7.44821
      vertex 69.7049 9.25001 14.4177
    endloop
  endfacet
  facet normal -0.585592 -0.634392 -0.504607
    outer loop
      vertex 75.7105 9.25001 7.44821
      vertex 69.6201 9.3864 14.3446
      vertex 75.6257 9.3864 7.37515
    endloop
  endfacet
  facet normal -0.48106 -0.772492 -0.414532
    outer loop
      vertex 69.5982 9.41018 14.3257
      vertex 75.6257 9.3864 7.37515
      vertex 69.6201 9.3864 14.3446
    endloop
  endfacet
  facet normal -0.4805 -0.773103 -0.414043
    outer loop
      vertex 75.6257 9.3864 7.37515
      vertex 69.5982 9.41018 14.3257
      vertex 75.5443 9.47454 7.30504
    endloop
  endfacet
  facet normal -0.219911 -0.956938 -0.189497
    outer loop
      vertex 75.3773 9.59237 7.16113
      vertex 69.3989 9.58149 14.154
      vertex 69.2982 9.62182 14.0672
    endloop
  endfacet
  facet normal -0.219754 -0.957001 -0.189362
    outer loop
      vertex 69.3989 9.58149 14.154
      vertex 75.3773 9.59237 7.16113
      vertex 75.4045 9.58149 7.18455
    endloop
  endfacet
  facet normal -0.357042 -0.881968 -0.307658
    outer loop
      vertex 69.3989 9.58149 14.154
      vertex 75.5223 9.49832 7.28612
      vertex 69.5168 9.49832 14.2556
    endloop
  endfacet
  facet normal -0.357209 -0.881848 -0.307808
    outer loop
      vertex 75.5223 9.49832 7.28612
      vertex 69.3989 9.58149 14.154
      vertex 75.4045 9.58149 7.18455
    endloop
  endfacet
  facet normal 0.219932 -0.956929 0.189515
    outer loop
      vertex 65.0893 9.58149 10.4405
      vertex 71.2228 9.63271 3.58122
      vertex 65.2172 9.63271 10.5507
    endloop
  endfacet
  facet normal 0.219924 -0.956932 0.189509
    outer loop
      vertex 71.2228 9.63271 3.58122
      vertex 65.0893 9.58149 10.4405
      vertex 71.0949 9.58149 3.47101
    endloop
  endfacet
  facet normal 0.668209 0.47113 0.575789
    outer loop
      vertex 70.7889 8.24999 3.20735
      vertex 64.77 8.28305 10.1653
      vertex 64.7834 8.24999 10.1768
    endloop
  endfacet
  facet normal 0.668117 0.471361 0.575708
    outer loop
      vertex 64.77 8.28305 10.1653
      vertex 70.7889 8.24999 3.20735
      vertex 70.7393 8.37252 3.16459
    endloop
  endfacet
  facet normal 0.724958 0.290174 0.624688
    outer loop
      vertex 70.7259 8.40558 3.15305
      vertex 64.6816 8.57442 10.0891
      vertex 64.7204 8.40558 10.1225
    endloop
  endfacet
  facet normal 0.724936 0.290275 0.624667
    outer loop
      vertex 64.6816 8.57442 10.0891
      vertex 70.7259 8.40558 3.15305
      vertex 70.6871 8.57442 3.11962
    endloop
  endfacet
  facet normal 0.753903 0.0980574 0.649627
    outer loop
      vertex 70.6871 8.57442 3.11962
      vertex 64.6685 8.75 10.0778
      vertex 64.6816 8.57442 10.0891
    endloop
  endfacet
  facet normal 0.753905 0.0980207 0.64963
    outer loop
      vertex 64.6685 8.75 10.0778
      vertex 70.6871 8.57442 3.11962
      vertex 70.674 8.75 3.10833
    endloop
  endfacet
  facet normal 0.357175 0.881873 0.307777
    outer loop
      vertex 71.0949 7.91851 3.47101
      vertex 64.9715 8.00168 10.3389
      vertex 65.0893 7.91851 10.4405
    endloop
  endfacet
  facet normal 0.357076 0.881943 0.307688
    outer loop
      vertex 64.9715 8.00168 10.3389
      vertex 71.0949 7.91851 3.47101
      vertex 70.977 8.00168 3.36944
    endloop
  endfacet
  facet normal 0.480313 0.773306 0.41388
    outer loop
      vertex 70.977 8.00168 3.36944
      vertex 64.9495 8.02546 10.32
      vertex 64.9715 8.00168 10.3389
    endloop
  endfacet
  facet normal 0.480702 0.772883 0.414219
    outer loop
      vertex 64.9495 8.02546 10.32
      vertex 70.977 8.00168 3.36944
      vertex 70.8957 8.08982 3.29933
    endloop
  endfacet
  facet normal 0.219932 0.956929 0.189515
    outer loop
      vertex 71.2228 7.86729 3.58122
      vertex 65.0893 7.91851 10.4405
      vertex 65.2172 7.86729 10.5507
    endloop
  endfacet
  facet normal 0.219924 0.956932 0.189509
    outer loop
      vertex 65.0893 7.91851 10.4405
      vertex 71.2228 7.86729 3.58122
      vertex 71.0949 7.91851 3.47101
    endloop
  endfacet
endsolid OpenSCAD_Model
