solid OpenSCAD_Model
  facet normal 0.846224 -0 0.532827
    outer loop
      vertex 44.0415 0.000499725 4.41895
      vertex 44.1633 17.5005 4.22551
      vertex 44.0415 17.5005 4.41895
    endloop
  endfacet
  facet normal 0.846224 0 0.532827
    outer loop
      vertex 44.1633 17.5005 4.22551
      vertex 44.0415 0.000499725 4.41895
      vertex 44.1633 0.000499725 4.22551
    endloop
  endfacet
  facet normal 0.848907 -0 0.528543
    outer loop
      vertex 43.6269 0.000499725 5.08485
      vertex 44.0415 17.5005 4.41895
      vertex 43.6269 17.5005 5.08485
    endloop
  endfacet
  facet normal 0.848907 0 0.528543
    outer loop
      vertex 44.0415 17.5005 4.41895
      vertex 43.6269 0.000499725 5.08485
      vertex 44.0415 0.000499725 4.41895
    endloop
  endfacet
  facet normal 0.853333 -0 0.521366
    outer loop
      vertex 43.222 0.000499725 5.74756
      vertex 43.6269 17.5005 5.08485
      vertex 43.222 17.5005 5.74756
    endloop
  endfacet
  facet normal 0.853333 0 0.521366
    outer loop
      vertex 43.6269 17.5005 5.08485
      vertex 43.222 0.000499725 5.74756
      vertex 43.6269 0.000499725 5.08485
    endloop
  endfacet
  facet normal 0.857561 -0 0.514382
    outer loop
      vertex 42.8242 0.000499725 6.41076
      vertex 43.222 17.5005 5.74756
      vertex 42.8242 17.5005 6.41076
    endloop
  endfacet
  facet normal 0.857561 0 0.514382
    outer loop
      vertex 43.222 17.5005 5.74756
      vertex 42.8242 0.000499725 6.41076
      vertex 43.222 0.000499725 5.74756
    endloop
  endfacet
  facet normal 0.875308 -0 0.483565
    outer loop
      vertex 41.2274 0.000499725 9.20877
      vertex 41.5645 17.5005 8.59858
      vertex 41.2274 17.5005 9.20877
    endloop
  endfacet
  facet normal 0.875308 0 0.483565
    outer loop
      vertex 41.5645 17.5005 8.59858
      vertex 41.2274 0.000499725 9.20877
      vertex 41.5645 0.000499725 8.59858
    endloop
  endfacet
  facet normal 0.879204 -0 0.476446
    outer loop
      vertex 40.8778 0.000499725 9.8539
      vertex 41.2274 17.5005 9.20877
      vertex 40.8778 17.5005 9.8539
    endloop
  endfacet
  facet normal 0.879204 0 0.476446
    outer loop
      vertex 41.2274 17.5005 9.20877
      vertex 40.8778 0.000499725 9.8539
      vertex 41.2274 0.000499725 9.20877
    endloop
  endfacet
  facet normal 0.883078 -0 0.469226
    outer loop
      vertex 40.5363 0.000499725 10.4966
      vertex 40.8778 17.5005 9.8539
      vertex 40.5363 17.5005 10.4966
    endloop
  endfacet
  facet normal 0.883078 0 0.469226
    outer loop
      vertex 40.8778 17.5005 9.8539
      vertex 40.5363 0.000499725 10.4966
      vertex 40.8778 0.000499725 9.8539
    endloop
  endfacet
  facet normal 0.886944 -0 0.461878
    outer loop
      vertex 40.2013 0.000499725 11.1399
      vertex 40.5363 17.5005 10.4966
      vertex 40.2013 17.5005 11.1399
    endloop
  endfacet
  facet normal 0.886944 0 0.461878
    outer loop
      vertex 40.5363 17.5005 10.4966
      vertex 40.2013 0.000499725 11.1399
      vertex 40.5363 0.000499725 10.4966
    endloop
  endfacet
  facet normal 0.906975 -0 0.421184
    outer loop
      vertex 38.6106 0.000499725 14.3914
      vertex 38.6784 17.5005 14.2454
      vertex 38.6106 17.5005 14.3914
    endloop
  endfacet
  facet normal 0.906975 0 0.421184
    outer loop
      vertex 38.6784 17.5005 14.2454
      vertex 38.6106 0.000499725 14.3914
      vertex 38.6784 0.000499725 14.2454
    endloop
  endfacet
  facet normal 0.909082 -0 0.416618
    outer loop
      vertex 38.3365 0.000499725 14.9895
      vertex 38.6106 17.5005 14.3914
      vertex 38.3365 17.5005 14.9895
    endloop
  endfacet
  facet normal 0.909082 0 0.416618
    outer loop
      vertex 38.6106 17.5005 14.3914
      vertex 38.3365 0.000499725 14.9895
      vertex 38.6106 0.000499725 14.3914
    endloop
  endfacet
  facet normal 0.912395 -0 0.409311
    outer loop
      vertex 38.0554 0.000499725 15.6161
      vertex 38.3365 17.5005 14.9895
      vertex 38.0554 17.5005 15.6161
    endloop
  endfacet
  facet normal 0.912395 0 0.409311
    outer loop
      vertex 38.3365 17.5005 14.9895
      vertex 38.0554 0.000499725 15.6161
      vertex 38.3365 0.000499725 14.9895
    endloop
  endfacet
  facet normal 0.915728 -0 0.401799
    outer loop
      vertex 37.7802 0.000499725 16.2433
      vertex 38.0554 17.5005 15.6161
      vertex 37.7802 17.5005 16.2433
    endloop
  endfacet
  facet normal 0.915728 0 0.401799
    outer loop
      vertex 38.0554 17.5005 15.6161
      vertex 37.7802 0.000499725 16.2433
      vertex 38.0554 0.000499725 15.6161
    endloop
  endfacet
  facet normal 0.93534 -0 0.35375
    outer loop
      vertex 36.3099 0.000499725 19.8688
      vertex 36.3512 17.5005 19.7596
      vertex 36.3099 17.5005 19.8688
    endloop
  endfacet
  facet normal 0.93534 0 0.35375
    outer loop
      vertex 36.3512 17.5005 19.7596
      vertex 36.3099 0.000499725 19.8688
      vertex 36.3512 0.000499725 19.7596
    endloop
  endfacet
  facet normal 0.936899 -0 0.349599
    outer loop
      vertex 36.0912 0.000499725 20.4549
      vertex 36.3099 17.5005 19.8688
      vertex 36.0912 17.5005 20.4549
    endloop
  endfacet
  facet normal 0.936899 0 0.349599
    outer loop
      vertex 36.3099 17.5005 19.8688
      vertex 36.0912 0.000499725 20.4549
      vertex 36.3099 0.000499725 19.8688
    endloop
  endfacet
  facet normal 0.93974 -0 0.34189
    outer loop
      vertex 35.8672 0.000499725 21.0706
      vertex 36.0912 17.5005 20.4549
      vertex 35.8672 17.5005 21.0706
    endloop
  endfacet
  facet normal 0.93974 0 0.34189
    outer loop
      vertex 36.0912 17.5005 20.4549
      vertex 35.8672 0.000499725 21.0706
      vertex 36.0912 0.000499725 20.4549
    endloop
  endfacet
  facet normal 0.94247 -0 0.334292
    outer loop
      vertex 35.6486 0.000499725 21.6869
      vertex 35.8672 17.5005 21.0706
      vertex 35.6486 17.5005 21.6869
    endloop
  endfacet
  facet normal 0.94247 0 0.334292
    outer loop
      vertex 35.8672 17.5005 21.0706
      vertex 35.6486 0.000499725 21.6869
      vertex 35.8672 0.000499725 21.0706
    endloop
  endfacet
  facet normal 0.959318 -0 0.282328
    outer loop
      vertex 34.4135 0.000499725 25.5331
      vertex 34.4889 17.5005 25.2769
      vertex 34.4135 17.5005 25.5331
    endloop
  endfacet
  facet normal 0.959318 0 0.282328
    outer loop
      vertex 34.4889 17.5005 25.2769
      vertex 34.4135 0.000499725 25.5331
      vertex 34.4889 0.000499725 25.2769
    endloop
  endfacet
  facet normal 0.960893 -0 0.276921
    outer loop
      vertex 34.2373 0.000499725 26.1445
      vertex 34.4135 17.5005 25.5331
      vertex 34.2373 17.5005 26.1445
    endloop
  endfacet
  facet normal 0.960893 0 0.276921
    outer loop
      vertex 34.4135 17.5005 25.5331
      vertex 34.2373 0.000499725 26.1445
      vertex 34.4135 0.000499725 25.5331
    endloop
  endfacet
  facet normal 0.963172 -0 0.268887
    outer loop
      vertex 34.0667 0.000499725 26.7556
      vertex 34.2373 17.5005 26.1445
      vertex 34.0667 17.5005 26.7556
    endloop
  endfacet
  facet normal 0.963172 0 0.268887
    outer loop
      vertex 34.2373 17.5005 26.1445
      vertex 34.0667 0.000499725 26.7556
      vertex 34.2373 0.000499725 26.1445
    endloop
  endfacet
  facet normal 0.965366 -0 0.260901
    outer loop
      vertex 33.9013 0.000499725 27.3676
      vertex 34.0667 17.5005 26.7556
      vertex 33.9013 17.5005 27.3676
    endloop
  endfacet
  facet normal 0.965366 0 0.260901
    outer loop
      vertex 34.0667 17.5005 26.7556
      vertex 33.9013 0.000499725 27.3676
      vertex 34.0667 0.000499725 26.7556
    endloop
  endfacet
  facet normal 0.978125 -0 0.208019
    outer loop
      vertex 32.969 0.000499725 31.2904
      vertex 33.0546 17.5005 30.8879
      vertex 32.969 17.5005 31.2904
    endloop
  endfacet
  facet normal 0.978125 0 0.208019
    outer loop
      vertex 33.0546 17.5005 30.8879
      vertex 32.969 0.000499725 31.2904
      vertex 33.0546 0.000499725 30.8879
    endloop
  endfacet
  facet normal 0.979566 -0 0.201121
    outer loop
      vertex 32.8431 0.000499725 31.9036
      vertex 32.969 17.5005 31.2904
      vertex 32.8431 17.5005 31.9036
    endloop
  endfacet
  facet normal 0.979566 0 0.201121
    outer loop
      vertex 32.969 17.5005 31.2904
      vertex 32.8431 0.000499725 31.9036
      vertex 32.969 0.000499725 31.2904
    endloop
  endfacet
  facet normal 0.981185 -0 0.193072
    outer loop
      vertex 32.7223 0.000499725 32.5175
      vertex 32.8431 17.5005 31.9036
      vertex 32.7223 17.5005 32.5175
    endloop
  endfacet
  facet normal 0.981185 0 0.193072
    outer loop
      vertex 32.8431 17.5005 31.9036
      vertex 32.7223 0.000499725 32.5175
      vertex 32.8431 0.000499725 31.9036
    endloop
  endfacet
  facet normal 0.982743 -0 0.184974
    outer loop
      vertex 32.6066 0.000499725 33.1322
      vertex 32.7223 17.5005 32.5175
      vertex 32.6066 17.5005 33.1322
    endloop
  endfacet
  facet normal 0.982743 0 0.184974
    outer loop
      vertex 32.7223 17.5005 32.5175
      vertex 32.6066 0.000499725 33.1322
      vertex 32.7223 0.000499725 32.5175
    endloop
  endfacet
  facet normal 0.991289 -0 0.131704
    outer loop
      vertex 32.0038 0.000499725 36.9606
      vertex 32.0376 17.5005 36.7062
      vertex 32.0038 17.5005 36.9606
    endloop
  endfacet
  facet normal 0.991289 0 0.131704
    outer loop
      vertex 32.0376 17.5005 36.7062
      vertex 32.0038 0.000499725 36.9606
      vertex 32.0376 0.000499725 36.7062
    endloop
  endfacet
  facet normal 0.992016 -0 0.126114
    outer loop
      vertex 31.9247 0.000499725 37.5828
      vertex 32.0038 17.5005 36.9606
      vertex 31.9247 17.5005 37.5828
    endloop
  endfacet
  facet normal 0.992016 0 0.126114
    outer loop
      vertex 32.0038 17.5005 36.9606
      vertex 31.9247 0.000499725 37.5828
      vertex 32.0038 0.000499725 36.9606
    endloop
  endfacet
  facet normal 0.993054 -0 0.117663
    outer loop
      vertex 31.8508 0.000499725 38.2065
      vertex 31.9247 17.5005 37.5828
      vertex 31.8508 17.5005 38.2065
    endloop
  endfacet
  facet normal 0.993054 0 0.117663
    outer loop
      vertex 31.9247 17.5005 37.5828
      vertex 31.8508 0.000499725 38.2065
      vertex 31.9247 0.000499725 37.5828
    endloop
  endfacet
  facet normal 0.993988 -0 0.109488
    outer loop
      vertex 31.782 0.000499725 38.8311
      vertex 31.8508 17.5005 38.2065
      vertex 31.782 17.5005 38.8311
    endloop
  endfacet
  facet normal 0.993988 0 0.109488
    outer loop
      vertex 31.8508 17.5005 38.2065
      vertex 31.782 0.000499725 38.8311
      vertex 31.8508 0.000499725 38.2065
    endloop
  endfacet
  facet normal 0.998723 -0 0.050515
    outer loop
      vertex 31.4495 0.000499725 43.1186
      vertex 31.4591 17.5005 42.9288
      vertex 31.4495 17.5005 43.1186
    endloop
  endfacet
  facet normal 0.998723 0 0.050515
    outer loop
      vertex 31.4591 17.5005 42.9288
      vertex 31.4495 0.000499725 43.1186
      vertex 31.4591 0.000499725 42.9288
    endloop
  endfacet
  facet normal 0.998982 -0 0.0451032
    outer loop
      vertex 31.4206 0.000499725 43.7587
      vertex 31.4495 17.5005 43.1186
      vertex 31.4206 17.5005 43.7587
    endloop
  endfacet
  facet normal 0.998982 0 0.0451032
    outer loop
      vertex 31.4495 17.5005 43.1186
      vertex 31.4206 0.000499725 43.7587
      vertex 31.4495 0.000499725 43.1186
    endloop
  endfacet
  facet normal 0.999325 -0 0.0367399
    outer loop
      vertex 31.4051 0.000499725 44.1803
      vertex 31.4206 17.5005 43.7587
      vertex 31.4051 17.5005 44.1803
    endloop
  endfacet
  facet normal 0.999325 0 0.0367399
    outer loop
      vertex 31.4206 17.5005 43.7587
      vertex 31.4051 0.000499725 44.1803
      vertex 31.4206 0.000499725 43.7587
    endloop
  endfacet
  facet normal 0 -1 0
    outer loop
      vertex 31.782 0.000499725 38.8311
      vertex 32.9973 0.000499725 41.5126
      vertex 31.4591 0.000499725 42.9288
    endloop
  endfacet
  facet normal 0 -1 -0
    outer loop
      vertex 32.9973 0.000499725 41.5126
      vertex 31.782 0.000499725 38.8311
      vertex 33.2432 0.000499725 40.0329
    endloop
  endfacet
  facet normal 0 -1 0
    outer loop
      vertex 32.6066 0.000499725 33.1322
      vertex 33.3145 0.000499725 35.8247
      vertex 32.0376 0.000499725 36.7062
    endloop
  endfacet
  facet normal 0 -1 -0
    outer loop
      vertex 33.3145 0.000499725 35.8247
      vertex 32.6066 0.000499725 33.1322
      vertex 33.7644 0.000499725 34.3938
    endloop
  endfacet
  facet normal 0 -1 0
    outer loop
      vertex 15.1497 0.000499725 30.173
      vertex 31.4206 0.000499725 43.7587
      vertex 31.4051 0.000499725 44.1803
    endloop
  endfacet
  facet normal 0 -1 0
    outer loop
      vertex 15.1497 0.000499725 30.173
      vertex 31.4495 0.000499725 43.1186
      vertex 31.4206 0.000499725 43.7587
    endloop
  endfacet
  facet normal 0 -1 0
    outer loop
      vertex 15.1497 0.000499725 30.173
      vertex 31.4591 0.000499725 42.9288
      vertex 31.4495 0.000499725 43.1186
    endloop
  endfacet
  facet normal 0 -1 0
    outer loop
      vertex 15.1497 0.000499725 30.173
      vertex 31.782 0.000499725 38.8311
      vertex 31.4591 0.000499725 42.9288
    endloop
  endfacet
  facet normal 0 -1 0
    outer loop
      vertex 15.1497 0.000499725 30.173
      vertex 31.8508 0.000499725 38.2065
      vertex 31.782 0.000499725 38.8311
    endloop
  endfacet
  facet normal 0 -1 0
    outer loop
      vertex 15.1497 0.000499725 30.173
      vertex 31.9247 0.000499725 37.5828
      vertex 31.8508 0.000499725 38.2065
    endloop
  endfacet
  facet normal 0 -1 0
    outer loop
      vertex 15.1497 0.000499725 30.173
      vertex 32.0038 0.000499725 36.9606
      vertex 31.9247 0.000499725 37.5828
    endloop
  endfacet
  facet normal 0 -1 0
    outer loop
      vertex 15.1497 0.000499725 30.173
      vertex 32.0376 0.000499725 36.7062
      vertex 32.0038 0.000499725 36.9606
    endloop
  endfacet
  facet normal 0 -1 0
    outer loop
      vertex 15.1497 0.000499725 30.173
      vertex 32.6066 0.000499725 33.1322
      vertex 32.0376 0.000499725 36.7062
    endloop
  endfacet
  facet normal 0 -1 0
    outer loop
      vertex 15.1497 0.000499725 30.173
      vertex 32.7223 0.000499725 32.5175
      vertex 32.6066 0.000499725 33.1322
    endloop
  endfacet
  facet normal 0 -1 0
    outer loop
      vertex 15.1497 0.000499725 30.173
      vertex 32.8431 0.000499725 31.9036
      vertex 32.7223 0.000499725 32.5175
    endloop
  endfacet
  facet normal 0 -1 0
    outer loop
      vertex 15.1497 0.000499725 30.173
      vertex 32.969 0.000499725 31.2904
      vertex 32.8431 0.000499725 31.9036
    endloop
  endfacet
  facet normal 0 -1 0
    outer loop
      vertex 15.1497 0.000499725 30.173
      vertex 33.0546 0.000499725 30.8879
      vertex 32.969 0.000499725 31.2904
    endloop
  endfacet
  facet normal 0 -1 0
    outer loop
      vertex 33.9013 0.000499725 27.3676
      vertex 33.0546 0.000499725 30.8879
      vertex 15.1497 0.000499725 30.173
    endloop
  endfacet
  facet normal 0 -1 0
    outer loop
      vertex 33.0546 0.000499725 30.8879
      vertex 33.9013 0.000499725 27.3676
      vertex 34.3588 0.000499725 30.1829
    endloop
  endfacet
  facet normal 0 -1 -0
    outer loop
      vertex 34.3588 0.000499725 30.1829
      vertex 33.9013 0.000499725 27.3676
      vertex 34.9611 0.000499725 28.8091
    endloop
  endfacet
  facet normal 0 -1 0
    outer loop
      vertex 15.1497 0.000499725 30.173
      vertex 34.0667 0.000499725 26.7556
      vertex 33.9013 0.000499725 27.3676
    endloop
  endfacet
  facet normal 0 -1 0
    outer loop
      vertex 15.1497 0.000499725 30.173
      vertex 34.2373 0.000499725 26.1445
      vertex 34.0667 0.000499725 26.7556
    endloop
  endfacet
  facet normal 0 -1 0
    outer loop
      vertex 15.1497 0.000499725 30.173
      vertex 34.4135 0.000499725 25.5331
      vertex 34.2373 0.000499725 26.1445
    endloop
  endfacet
  facet normal 0 -1 0
    outer loop
      vertex 15.1497 0.000499725 30.173
      vertex 34.4889 0.000499725 25.2769
      vertex 34.4135 0.000499725 25.5331
    endloop
  endfacet
  facet normal 0 -1 0
    outer loop
      vertex 35.6486 0.000499725 21.6869
      vertex 34.4889 0.000499725 25.2769
      vertex 15.1497 0.000499725 30.173
    endloop
  endfacet
  facet normal 0 -1 0
    outer loop
      vertex 34.4889 0.000499725 25.2769
      vertex 35.6486 0.000499725 21.6869
      vertex 35.9482 0.000499725 24.6288
    endloop
  endfacet
  facet normal 0 -1 -0
    outer loop
      vertex 35.9482 0.000499725 24.6288
      vertex 35.6486 0.000499725 21.6869
      vertex 36.6554 0.000499725 23.306
    endloop
  endfacet
  facet normal 0 -1 0
    outer loop
      vertex 15.1497 0.000499725 30.173
      vertex 35.8672 0.000499725 21.0706
      vertex 35.6486 0.000499725 21.6869
    endloop
  endfacet
  facet normal 0 -1 0
    outer loop
      vertex 15.1497 0.000499725 30.173
      vertex 36.0912 0.000499725 20.4549
      vertex 35.8672 0.000499725 21.0706
    endloop
  endfacet
  facet normal 0 -1 0
    outer loop
      vertex 15.1497 0.000499725 30.173
      vertex 36.3099 0.000499725 19.8688
      vertex 36.0912 0.000499725 20.4549
    endloop
  endfacet
  facet normal 0 -1 0
    outer loop
      vertex 15.1497 0.000499725 30.173
      vertex 36.3512 0.000499725 19.7596
      vertex 36.3099 0.000499725 19.8688
    endloop
  endfacet
  facet normal 0 -1 0
    outer loop
      vertex 37.7802 0.000499725 16.2433
      vertex 37.9121 0.000499725 19.157
      vertex 36.3512 0.000499725 19.7596
    endloop
  endfacet
  facet normal 0 -1 0
    outer loop
      vertex 35.7139 0.000499725 6.30826
      vertex 36.3512 0.000499725 19.7596
      vertex 15.1497 0.000499725 30.173
    endloop
  endfacet
  facet normal 0 -1 -0
    outer loop
      vertex 37.9121 0.000499725 19.157
      vertex 37.7802 0.000499725 16.2433
      vertex 38.6838 0.000499725 17.8707
    endloop
  endfacet
  facet normal 0 -1 -0
    outer loop
      vertex 36.3512 0.000499725 19.7596
      vertex 35.7139 0.000499725 6.30826
      vertex 37.7802 0.000499725 16.2433
    endloop
  endfacet
  facet normal 0 -1 -0
    outer loop
      vertex 37.7802 0.000499725 16.2433
      vertex 35.7139 0.000499725 6.30826
      vertex 38.0554 0.000499725 15.6161
    endloop
  endfacet
  facet normal 0 -1 -0
    outer loop
      vertex 38.0554 0.000499725 15.6161
      vertex 35.7139 0.000499725 6.30826
      vertex 38.3365 0.000499725 14.9895
    endloop
  endfacet
  facet normal 0 -1 -0
    outer loop
      vertex 38.3365 0.000499725 14.9895
      vertex 35.7139 0.000499725 6.30826
      vertex 38.6106 0.000499725 14.3914
    endloop
  endfacet
  facet normal 0 -1 0
    outer loop
      vertex 40.2013 0.000499725 11.1399
      vertex 40.0973 0.000499725 13.7349
      vertex 38.6784 0.000499725 14.2454
    endloop
  endfacet
  facet normal 0 -1 -0
    outer loop
      vertex 38.6106 0.000499725 14.3914
      vertex 35.7139 0.000499725 6.30826
      vertex 38.6784 0.000499725 14.2454
    endloop
  endfacet
  facet normal 0 -1 0
    outer loop
      vertex 40.0973 0.000499725 13.7349
      vertex 40.2013 0.000499725 11.1399
      vertex 40.8984 0.000499725 12.4667
    endloop
  endfacet
  facet normal 0 -1 -0
    outer loop
      vertex 38.6784 0.000499725 14.2454
      vertex 35.7139 0.000499725 6.30826
      vertex 40.2013 0.000499725 11.1399
    endloop
  endfacet
  facet normal 0 -1 -0
    outer loop
      vertex 40.2013 0.000499725 11.1399
      vertex 35.7139 0.000499725 6.30826
      vertex 40.5363 0.000499725 10.4966
    endloop
  endfacet
  facet normal 0 -1 0
    outer loop
      vertex 35.8336 0.000499725 6.22869
      vertex 40.5363 0.000499725 10.4966
      vertex 35.7139 0.000499725 6.30826
    endloop
  endfacet
  facet normal 0 -1 0
    outer loop
      vertex 36.4129 0.000499725 5.8505
      vertex 40.5363 0.000499725 10.4966
      vertex 35.8336 0.000499725 6.22869
    endloop
  endfacet
  facet normal 0 -1 0
    outer loop
      vertex 42.8242 0.000499725 6.41076
      vertex 42.3605 0.000499725 8.30847
      vertex 41.5645 0.000499725 8.59858
    endloop
  endfacet
  facet normal 0 -1 -0
    outer loop
      vertex 40.5363 0.000499725 10.4966
      vertex 36.4129 0.000499725 5.8505
      vertex 40.8778 0.000499725 9.8539
    endloop
  endfacet
  facet normal 0 -1 0
    outer loop
      vertex 37.0051 0.000499725 5.47074
      vertex 40.8778 0.000499725 9.8539
      vertex 36.4129 0.000499725 5.8505
    endloop
  endfacet
  facet normal 0 -1 -0
    outer loop
      vertex 40.8778 0.000499725 9.8539
      vertex 37.0051 0.000499725 5.47074
      vertex 41.2274 0.000499725 9.20877
    endloop
  endfacet
  facet normal 0 -1 0
    outer loop
      vertex 37.6107 0.000499725 5.08936
      vertex 41.2274 0.000499725 9.20877
      vertex 37.0051 0.000499725 5.47074
    endloop
  endfacet
  facet normal 0 -1 -0
    outer loop
      vertex 41.2274 0.000499725 9.20877
      vertex 37.6107 0.000499725 5.08936
      vertex 41.5645 0.000499725 8.59858
    endloop
  endfacet
  facet normal 0 -1 0
    outer loop
      vertex 38.2302 0.000499725 4.70635
      vertex 41.5645 0.000499725 8.59858
      vertex 37.6107 0.000499725 5.08936
    endloop
  endfacet
  facet normal 0 -1 0
    outer loop
      vertex 42.3605 0.000499725 8.30847
      vertex 42.8242 0.000499725 6.41076
      vertex 43.1565 0.000499725 7.03707
    endloop
  endfacet
  facet normal 0 -1 0
    outer loop
      vertex 38.8638 0.000499725 4.32166
      vertex 41.5645 0.000499725 8.59858
      vertex 38.2302 0.000499725 4.70635
    endloop
  endfacet
  facet normal 0 -1 -0
    outer loop
      vertex 41.5645 0.000499725 8.59858
      vertex 38.8638 0.000499725 4.32166
      vertex 42.8242 0.000499725 6.41076
    endloop
  endfacet
  facet normal 0 -1 0
    outer loop
      vertex 39.5122 0.000499725 3.93527
      vertex 42.8242 0.000499725 6.41076
      vertex 38.8638 0.000499725 4.32166
    endloop
  endfacet
  facet normal 0 -1 0
    outer loop
      vertex 40.1758 0.000499725 3.54715
      vertex 42.8242 0.000499725 6.41076
      vertex 39.5122 0.000499725 3.93527
    endloop
  endfacet
  facet normal 0 -1 -0
    outer loop
      vertex 42.8242 0.000499725 6.41076
      vertex 40.1758 0.000499725 3.54715
      vertex 43.222 0.000499725 5.74756
    endloop
  endfacet
  facet normal 0 -1 0
    outer loop
      vertex 40.8551 0.000499725 3.15728
      vertex 43.222 0.000499725 5.74756
      vertex 40.1758 0.000499725 3.54715
    endloop
  endfacet
  facet normal 0 -1 -0
    outer loop
      vertex 43.222 0.000499725 5.74756
      vertex 40.8551 0.000499725 3.15728
      vertex 43.6269 0.000499725 5.08485
    endloop
  endfacet
  facet normal 0 -1 0
    outer loop
      vertex 41.5506 0.000499725 2.76562
      vertex 43.6269 0.000499725 5.08485
      vertex 40.8551 0.000499725 3.15728
    endloop
  endfacet
  facet normal 0 -1 -0
    outer loop
      vertex 43.6269 0.000499725 5.08485
      vertex 41.5506 0.000499725 2.76562
      vertex 44.0415 0.000499725 4.41895
    endloop
  endfacet
  facet normal 0 -1 0
    outer loop
      vertex 42.2629 0.000499725 2.37215
      vertex 44.0415 0.000499725 4.41895
      vertex 41.5506 0.000499725 2.76562
    endloop
  endfacet
  facet normal 0 -1 -0
    outer loop
      vertex 44.0415 0.000499725 4.41895
      vertex 42.2629 0.000499725 2.37215
      vertex 44.1633 0.000499725 4.22551
    endloop
  endfacet
  facet normal 0 -1 0
    outer loop
      vertex 42.9926 0.000499725 1.97685
      vertex 44.1633 0.000499725 4.22551
      vertex 42.2629 0.000499725 2.37215
    endloop
  endfacet
  facet normal 0 -1 0
    outer loop
      vertex 43.7402 0.000499725 1.5797
      vertex 44.1633 0.000499725 4.22551
      vertex 42.9926 0.000499725 1.97685
    endloop
  endfacet
  facet normal 0 -1 0
    outer loop
      vertex 44.5064 0.000499725 1.18066
      vertex 44.1633 0.000499725 4.22551
      vertex 43.7402 0.000499725 1.5797
    endloop
  endfacet
  facet normal 0 -1 0
    outer loop
      vertex 44.1633 0.000499725 4.22551
      vertex 44.5064 0.000499725 1.18066
      vertex 47.0505 0.000499725 3.4106
    endloop
  endfacet
  facet normal 0 -1 0
    outer loop
      vertex 45.2919 0.000499725 0.77974
      vertex 47.0505 0.000499725 3.4106
      vertex 44.5064 0.000499725 1.18066
    endloop
  endfacet
  facet normal 0 -1 0
    outer loop
      vertex 46.0973 0.000499725 0.376902
      vertex 47.0505 0.000499725 3.4106
      vertex 45.2919 0.000499725 0.77974
    endloop
  endfacet
  facet normal 0 -1 0
    outer loop
      vertex 46.0973 0.000499725 0.376902
      vertex 47.0505 0.000499725 0.150002
      vertex 47.0505 0.000499725 3.4106
    endloop
  endfacet
  facet normal 0 -1 0
    outer loop
      vertex 46.8349 0.000499725 0.0150871
      vertex 47.0505 0.000499725 0.150002
      vertex 46.0973 0.000499725 0.376902
    endloop
  endfacet
  facet normal 0 -1 -0
    outer loop
      vertex 47.0505 0.000499725 0.150002
      vertex 46.8349 0.000499725 0.0150871
      vertex 47.0505 0.000499725 0.148691
    endloop
  endfacet
  facet normal 0 -1 -0
    outer loop
      vertex 47.0505 0.000499725 0.148691
      vertex 46.8349 0.000499725 0.0150871
      vertex 47.0505 0.000499725 0.147387
    endloop
  endfacet
  facet normal 0 -1 0
    outer loop
      vertex 47.0505 0.000499725 0.147387
      vertex 46.8349 0.000499725 0.0150871
      vertex 47.0504 0.000499725 0.146075
    endloop
  endfacet
  facet normal 0 -1 -0
    outer loop
      vertex 47.0504 0.000499725 0.146075
      vertex 46.8349 0.000499725 0.0150871
      vertex 47.0504 0.000499725 0.144772
    endloop
  endfacet
  facet normal 0 -1 0
    outer loop
      vertex 47.0504 0.000499725 0.144772
      vertex 46.8349 0.000499725 0.0150871
      vertex 47.0503 0.000499725 0.14346
    endloop
  endfacet
  facet normal 0 -1 -0
    outer loop
      vertex 47.0503 0.000499725 0.14346
      vertex 46.8349 0.000499725 0.0150871
      vertex 47.0503 0.000499725 0.142157
    endloop
  endfacet
  facet normal 0 -1 0
    outer loop
      vertex 47.0503 0.000499725 0.142157
      vertex 46.8349 0.000499725 0.0150871
      vertex 47.0502 0.000499725 0.140845
    endloop
  endfacet
  facet normal 0 -1 0
    outer loop
      vertex 47.0502 0.000499725 0.140845
      vertex 46.8349 0.000499725 0.0150871
      vertex 47.0501 0.000499725 0.139542
    endloop
  endfacet
  facet normal 0 -1 0
    outer loop
      vertex 47.0501 0.000499725 0.139542
      vertex 46.8349 0.000499725 0.0150871
      vertex 47.05 0.000499725 0.138238
    endloop
  endfacet
  facet normal 0 -1 0
    outer loop
      vertex 47.05 0.000499725 0.138238
      vertex 46.8349 0.000499725 0.0150871
      vertex 47.0499 0.000499725 0.136933
    endloop
  endfacet
  facet normal 0 -1 0
    outer loop
      vertex 47.0499 0.000499725 0.136933
      vertex 46.8349 0.000499725 0.0150871
      vertex 47.0498 0.000499725 0.13563
    endloop
  endfacet
  facet normal 0 -1 0
    outer loop
      vertex 47.0498 0.000499725 0.13563
      vertex 46.8349 0.000499725 0.0150871
      vertex 47.0497 0.000499725 0.134334
    endloop
  endfacet
  facet normal 0 -1 0
    outer loop
      vertex 47.0497 0.000499725 0.134334
      vertex 46.8349 0.000499725 0.0150871
      vertex 47.0495 0.000499725 0.13303
    endloop
  endfacet
  facet normal 0 -1 0
    outer loop
      vertex 47.0495 0.000499725 0.13303
      vertex 46.8349 0.000499725 0.0150871
      vertex 47.0494 0.000499725 0.131733
    endloop
  endfacet
  facet normal 0 -1 0
    outer loop
      vertex 47.0494 0.000499725 0.131733
      vertex 46.8349 0.000499725 0.0150871
      vertex 47.0492 0.000499725 0.130437
    endloop
  endfacet
  facet normal 0 -1 0
    outer loop
      vertex 47.0492 0.000499725 0.130437
      vertex 46.8349 0.000499725 0.0150871
      vertex 47.049 0.000499725 0.129141
    endloop
  endfacet
  facet normal 0 -1 0
    outer loop
      vertex 47.049 0.000499725 0.129141
      vertex 46.8349 0.000499725 0.0150871
      vertex 47.0488 0.000499725 0.127844
    endloop
  endfacet
  facet normal 0 -1 0
    outer loop
      vertex 47.0488 0.000499725 0.127844
      vertex 46.8349 0.000499725 0.0150871
      vertex 47.0486 0.000499725 0.126548
    endloop
  endfacet
  facet normal 0 -1 0
    outer loop
      vertex 47.0486 0.000499725 0.126548
      vertex 46.8349 0.000499725 0.0150871
      vertex 47.0484 0.000499725 0.125258
    endloop
  endfacet
  facet normal 0 -1 0
    outer loop
      vertex 47.0484 0.000499725 0.125258
      vertex 46.8349 0.000499725 0.0150871
      vertex 47.0482 0.000499725 0.12397
    endloop
  endfacet
  facet normal 0 -1 0
    outer loop
      vertex 47.0482 0.000499725 0.12397
      vertex 46.8349 0.000499725 0.0150871
      vertex 47.048 0.000499725 0.122681
    endloop
  endfacet
  facet normal 0 -1 0
    outer loop
      vertex 47.048 0.000499725 0.122681
      vertex 46.8349 0.000499725 0.0150871
      vertex 47.0477 0.000499725 0.121399
    endloop
  endfacet
  facet normal 0 -1 0
    outer loop
      vertex 47.0477 0.000499725 0.121399
      vertex 46.8349 0.000499725 0.0150871
      vertex 47.0475 0.000499725 0.120118
    endloop
  endfacet
  facet normal 0 -1 0
    outer loop
      vertex 47.0475 0.000499725 0.120118
      vertex 46.8349 0.000499725 0.0150871
      vertex 47.0472 0.000499725 0.118836
    endloop
  endfacet
  facet normal 0 -1 0
    outer loop
      vertex 47.0472 0.000499725 0.118836
      vertex 46.8349 0.000499725 0.0150871
      vertex 47.0469 0.000499725 0.117555
    endloop
  endfacet
  facet normal 0 -1 0
    outer loop
      vertex 47.0469 0.000499725 0.117555
      vertex 46.8349 0.000499725 0.0150871
      vertex 47.0466 0.000499725 0.116281
    endloop
  endfacet
  facet normal 0 -1 0
    outer loop
      vertex 47.0466 0.000499725 0.116281
      vertex 46.8349 0.000499725 0.0150871
      vertex 47.0463 0.000499725 0.115006
    endloop
  endfacet
  facet normal 0 -1 0
    outer loop
      vertex 47.0463 0.000499725 0.115006
      vertex 46.8349 0.000499725 0.0150871
      vertex 47.046 0.000499725 0.113732
    endloop
  endfacet
  facet normal 0 -1 0
    outer loop
      vertex 47.046 0.000499725 0.113732
      vertex 46.8349 0.000499725 0.0150871
      vertex 47.0457 0.000499725 0.112466
    endloop
  endfacet
  facet normal 0 -1 0
    outer loop
      vertex 47.0457 0.000499725 0.112466
      vertex 46.8349 0.000499725 0.0150871
      vertex 47.0454 0.000499725 0.111199
    endloop
  endfacet
  facet normal 0 -1 0
    outer loop
      vertex 47.0454 0.000499725 0.111199
      vertex 46.8349 0.000499725 0.0150871
      vertex 47.045 0.000499725 0.109941
    endloop
  endfacet
  facet normal 0 -1 0
    outer loop
      vertex 47.045 0.000499725 0.109941
      vertex 46.8349 0.000499725 0.0150871
      vertex 47.0447 0.000499725 0.108681
    endloop
  endfacet
  facet normal 0 -1 0
    outer loop
      vertex 47.0447 0.000499725 0.108681
      vertex 46.8349 0.000499725 0.0150871
      vertex 47.0443 0.000499725 0.10743
    endloop
  endfacet
  facet normal 0 -1 0
    outer loop
      vertex 47.0443 0.000499725 0.10743
      vertex 46.8349 0.000499725 0.0150871
      vertex 47.0439 0.000499725 0.106171
    endloop
  endfacet
  facet normal 0 -1 0
    outer loop
      vertex 47.0439 0.000499725 0.106171
      vertex 46.8349 0.000499725 0.0150871
      vertex 47.0436 0.000499725 0.104926
    endloop
  endfacet
  facet normal 0 -1 0
    outer loop
      vertex 47.0436 0.000499725 0.104926
      vertex 46.8349 0.000499725 0.0150871
      vertex 47.0432 0.000499725 0.103674
    endloop
  endfacet
  facet normal 0 -1 0
    outer loop
      vertex 47.0432 0.000499725 0.103674
      vertex 46.8349 0.000499725 0.0150871
      vertex 47.0427 0.000499725 0.102438
    endloop
  endfacet
  facet normal 0 -1 0
    outer loop
      vertex 47.0427 0.000499725 0.102438
      vertex 46.8349 0.000499725 0.0150871
      vertex 47.0423 0.000499725 0.101193
    endloop
  endfacet
  facet normal 0 -1 0
    outer loop
      vertex 47.0423 0.000499725 0.101193
      vertex 46.8349 0.000499725 0.0150871
      vertex 47.0419 0.000499725 0.0999641
    endloop
  endfacet
  facet normal 0 -1 0
    outer loop
      vertex 47.0419 0.000499725 0.0999641
      vertex 46.8349 0.000499725 0.0150871
      vertex 47.0415 0.000499725 0.0987272
    endloop
  endfacet
  facet normal 0 -1 0
    outer loop
      vertex 47.0415 0.000499725 0.0987272
      vertex 46.8349 0.000499725 0.0150871
      vertex 47.041 0.000499725 0.0975056
    endloop
  endfacet
  facet normal 0 -1 0
    outer loop
      vertex 47.041 0.000499725 0.0975056
      vertex 46.8349 0.000499725 0.0150871
      vertex 47.0405 0.000499725 0.0962763
    endloop
  endfacet
  facet normal 0 -1 0
    outer loop
      vertex 47.0405 0.000499725 0.0962763
      vertex 46.8349 0.000499725 0.0150871
      vertex 47.0401 0.000499725 0.0950613
    endloop
  endfacet
  facet normal 0 -1 0
    outer loop
      vertex 47.0401 0.000499725 0.0950613
      vertex 46.8349 0.000499725 0.0150871
      vertex 47.0396 0.000499725 0.0938473
    endloop
  endfacet
  facet normal 0 -1 0
    outer loop
      vertex 47.0396 0.000499725 0.0938473
      vertex 46.8349 0.000499725 0.0150871
      vertex 47.0391 0.000499725 0.0926323
    endloop
  endfacet
  facet normal 0 -1 0
    outer loop
      vertex 47.0391 0.000499725 0.0926323
      vertex 46.8349 0.000499725 0.0150871
      vertex 47.0386 0.000499725 0.0914259
    endloop
  endfacet
  facet normal 0 -1 0
    outer loop
      vertex 47.0386 0.000499725 0.0914259
      vertex 46.8349 0.000499725 0.0150871
      vertex 47.0381 0.000499725 0.0902262
    endloop
  endfacet
  facet normal 0 -1 0
    outer loop
      vertex 47.0381 0.000499725 0.0902262
      vertex 46.8349 0.000499725 0.0150871
      vertex 47.0375 0.000499725 0.0890265
    endloop
  endfacet
  facet normal 0 -1 0
    outer loop
      vertex 47.0375 0.000499725 0.0890265
      vertex 46.8349 0.000499725 0.0150871
      vertex 47.037 0.000499725 0.0878344
    endloop
  endfacet
  facet normal 0 -1 0
    outer loop
      vertex 47.037 0.000499725 0.0878344
      vertex 46.8349 0.000499725 0.0150871
      vertex 47.0365 0.000499725 0.0866499
    endloop
  endfacet
  facet normal 0 -1 0
    outer loop
      vertex 47.0365 0.000499725 0.0866499
      vertex 46.8349 0.000499725 0.0150871
      vertex 47.0359 0.000499725 0.0854654
    endloop
  endfacet
  facet normal 0 -1 0
    outer loop
      vertex 47.0359 0.000499725 0.0854654
      vertex 46.8349 0.000499725 0.0150871
      vertex 47.0353 0.000499725 0.0842876
    endloop
  endfacet
  facet normal 0 -1 0
    outer loop
      vertex 47.0353 0.000499725 0.0842876
      vertex 46.8349 0.000499725 0.0150871
      vertex 47.0347 0.000499725 0.0831108
    endloop
  endfacet
  facet normal 0 -1 0
    outer loop
      vertex 47.0347 0.000499725 0.0831108
      vertex 46.8349 0.000499725 0.0150871
      vertex 47.0342 0.000499725 0.0819407
    endloop
  endfacet
  facet normal 0 -1 0
    outer loop
      vertex 47.0342 0.000499725 0.0819407
      vertex 46.8349 0.000499725 0.0150871
      vertex 47.0336 0.000499725 0.0807791
    endloop
  endfacet
  facet normal 0 -1 0
    outer loop
      vertex 47.0336 0.000499725 0.0807791
      vertex 46.8349 0.000499725 0.0150871
      vertex 47.033 0.000499725 0.0796242
    endloop
  endfacet
  facet normal 0 -1 0
    outer loop
      vertex 47.033 0.000499725 0.0796242
      vertex 46.8349 0.000499725 0.0150871
      vertex 47.0323 0.000499725 0.0784693
    endloop
  endfacet
  facet normal 0 -1 0
    outer loop
      vertex 47.0323 0.000499725 0.0784693
      vertex 46.8349 0.000499725 0.0150871
      vertex 47.0317 0.000499725 0.077322
    endloop
  endfacet
  facet normal 0 -1 0
    outer loop
      vertex 47.0317 0.000499725 0.077322
      vertex 46.8349 0.000499725 0.0150871
      vertex 47.0311 0.000499725 0.0761814
    endloop
  endfacet
  facet normal 0 -1 0
    outer loop
      vertex 47.0311 0.000499725 0.0761814
      vertex 46.8349 0.000499725 0.0150871
      vertex 47.0304 0.000499725 0.0750494
    endloop
  endfacet
  facet normal 0 -1 0
    outer loop
      vertex 47.0304 0.000499725 0.0750494
      vertex 46.8349 0.000499725 0.0150871
      vertex 47.0298 0.000499725 0.0739164
    endloop
  endfacet
  facet normal 0 -1 0
    outer loop
      vertex 47.0298 0.000499725 0.0739164
      vertex 46.8349 0.000499725 0.0150871
      vertex 47.0291 0.000499725 0.0727921
    endloop
  endfacet
  facet normal 0 -1 0
    outer loop
      vertex 47.0291 0.000499725 0.0727921
      vertex 46.8349 0.000499725 0.0150871
      vertex 47.0284 0.000499725 0.0716743
    endloop
  endfacet
  facet normal 0 -1 0
    outer loop
      vertex 47.0284 0.000499725 0.0716743
      vertex 46.8349 0.000499725 0.0150871
      vertex 47.0277 0.000499725 0.0705643
    endloop
  endfacet
  facet normal 0 -1 0
    outer loop
      vertex 47.0277 0.000499725 0.0705643
      vertex 46.8349 0.000499725 0.0150871
      vertex 47.027 0.000499725 0.0694542
    endloop
  endfacet
  facet normal 0 -1 0
    outer loop
      vertex 47.027 0.000499725 0.0694542
      vertex 46.8349 0.000499725 0.0150871
      vertex 47.0263 0.000499725 0.0683508
    endloop
  endfacet
  facet normal 0 -1 0
    outer loop
      vertex 47.0263 0.000499725 0.0683508
      vertex 46.8349 0.000499725 0.0150871
      vertex 47.0256 0.000499725 0.067256
    endloop
  endfacet
  facet normal 0 -1 0
    outer loop
      vertex 47.0256 0.000499725 0.067256
      vertex 46.8349 0.000499725 0.0150871
      vertex 47.0249 0.000499725 0.0661678
    endloop
  endfacet
  facet normal 0 -1 0
    outer loop
      vertex 47.0249 0.000499725 0.0661678
      vertex 46.8349 0.000499725 0.0150871
      vertex 47.0241 0.000499725 0.0650883
    endloop
  endfacet
  facet normal 0 -1 0
    outer loop
      vertex 47.0241 0.000499725 0.0650883
      vertex 46.8349 0.000499725 0.0150871
      vertex 47.0234 0.000499725 0.0640154
    endloop
  endfacet
  facet normal 0 -1 0
    outer loop
      vertex 47.0234 0.000499725 0.0640154
      vertex 46.8349 0.000499725 0.0150871
      vertex 47.0226 0.000499725 0.0629492
    endloop
  endfacet
  facet normal 0 -1 0
    outer loop
      vertex 47.0226 0.000499725 0.0629492
      vertex 46.8349 0.000499725 0.0150871
      vertex 47.0219 0.000499725 0.0618839
    endloop
  endfacet
  facet normal 0 -1 0
    outer loop
      vertex 47.0219 0.000499725 0.0618839
      vertex 46.8349 0.000499725 0.0150871
      vertex 47.0211 0.000499725 0.0608263
    endloop
  endfacet
  facet normal 0 -1 0
    outer loop
      vertex 47.0211 0.000499725 0.0608263
      vertex 46.8349 0.000499725 0.0150871
      vertex 47.0203 0.000499725 0.059783
    endloop
  endfacet
  facet normal 0 -1 0
    outer loop
      vertex 47.0203 0.000499725 0.059783
      vertex 46.8349 0.000499725 0.0150871
      vertex 47.0195 0.000499725 0.0587397
    endloop
  endfacet
  facet normal 0 -1 0
    outer loop
      vertex 47.0195 0.000499725 0.0587397
      vertex 46.8349 0.000499725 0.0150871
      vertex 47.0187 0.000499725 0.057704
    endloop
  endfacet
  facet normal 0 -1 0
    outer loop
      vertex 47.0187 0.000499725 0.057704
      vertex 46.8349 0.000499725 0.0150871
      vertex 47.0179 0.000499725 0.0566759
    endloop
  endfacet
  facet normal 0 -1 0
    outer loop
      vertex 47.0179 0.000499725 0.0566759
      vertex 46.8349 0.000499725 0.0150871
      vertex 47.0171 0.000499725 0.0556555
    endloop
  endfacet
  facet normal 0 -1 0
    outer loop
      vertex 47.0171 0.000499725 0.0556555
      vertex 46.8349 0.000499725 0.0150871
      vertex 47.0163 0.000499725 0.0546417
    endloop
  endfacet
  facet normal 0 -1 0
    outer loop
      vertex 47.0163 0.000499725 0.0546417
      vertex 46.8349 0.000499725 0.0150871
      vertex 47.0154 0.000499725 0.0536366
    endloop
  endfacet
  facet normal 0 -1 0
    outer loop
      vertex 47.0154 0.000499725 0.0536366
      vertex 46.8349 0.000499725 0.0150871
      vertex 47.0146 0.000499725 0.0526381
    endloop
  endfacet
  facet normal 0 -1 0
    outer loop
      vertex 47.0146 0.000499725 0.0526381
      vertex 46.8349 0.000499725 0.0150871
      vertex 47.0137 0.000499725 0.0516472
    endloop
  endfacet
  facet normal 0 -1 0
    outer loop
      vertex 47.0137 0.000499725 0.0516472
      vertex 46.8349 0.000499725 0.0150871
      vertex 47.0129 0.000499725 0.0506639
    endloop
  endfacet
  facet normal 0 -1 0
    outer loop
      vertex 47.0129 0.000499725 0.0506639
      vertex 46.8349 0.000499725 0.0150871
      vertex 47.012 0.000499725 0.0496874
    endloop
  endfacet
  facet normal 0 -1 0
    outer loop
      vertex 47.012 0.000499725 0.0496874
      vertex 46.8349 0.000499725 0.0150871
      vertex 47.0111 0.000499725 0.0487185
    endloop
  endfacet
  facet normal 0 -1 0
    outer loop
      vertex 47.0111 0.000499725 0.0487185
      vertex 46.8349 0.000499725 0.0150871
      vertex 47.0102 0.000499725 0.0477581
    endloop
  endfacet
  facet normal 0 -1 0
    outer loop
      vertex 47.0102 0.000499725 0.0477581
      vertex 46.8349 0.000499725 0.0150871
      vertex 47.0093 0.000499725 0.0468044
    endloop
  endfacet
  facet normal 0 -1 0
    outer loop
      vertex 47.0093 0.000499725 0.0468044
      vertex 46.8349 0.000499725 0.0150871
      vertex 47.0084 0.000499725 0.0458574
    endloop
  endfacet
  facet normal 0 -1 0
    outer loop
      vertex 47.0084 0.000499725 0.0458574
      vertex 46.8349 0.000499725 0.0150871
      vertex 47.0075 0.000499725 0.044919
    endloop
  endfacet
  facet normal 0 -1 0
    outer loop
      vertex 47.0075 0.000499725 0.044919
      vertex 46.8349 0.000499725 0.0150871
      vertex 47.0066 0.000499725 0.0439882
    endloop
  endfacet
  facet normal 0 -1 0
    outer loop
      vertex 47.0066 0.000499725 0.0439882
      vertex 46.8349 0.000499725 0.0150871
      vertex 47.0057 0.000499725 0.0430717
    endloop
  endfacet
  facet normal 0 -1 0
    outer loop
      vertex 47.0057 0.000499725 0.0430717
      vertex 46.8349 0.000499725 0.0150871
      vertex 47.0047 0.000499725 0.0421553
    endloop
  endfacet
  facet normal 0 -1 0
    outer loop
      vertex 47.0047 0.000499725 0.0421553
      vertex 46.8349 0.000499725 0.0150871
      vertex 47.0038 0.000499725 0.0412531
    endloop
  endfacet
  facet normal 0 -1 0
    outer loop
      vertex 47.0038 0.000499725 0.0412531
      vertex 46.8349 0.000499725 0.0150871
      vertex 47.0028 0.000499725 0.0403519
    endloop
  endfacet
  facet normal 0 -1 0
    outer loop
      vertex 47.0028 0.000499725 0.0403519
      vertex 46.8349 0.000499725 0.0150871
      vertex 47.0019 0.000499725 0.039465
    endloop
  endfacet
  facet normal 0 -1 0
    outer loop
      vertex 47.0019 0.000499725 0.039465
      vertex 46.8349 0.000499725 0.0150871
      vertex 47.0009 0.000499725 0.0385857
    endloop
  endfacet
  facet normal 0 -1 0
    outer loop
      vertex 47.0009 0.000499725 0.0385857
      vertex 46.8349 0.000499725 0.0150871
      vertex 46.9999 0.000499725 0.037714
    endloop
  endfacet
  facet normal 0 -1 0
    outer loop
      vertex 46.9999 0.000499725 0.037714
      vertex 46.8349 0.000499725 0.0150871
      vertex 46.999 0.000499725 0.03685
    endloop
  endfacet
  facet normal 0 -1 0
    outer loop
      vertex 46.999 0.000499725 0.03685
      vertex 46.8349 0.000499725 0.0150871
      vertex 46.998 0.000499725 0.0359936
    endloop
  endfacet
  facet normal 0 -1 0
    outer loop
      vertex 46.998 0.000499725 0.0359936
      vertex 46.8349 0.000499725 0.0150871
      vertex 46.997 0.000499725 0.0351515
    endloop
  endfacet
  facet normal 0 -1 0
    outer loop
      vertex 46.997 0.000499725 0.0351515
      vertex 46.8349 0.000499725 0.0150871
      vertex 46.996 0.000499725 0.034317
    endloop
  endfacet
  facet normal 0 -1 0
    outer loop
      vertex 46.996 0.000499725 0.034317
      vertex 46.8349 0.000499725 0.0150871
      vertex 46.995 0.000499725 0.0334826
    endloop
  endfacet
  facet normal 0 -1 0
    outer loop
      vertex 46.995 0.000499725 0.0334826
      vertex 46.8349 0.000499725 0.0150871
      vertex 46.9939 0.000499725 0.0326633
    endloop
  endfacet
  facet normal 0 -1 0
    outer loop
      vertex 46.9939 0.000499725 0.0326633
      vertex 46.8349 0.000499725 0.0150871
      vertex 46.9919 0.000499725 0.0310535
    endloop
  endfacet
  facet normal 0 -1 0
    outer loop
      vertex 46.9919 0.000499725 0.0310535
      vertex 46.8349 0.000499725 0.0150871
      vertex 46.9908 0.000499725 0.0302639
    endloop
  endfacet
  facet normal 0 -1 0
    outer loop
      vertex 46.9908 0.000499725 0.0302639
      vertex 46.8349 0.000499725 0.0150871
      vertex 46.9898 0.000499725 0.0294819
    endloop
  endfacet
  facet normal 0 -1 0
    outer loop
      vertex 46.9898 0.000499725 0.0294819
      vertex 46.8349 0.000499725 0.0150871
      vertex 46.9887 0.000499725 0.0287066
    endloop
  endfacet
  facet normal 0 -1 0
    outer loop
      vertex 46.9887 0.000499725 0.0287066
      vertex 46.8349 0.000499725 0.0150871
      vertex 46.9877 0.000499725 0.0279388
    endloop
  endfacet
  facet normal 0 -1 0
    outer loop
      vertex 46.9877 0.000499725 0.0279388
      vertex 46.8349 0.000499725 0.0150871
      vertex 46.9866 0.000499725 0.0271864
    endloop
  endfacet
  facet normal 0 -1 0
    outer loop
      vertex 46.9866 0.000499725 0.0271864
      vertex 46.8349 0.000499725 0.0150871
      vertex 46.9855 0.000499725 0.0264339
    endloop
  endfacet
  facet normal 0 -1 0
    outer loop
      vertex 46.9855 0.000499725 0.0264339
      vertex 46.8349 0.000499725 0.0150871
      vertex 46.9844 0.000499725 0.0256968
    endloop
  endfacet
  facet normal 0 -1 0
    outer loop
      vertex 46.9844 0.000499725 0.0256968
      vertex 46.8349 0.000499725 0.0150871
      vertex 46.9834 0.000499725 0.0249739
    endloop
  endfacet
  facet normal 0 -1 0
    outer loop
      vertex 46.9834 0.000499725 0.0249739
      vertex 46.8349 0.000499725 0.0150871
      vertex 46.9823 0.000499725 0.024251
    endloop
  endfacet
  facet normal 0 -1 0
    outer loop
      vertex 46.9823 0.000499725 0.024251
      vertex 46.8349 0.000499725 0.0150871
      vertex 46.9812 0.000499725 0.0235434
    endloop
  endfacet
  facet normal 0 -1 0
    outer loop
      vertex 46.9812 0.000499725 0.0235434
      vertex 46.8349 0.000499725 0.0150871
      vertex 46.9801 0.000499725 0.02285
    endloop
  endfacet
  facet normal 0 -1 0
    outer loop
      vertex 46.9801 0.000499725 0.02285
      vertex 46.8349 0.000499725 0.0150871
      vertex 46.979 0.000499725 0.0221577
    endloop
  endfacet
  facet normal 0 -1 0
    outer loop
      vertex 46.979 0.000499725 0.0221577
      vertex 46.8349 0.000499725 0.0150871
      vertex 46.9778 0.000499725 0.0214796
    endloop
  endfacet
  facet normal 0 -1 0
    outer loop
      vertex 46.9778 0.000499725 0.0214796
      vertex 46.8349 0.000499725 0.0150871
      vertex 46.9767 0.000499725 0.0208092
    endloop
  endfacet
  facet normal 0 -1 0
    outer loop
      vertex 46.9767 0.000499725 0.0208092
      vertex 46.8349 0.000499725 0.0150871
      vertex 46.9756 0.000499725 0.020153
    endloop
  endfacet
  facet normal 0 -1 0
    outer loop
      vertex 46.9756 0.000499725 0.020153
      vertex 46.8349 0.000499725 0.0150871
      vertex 46.9744 0.000499725 0.0194979
    endloop
  endfacet
  facet normal 0 -1 0
    outer loop
      vertex 46.9744 0.000499725 0.0194979
      vertex 46.8349 0.000499725 0.0150871
      vertex 46.9733 0.000499725 0.018857
    endloop
  endfacet
  facet normal 0 -1 0
    outer loop
      vertex 46.9733 0.000499725 0.018857
      vertex 46.8349 0.000499725 0.0150871
      vertex 46.9722 0.000499725 0.0182314
    endloop
  endfacet
  facet normal 0 -1 0
    outer loop
      vertex 46.9722 0.000499725 0.0182314
      vertex 46.8349 0.000499725 0.0150871
      vertex 46.971 0.000499725 0.0176125
    endloop
  endfacet
  facet normal 0 -1 0
    outer loop
      vertex 46.971 0.000499725 0.0176125
      vertex 46.8349 0.000499725 0.0150871
      vertex 46.9698 0.000499725 0.0170021
    endloop
  endfacet
  facet normal 0 -1 0
    outer loop
      vertex 46.9698 0.000499725 0.0170021
      vertex 46.8349 0.000499725 0.0150871
      vertex 46.9687 0.000499725 0.0163984
    endloop
  endfacet
  facet normal 0 -1 0
    outer loop
      vertex 46.9687 0.000499725 0.0163984
      vertex 46.8349 0.000499725 0.0150871
      vertex 46.9675 0.000499725 0.01581
    endloop
  endfacet
  facet normal 0 -1 0
    outer loop
      vertex 46.9675 0.000499725 0.01581
      vertex 46.8349 0.000499725 0.0150871
      vertex 46.9663 0.000499725 0.0152283
    endloop
  endfacet
  facet normal 0 -1 0
    outer loop
      vertex 46.8349 0.000499725 0.0150871
      vertex 46.9652 0.000499725 0.0146627
      vertex 46.9663 0.000499725 0.0152283
    endloop
  endfacet
  facet normal 0 -1 0
    outer loop
      vertex 46.8361 0.000499725 0.0145206
      vertex 46.9652 0.000499725 0.0146627
      vertex 46.8349 0.000499725 0.0150871
    endloop
  endfacet
  facet normal 0 -1 0
    outer loop
      vertex 46.8361 0.000499725 0.0145206
      vertex 46.964 0.000499725 0.0141039
      vertex 46.9652 0.000499725 0.0146627
    endloop
  endfacet
  facet normal 0 -1 0
    outer loop
      vertex 46.8373 0.000499725 0.0139694
      vertex 46.964 0.000499725 0.0141039
      vertex 46.8361 0.000499725 0.0145206
    endloop
  endfacet
  facet normal 0 -1 0
    outer loop
      vertex 46.8373 0.000499725 0.0139694
      vertex 46.9628 0.000499725 0.0135517
      vertex 46.964 0.000499725 0.0141039
    endloop
  endfacet
  facet normal 0 -1 0
    outer loop
      vertex 46.8385 0.000499725 0.0134182
      vertex 46.9628 0.000499725 0.0135517
      vertex 46.8373 0.000499725 0.0139694
    endloop
  endfacet
  facet normal 0 -1 0
    outer loop
      vertex 46.8385 0.000499725 0.0134182
      vertex 46.9616 0.000499725 0.0130157
      vertex 46.9628 0.000499725 0.0135517
    endloop
  endfacet
  facet normal 0 -1 0
    outer loop
      vertex 46.8397 0.000499725 0.0128813
      vertex 46.9616 0.000499725 0.0130157
      vertex 46.8385 0.000499725 0.0134182
    endloop
  endfacet
  facet normal 0 -1 0
    outer loop
      vertex 46.8397 0.000499725 0.0128813
      vertex 46.9604 0.000499725 0.0124865
      vertex 46.9616 0.000499725 0.0130157
    endloop
  endfacet
  facet normal 0 -1 0
    outer loop
      vertex 46.8409 0.000499725 0.0123596
      vertex 46.9604 0.000499725 0.0124865
      vertex 46.8397 0.000499725 0.0128813
    endloop
  endfacet
  facet normal 0 -1 0
    outer loop
      vertex 46.8409 0.000499725 0.0123596
      vertex 46.9592 0.000499725 0.0119724
      vertex 46.9604 0.000499725 0.0124865
    endloop
  endfacet
  facet normal 0 -1 0
    outer loop
      vertex 46.8421 0.000499725 0.0118456
      vertex 46.9592 0.000499725 0.0119724
      vertex 46.8409 0.000499725 0.0123596
    endloop
  endfacet
  facet normal 0 -1 0
    outer loop
      vertex 46.8421 0.000499725 0.0118456
      vertex 46.958 0.000499725 0.011466
      vertex 46.9592 0.000499725 0.0119724
    endloop
  endfacet
  facet normal 0 -1 0
    outer loop
      vertex 46.8433 0.000499725 0.0113392
      vertex 46.958 0.000499725 0.011466
      vertex 46.8421 0.000499725 0.0118456
    endloop
  endfacet
  facet normal 0 -1 0
    outer loop
      vertex 46.8433 0.000499725 0.0113392
      vertex 46.9568 0.000499725 0.0109673
      vertex 46.958 0.000499725 0.011466
    endloop
  endfacet
  facet normal 0 -1 0
    outer loop
      vertex 46.8445 0.000499725 0.010848
      vertex 46.9568 0.000499725 0.0109673
      vertex 46.8433 0.000499725 0.0113392
    endloop
  endfacet
  facet normal 0 -1 0
    outer loop
      vertex 46.8445 0.000499725 0.010848
      vertex 46.9556 0.000499725 0.0104828
      vertex 46.9568 0.000499725 0.0109673
    endloop
  endfacet
  facet normal 0 -1 0
    outer loop
      vertex 46.8457 0.000499725 0.0103636
      vertex 46.9556 0.000499725 0.0104828
      vertex 46.8445 0.000499725 0.010848
    endloop
  endfacet
  facet normal 0 -1 0
    outer loop
      vertex 46.8457 0.000499725 0.0103636
      vertex 46.9544 0.000499725 0.010006
      vertex 46.9556 0.000499725 0.0104828
    endloop
  endfacet
  facet normal 0 -1 0
    outer loop
      vertex 46.8469 0.000499725 0.00989437
      vertex 46.9544 0.000499725 0.010006
      vertex 46.8457 0.000499725 0.0103636
    endloop
  endfacet
  facet normal 0 -1 0
    outer loop
      vertex 46.8469 0.000499725 0.00989437
      vertex 46.9531 0.000499725 0.00954342
      vertex 46.9544 0.000499725 0.010006
    endloop
  endfacet
  facet normal 0 -1 0
    outer loop
      vertex 46.8481 0.000499725 0.00943184
      vertex 46.9531 0.000499725 0.00954342
      vertex 46.8469 0.000499725 0.00989437
    endloop
  endfacet
  facet normal 0 -1 0
    outer loop
      vertex 46.8481 0.000499725 0.00943184
      vertex 46.9519 0.000499725 0.00908947
      vertex 46.9531 0.000499725 0.00954342
    endloop
  endfacet
  facet normal 0 -1 0
    outer loop
      vertex 46.8494 0.000499725 0.00897789
      vertex 46.9519 0.000499725 0.00908947
      vertex 46.8481 0.000499725 0.00943184
    endloop
  endfacet
  facet normal 0 -1 0
    outer loop
      vertex 46.8494 0.000499725 0.00897789
      vertex 46.9507 0.000499725 0.0086422
      vertex 46.9519 0.000499725 0.00908947
    endloop
  endfacet
  facet normal 0 -1 0
    outer loop
      vertex 46.8506 0.000499725 0.00853825
      vertex 46.9507 0.000499725 0.0086422
      vertex 46.8494 0.000499725 0.00897789
    endloop
  endfacet
  facet normal 0 -1 0
    outer loop
      vertex 46.8506 0.000499725 0.00853825
      vertex 46.9494 0.000499725 0.00821018
      vertex 46.9507 0.000499725 0.0086422
    endloop
  endfacet
  facet normal 0 -1 0
    outer loop
      vertex 46.8518 0.000499725 0.00810623
      vertex 46.9494 0.000499725 0.00821018
      vertex 46.8506 0.000499725 0.00853825
    endloop
  endfacet
  facet normal 0 -1 0
    outer loop
      vertex 46.8518 0.000499725 0.00810623
      vertex 46.9482 0.000499725 0.00779247
      vertex 46.9494 0.000499725 0.00821018
    endloop
  endfacet
  facet normal 0 -1 0
    outer loop
      vertex 46.8531 0.000499725 0.00768852
      vertex 46.9482 0.000499725 0.00779247
      vertex 46.8518 0.000499725 0.00810623
    endloop
  endfacet
  facet normal 0 -1 0
    outer loop
      vertex 46.8531 0.000499725 0.00768852
      vertex 46.947 0.000499725 0.00738335
      vertex 46.9482 0.000499725 0.00779247
    endloop
  endfacet
  facet normal 0 -1 0
    outer loop
      vertex 46.8543 0.000499725 0.00727844
      vertex 46.947 0.000499725 0.00738335
      vertex 46.8531 0.000499725 0.00768852
    endloop
  endfacet
  facet normal 0 -1 0
    outer loop
      vertex 46.8543 0.000499725 0.00727844
      vertex 46.9457 0.000499725 0.0069809
      vertex 46.947 0.000499725 0.00738335
    endloop
  endfacet
  facet normal 0 -1 0
    outer loop
      vertex 46.8556 0.000499725 0.00688362
      vertex 46.9457 0.000499725 0.0069809
      vertex 46.8543 0.000499725 0.00727844
    endloop
  endfacet
  facet normal 0 -1 0
    outer loop
      vertex 46.8556 0.000499725 0.00688362
      vertex 46.9445 0.000499725 0.0065937
      vertex 46.9457 0.000499725 0.0069809
    endloop
  endfacet
  facet normal 0 -1 0
    outer loop
      vertex 46.8568 0.000499725 0.00649643
      vertex 46.9445 0.000499725 0.0065937
      vertex 46.8556 0.000499725 0.00688362
    endloop
  endfacet
  facet normal 0 -1 0
    outer loop
      vertex 46.8568 0.000499725 0.00649643
      vertex 46.9432 0.000499725 0.00621319
      vertex 46.9445 0.000499725 0.0065937
    endloop
  endfacet
  facet normal 0 -1 0
    outer loop
      vertex 46.8581 0.000499725 0.00612354
      vertex 46.9432 0.000499725 0.00621319
      vertex 46.8568 0.000499725 0.00649643
    endloop
  endfacet
  facet normal 0 -1 0
    outer loop
      vertex 46.8581 0.000499725 0.00612354
      vertex 46.942 0.000499725 0.00584793
      vertex 46.9432 0.000499725 0.00621319
    endloop
  endfacet
  facet normal 0 -1 0
    outer loop
      vertex 46.8593 0.000499725 0.00575924
      vertex 46.942 0.000499725 0.00584793
      vertex 46.8581 0.000499725 0.00612354
    endloop
  endfacet
  facet normal 0 -1 0
    outer loop
      vertex 46.8593 0.000499725 0.00575924
      vertex 46.9407 0.000499725 0.0054903
      vertex 46.942 0.000499725 0.00584793
    endloop
  endfacet
  facet normal 0 -1 0
    outer loop
      vertex 46.8606 0.000499725 0.00540161
      vertex 46.9407 0.000499725 0.0054903
      vertex 46.8593 0.000499725 0.00575924
    endloop
  endfacet
  facet normal 0 -1 0
    outer loop
      vertex 46.8606 0.000499725 0.00540161
      vertex 46.9394 0.000499725 0.00514793
      vertex 46.9407 0.000499725 0.0054903
    endloop
  endfacet
  facet normal 0 -1 0
    outer loop
      vertex 46.8618 0.000499725 0.00505829
      vertex 46.9394 0.000499725 0.00514793
      vertex 46.8606 0.000499725 0.00540161
    endloop
  endfacet
  facet normal 0 -1 0
    outer loop
      vertex 46.8618 0.000499725 0.00505829
      vertex 46.9382 0.000499725 0.00481224
      vertex 46.9394 0.000499725 0.00514793
    endloop
  endfacet
  facet normal 0 -1 0
    outer loop
      vertex 46.8631 0.000499725 0.00473022
      vertex 46.9382 0.000499725 0.00481224
      vertex 46.8618 0.000499725 0.00505829
    endloop
  endfacet
  facet normal 0 -1 0
    outer loop
      vertex 46.8631 0.000499725 0.00473022
      vertex 46.9369 0.000499725 0.00448513
      vertex 46.9382 0.000499725 0.00481224
    endloop
  endfacet
  facet normal 0 -1 0
    outer loop
      vertex 46.8644 0.000499725 0.00441074
      vertex 46.9369 0.000499725 0.00448513
      vertex 46.8631 0.000499725 0.00473022
    endloop
  endfacet
  facet normal 0 -1 0
    outer loop
      vertex 46.8644 0.000499725 0.00441074
      vertex 46.9356 0.000499725 0.004179
      vertex 46.9369 0.000499725 0.00448513
    endloop
  endfacet
  facet normal 0 -1 0
    outer loop
      vertex 46.8657 0.000499725 0.00409698
      vertex 46.9356 0.000499725 0.004179
      vertex 46.8644 0.000499725 0.00441074
    endloop
  endfacet
  facet normal 0 -1 0
    outer loop
      vertex 46.8657 0.000499725 0.00409698
      vertex 46.9344 0.000499725 0.00387383
      vertex 46.9356 0.000499725 0.004179
    endloop
  endfacet
  facet normal 0 -1 0
    outer loop
      vertex 46.8669 0.000499725 0.00379944
      vertex 46.9344 0.000499725 0.00387383
      vertex 46.8657 0.000499725 0.00409698
    endloop
  endfacet
  facet normal 0 -1 0
    outer loop
      vertex 46.8669 0.000499725 0.00379944
      vertex 46.9331 0.000499725 0.00358295
      vertex 46.9344 0.000499725 0.00387383
    endloop
  endfacet
  facet normal 0 -1 0
    outer loop
      vertex 46.8682 0.000499725 0.0035162
      vertex 46.9331 0.000499725 0.00358295
      vertex 46.8669 0.000499725 0.00379944
    endloop
  endfacet
  facet normal 0 -1 0
    outer loop
      vertex 46.8682 0.000499725 0.0035162
      vertex 46.9318 0.000499725 0.00330734
      vertex 46.9331 0.000499725 0.00358295
    endloop
  endfacet
  facet normal 0 -1 0
    outer loop
      vertex 46.8695 0.000499725 0.00324059
      vertex 46.9318 0.000499725 0.00330734
      vertex 46.8682 0.000499725 0.0035162
    endloop
  endfacet
  facet normal 0 -1 0
    outer loop
      vertex 46.8695 0.000499725 0.00324059
      vertex 46.9305 0.000499725 0.00303936
      vertex 46.9318 0.000499725 0.00330734
    endloop
  endfacet
  facet normal 0 -1 0
    outer loop
      vertex 46.8708 0.000499725 0.0029726
      vertex 46.9305 0.000499725 0.00303936
      vertex 46.8695 0.000499725 0.00324059
    endloop
  endfacet
  facet normal 0 -1 0
    outer loop
      vertex 46.8708 0.000499725 0.0029726
      vertex 46.9292 0.000499725 0.00278568
      vertex 46.9305 0.000499725 0.00303936
    endloop
  endfacet
  facet normal 0 -1 0
    outer loop
      vertex 46.872 0.000499725 0.00271893
      vertex 46.9292 0.000499725 0.00278568
      vertex 46.8708 0.000499725 0.0029726
    endloop
  endfacet
  facet normal 0 -1 0
    outer loop
      vertex 46.872 0.000499725 0.00271893
      vertex 46.928 0.000499725 0.00254059
      vertex 46.9292 0.000499725 0.00278568
    endloop
  endfacet
  facet normal 0 -1 0
    outer loop
      vertex 46.8733 0.000499725 0.00248051
      vertex 46.928 0.000499725 0.00254059
      vertex 46.872 0.000499725 0.00271893
    endloop
  endfacet
  facet normal 0 -1 0
    outer loop
      vertex 46.8733 0.000499725 0.00248051
      vertex 46.9267 0.000499725 0.00230217
      vertex 46.928 0.000499725 0.00254059
    endloop
  endfacet
  facet normal 0 -1 0
    outer loop
      vertex 46.8746 0.000499725 0.00224972
      vertex 46.9267 0.000499725 0.00230217
      vertex 46.8733 0.000499725 0.00248051
    endloop
  endfacet
  facet normal 0 -1 0
    outer loop
      vertex 46.8746 0.000499725 0.00224972
      vertex 46.9254 0.000499725 0.00207806
      vertex 46.9267 0.000499725 0.00230217
    endloop
  endfacet
  facet normal 0 -1 0
    outer loop
      vertex 46.8759 0.000499725 0.00202656
      vertex 46.9254 0.000499725 0.00207806
      vertex 46.8746 0.000499725 0.00224972
    endloop
  endfacet
  facet normal 0 -1 0
    outer loop
      vertex 46.8759 0.000499725 0.00202656
      vertex 46.9241 0.000499725 0.0018692
      vertex 46.9254 0.000499725 0.00207806
    endloop
  endfacet
  facet normal 0 -1 0
    outer loop
      vertex 46.8772 0.000499725 0.0018177
      vertex 46.9241 0.000499725 0.0018692
      vertex 46.8759 0.000499725 0.00202656
    endloop
  endfacet
  facet normal 0 -1 0
    outer loop
      vertex 46.8772 0.000499725 0.0018177
      vertex 46.9228 0.000499725 0.00166893
      vertex 46.9241 0.000499725 0.0018692
    endloop
  endfacet
  facet normal 0 -1 0
    outer loop
      vertex 46.8785 0.000499725 0.00162411
      vertex 46.9228 0.000499725 0.00166893
      vertex 46.8772 0.000499725 0.0018177
    endloop
  endfacet
  facet normal 0 -1 0
    outer loop
      vertex 46.8785 0.000499725 0.00162411
      vertex 46.9215 0.000499725 0.00148201
      vertex 46.9228 0.000499725 0.00166893
    endloop
  endfacet
  facet normal 0 -1 0
    outer loop
      vertex 46.8798 0.000499725 0.00143719
      vertex 46.9215 0.000499725 0.00148201
      vertex 46.8785 0.000499725 0.00162411
    endloop
  endfacet
  facet normal 0 -1 0
    outer loop
      vertex 46.8798 0.000499725 0.00143719
      vertex 46.9202 0.000499725 0.00130367
      vertex 46.9215 0.000499725 0.00148201
    endloop
  endfacet
  facet normal 0 -1 0
    outer loop
      vertex 46.8811 0.000499725 0.00125885
      vertex 46.9202 0.000499725 0.00130367
      vertex 46.8798 0.000499725 0.00143719
    endloop
  endfacet
  facet normal 0 -1 0
    outer loop
      vertex 46.8811 0.000499725 0.00125885
      vertex 46.9189 0.000499725 0.00113964
      vertex 46.9202 0.000499725 0.00130367
    endloop
  endfacet
  facet normal 0 -1 0
    outer loop
      vertex 46.8824 0.000499725 0.00109482
      vertex 46.9189 0.000499725 0.00113964
      vertex 46.8811 0.000499725 0.00125885
    endloop
  endfacet
  facet normal 0 -1 0
    outer loop
      vertex 46.8824 0.000499725 0.00109482
      vertex 46.9176 0.000499725 0.000983238
      vertex 46.9189 0.000499725 0.00113964
    endloop
  endfacet
  facet normal 0 -1 0
    outer loop
      vertex 46.8837 0.000499725 0.000946045
      vertex 46.9176 0.000499725 0.000983238
      vertex 46.8824 0.000499725 0.00109482
    endloop
  endfacet
  facet normal 0 -1 0
    outer loop
      vertex 46.8837 0.000499725 0.000946045
      vertex 46.9163 0.000499725 0.000834465
      vertex 46.9176 0.000499725 0.000983238
    endloop
  endfacet
  facet normal 0 -1 0
    outer loop
      vertex 46.885 0.000499725 0.000803947
      vertex 46.9163 0.000499725 0.000834465
      vertex 46.8837 0.000499725 0.000946045
    endloop
  endfacet
  facet normal 0 -1 0
    outer loop
      vertex 46.885 0.000499725 0.000803947
      vertex 46.915 0.000499725 0.000707626
      vertex 46.9163 0.000499725 0.000834465
    endloop
  endfacet
  facet normal 0 -1 0
    outer loop
      vertex 46.8863 0.000499725 0.000677109
      vertex 46.915 0.000499725 0.000707626
      vertex 46.885 0.000499725 0.000803947
    endloop
  endfacet
  facet normal 0 -1 0
    outer loop
      vertex 46.8863 0.000499725 0.000677109
      vertex 46.9137 0.000499725 0.000580788
      vertex 46.915 0.000499725 0.000707626
    endloop
  endfacet
  facet normal 0 -1 0
    outer loop
      vertex 46.8876 0.000499725 0.000557899
      vertex 46.9137 0.000499725 0.000580788
      vertex 46.8863 0.000499725 0.000677109
    endloop
  endfacet
  facet normal 0 -1 0
    outer loop
      vertex 46.8876 0.000499725 0.000557899
      vertex 46.9124 0.000499725 0.000476837
      vertex 46.9137 0.000499725 0.000580788
    endloop
  endfacet
  facet normal 0 -1 0
    outer loop
      vertex 46.8889 0.000499725 0.00044632
      vertex 46.9124 0.000499725 0.000476837
      vertex 46.8876 0.000499725 0.000557899
    endloop
  endfacet
  facet normal 0 -1 0
    outer loop
      vertex 46.8889 0.000499725 0.00044632
      vertex 46.9111 0.000499725 0.000379562
      vertex 46.9124 0.000499725 0.000476837
    endloop
  endfacet
  facet normal 0 -1 0
    outer loop
      vertex 46.8902 0.000499725 0.000349998
      vertex 46.9111 0.000499725 0.000379562
      vertex 46.8889 0.000499725 0.00044632
    endloop
  endfacet
  facet normal 0 -1 0
    outer loop
      vertex 46.8902 0.000499725 0.000349998
      vertex 46.9098 0.000499725 0.000289917
      vertex 46.9111 0.000499725 0.000379562
    endloop
  endfacet
  facet normal 0 -1 0
    outer loop
      vertex 46.8915 0.000499725 0.000267982
      vertex 46.9098 0.000499725 0.000289917
      vertex 46.8902 0.000499725 0.000349998
    endloop
  endfacet
  facet normal 0 -1 0
    outer loop
      vertex 46.8915 0.000499725 0.000267982
      vertex 46.9085 0.000499725 0.00021553
      vertex 46.9098 0.000499725 0.000289917
    endloop
  endfacet
  facet normal 0 -1 0
    outer loop
      vertex 46.8928 0.000499725 0.000193596
      vertex 46.9085 0.000499725 0.00021553
      vertex 46.8915 0.000499725 0.000267982
    endloop
  endfacet
  facet normal 0 -1 0
    outer loop
      vertex 46.8928 0.000499725 0.000193596
      vertex 46.9072 0.000499725 0.000148773
      vertex 46.9085 0.000499725 0.00021553
    endloop
  endfacet
  facet normal 0 -1 0
    outer loop
      vertex 46.8941 0.000499725 0.000133514
      vertex 46.9072 0.000499725 0.000148773
      vertex 46.8928 0.000499725 0.000193596
    endloop
  endfacet
  facet normal 0 -1 0
    outer loop
      vertex 46.8941 0.000499725 0.000133514
      vertex 46.9059 0.000499725 9.63211e-05
      vertex 46.9072 0.000499725 0.000148773
    endloop
  endfacet
  facet normal 0 -1 0
    outer loop
      vertex 46.8954 0.000499725 8.86917e-05
      vertex 46.9059 0.000499725 9.63211e-05
      vertex 46.8941 0.000499725 0.000133514
    endloop
  endfacet
  facet normal 0 -1 0
    outer loop
      vertex 46.8954 0.000499725 8.86917e-05
      vertex 46.9046 0.000499725 5.14984e-05
      vertex 46.9059 0.000499725 9.63211e-05
    endloop
  endfacet
  facet normal 0 -1 0
    outer loop
      vertex 46.8967 0.000499725 4.3869e-05
      vertex 46.9046 0.000499725 5.14984e-05
      vertex 46.8954 0.000499725 8.86917e-05
    endloop
  endfacet
  facet normal 0 -1 0
    outer loop
      vertex 46.898 0.000499725 2.19345e-05
      vertex 46.9046 0.000499725 5.14984e-05
      vertex 46.8967 0.000499725 4.3869e-05
    endloop
  endfacet
  facet normal 0 -1 0
    outer loop
      vertex 46.898 0.000499725 2.19345e-05
      vertex 46.9033 0.000499725 2.19345e-05
      vertex 46.9046 0.000499725 5.14984e-05
    endloop
  endfacet
  facet normal 0 -1 0
    outer loop
      vertex 46.8993 0.000499725 6.67572e-06
      vertex 46.9033 0.000499725 2.19345e-05
      vertex 46.898 0.000499725 2.19345e-05
    endloop
  endfacet
  facet normal 0 -1 0
    outer loop
      vertex 46.8993 0.000499725 6.67572e-06
      vertex 46.902 0.000499725 6.67572e-06
      vertex 46.9033 0.000499725 2.19345e-05
    endloop
  endfacet
  facet normal -0 -1 0
    outer loop
      vertex 46.902 0.000499725 6.67572e-06
      vertex 46.8993 0.000499725 6.67572e-06
      vertex 46.9007 0.000499725 0
    endloop
  endfacet
  facet normal -0 -1 0
    outer loop
      vertex 33.5621 0.000499725 45.6498
      vertex 33.5621 0.000499725 46.0389
      vertex 32.1936 0.000499725 44.8598
    endloop
  endfacet
  facet normal -0.553592 -0 -0.832788
    outer loop
      vertex 35.7139 1.50875 6.30826
      vertex 35.8336 0.000499725 6.22869
      vertex 35.7139 0.000499725 6.30826
    endloop
  endfacet
  facet normal -0.553592 0 -0.832788
    outer loop
      vertex 35.7139 1.50875 6.30826
      vertex 35.8336 5.0005 6.22869
      vertex 35.8336 0.000499725 6.22869
    endloop
  endfacet
  facet normal -0.553592 0 -0.832788
    outer loop
      vertex 35.8336 5.0005 6.22869
      vertex 35.7139 1.50875 6.30826
      vertex 35.7139 5.0005 6.30826
    endloop
  endfacet
  facet normal -0.546563 -0 -0.837418
    outer loop
      vertex 35.8336 5.0005 6.22869
      vertex 36.0204 5.0005 6.10677
      vertex 35.8336 0.000499725 6.22869
    endloop
  endfacet
  facet normal -0.546659 5.09843e-06 -0.837355
    outer loop
      vertex 36.0204 5.0005 6.10677
      vertex 36.4129 0.000499725 5.8505
      vertex 35.8336 0.000499725 6.22869
    endloop
  endfacet
  facet normal -0.546704 -0 -0.837326
    outer loop
      vertex 36.4129 5.0005 5.8505
      vertex 36.4129 0.000499725 5.8505
      vertex 36.0204 5.0005 6.10677
    endloop
  endfacet
  facet normal -0.539772 -0 -0.841812
    outer loop
      vertex 36.4129 5.0005 5.8505
      vertex 36.6175 5.0005 5.71931
      vertex 36.4129 0.000499725 5.8505
    endloop
  endfacet
  facet normal -0.539812 2.32493e-06 -0.841786
    outer loop
      vertex 36.6175 5.0005 5.71931
      vertex 37.0051 0.000499725 5.47074
      vertex 36.4129 0.000499725 5.8505
    endloop
  endfacet
  facet normal -0.539833 -0 -0.841772
    outer loop
      vertex 37.0051 5.0005 5.47074
      vertex 37.0051 0.000499725 5.47074
      vertex 36.6175 5.0005 5.71931
    endloop
  endfacet
  facet normal -0.53278 -0 -0.846254
    outer loop
      vertex 37.0051 5.0005 5.47074
      vertex 37.2286 5.0005 5.33003
      vertex 37.0051 0.000499725 5.47074
    endloop
  endfacet
  facet normal -0.53289 6.83375e-06 -0.846185
    outer loop
      vertex 37.2286 5.0005 5.33003
      vertex 37.6107 0.000499725 5.08936
      vertex 37.0051 0.000499725 5.47074
    endloop
  endfacet
  facet normal -0.532954 -0 -0.846144
    outer loop
      vertex 37.6107 5.0005 5.08936
      vertex 37.6107 0.000499725 5.08936
      vertex 37.2286 5.0005 5.33003
    endloop
  endfacet
  facet normal -0.525859 -0 -0.850572
    outer loop
      vertex 37.6107 5.0005 5.08936
      vertex 37.8541 5.0005 4.93888
      vertex 37.6107 0.000499725 5.08936
    endloop
  endfacet
  facet normal -0.525868 6.24435e-07 -0.850566
    outer loop
      vertex 37.8541 5.0005 4.93888
      vertex 38.2302 0.000499725 4.70635
      vertex 37.6107 0.000499725 5.08936
    endloop
  endfacet
  facet normal -0.525874 -0 -0.850562
    outer loop
      vertex 38.2302 5.0005 4.70635
      vertex 38.2302 0.000499725 4.70635
      vertex 37.8541 5.0005 4.93888
    endloop
  endfacet
  facet normal -0.518982 -0 -0.854785
    outer loop
      vertex 38.2302 5.0005 4.70635
      vertex 38.4946 5.0005 4.54582
      vertex 38.2302 0.000499725 4.70635
    endloop
  endfacet
  facet normal -0.518982 6.15186e-08 -0.854785
    outer loop
      vertex 38.4946 5.0005 4.54582
      vertex 38.8638 0.000499725 4.32166
      vertex 38.2302 0.000499725 4.70635
    endloop
  endfacet
  facet normal -0.518983 -0 -0.854785
    outer loop
      vertex 38.8638 5.0005 4.32166
      vertex 38.8638 0.000499725 4.32166
      vertex 38.4946 5.0005 4.54582
    endloop
  endfacet
  facet normal -0.511849 -0 -0.859075
    outer loop
      vertex 38.8638 5.0005 4.32166
      vertex 39.1505 5.0005 4.15084
      vertex 38.8638 0.000499725 4.32166
    endloop
  endfacet
  facet normal -0.511912 4.8556e-06 -0.859038
    outer loop
      vertex 39.1505 5.0005 4.15084
      vertex 39.5122 0.000499725 3.93527
      vertex 38.8638 0.000499725 4.32166
    endloop
  endfacet
  facet normal -0.511961 -0 -0.859008
    outer loop
      vertex 39.5122 5.0005 3.93527
      vertex 39.5122 0.000499725 3.93527
      vertex 39.1505 5.0005 4.15084
    endloop
  endfacet
  facet normal -0.504926 -0 -0.863162
    outer loop
      vertex 39.5122 5.0005 3.93527
      vertex 39.8223 5.0005 3.75387
      vertex 39.5122 0.000499725 3.93527
    endloop
  endfacet
  facet normal -0.504861 -5.47058e-06 -0.863201
    outer loop
      vertex 39.8223 5.0005 3.75387
      vertex 40.1758 0.000499725 3.54715
      vertex 39.5122 0.000499725 3.93527
    endloop
  endfacet
  facet normal -0.504803 -0 -0.863235
    outer loop
      vertex 40.1758 5.0005 3.54715
      vertex 40.1758 0.000499725 3.54715
      vertex 39.8223 5.0005 3.75387
    endloop
  endfacet
  facet normal -0.497761 -0 -0.867314
    outer loop
      vertex 40.1758 5.0005 3.54715
      vertex 40.5108 5.0005 3.35489
      vertex 40.1758 0.000499725 3.54715
    endloop
  endfacet
  facet normal -0.497773 1.08066e-06 -0.867307
    outer loop
      vertex 40.5108 5.0005 3.35489
      vertex 40.8551 0.000499725 3.15728
      vertex 40.1758 0.000499725 3.54715
    endloop
  endfacet
  facet normal -0.497785 -0 -0.867301
    outer loop
      vertex 40.8551 5.0005 3.15728
      vertex 40.8551 0.000499725 3.15728
      vertex 40.5108 5.0005 3.35489
    endloop
  endfacet
  facet normal -0.490674 -0 -0.871344
    outer loop
      vertex 40.8551 5.0005 3.15728
      vertex 41.2163 5.0005 2.95388
      vertex 40.8551 0.000499725 3.15728
    endloop
  endfacet
  facet normal -0.490681 7.24633e-07 -0.871339
    outer loop
      vertex 41.2163 5.0005 2.95388
      vertex 41.5506 0.000499725 2.76562
      vertex 40.8551 0.000499725 3.15728
    endloop
  endfacet
  facet normal -0.490689 -0 -0.871335
    outer loop
      vertex 41.5506 5.0005 2.76562
      vertex 41.5506 0.000499725 2.76562
      vertex 41.2163 5.0005 2.95388
    endloop
  endfacet
  facet normal -0.483527 -0 -0.87533
    outer loop
      vertex 41.5506 5.0005 2.76562
      vertex 42.2629 0.000499725 2.37215
      vertex 41.5506 0.000499725 2.76562
    endloop
  endfacet
  facet normal -0.483498 5.28664e-06 -0.875345
    outer loop
      vertex 41.9355 5.0005 2.55302
      vertex 42.2629 0.000499725 2.37215
      vertex 41.5506 5.0005 2.76562
    endloop
  endfacet
  facet normal -0.483722 -1.38435e-05 -0.875222
    outer loop
      vertex 42.0733 5.0005 2.47686
      vertex 42.2629 0.000499725 2.37215
      vertex 41.9355 5.0005 2.55302
    endloop
  endfacet
  facet normal -0.483442 -0 -0.875376
    outer loop
      vertex 42.2629 5.0005 2.37215
      vertex 42.2629 0.000499725 2.37215
      vertex 42.0733 5.0005 2.47686
    endloop
  endfacet
  facet normal -0.476325 -0 -0.879269
    outer loop
      vertex 42.2629 5.0005 2.37215
      vertex 42.8184 5.0005 2.07122
      vertex 42.2629 0.000499725 2.37215
    endloop
  endfacet
  facet normal -0.476326 1.27486e-07 -0.879269
    outer loop
      vertex 42.8184 5.0005 2.07122
      vertex 42.9926 0.000499725 1.97685
      vertex 42.2629 0.000499725 2.37215
    endloop
  endfacet
  facet normal -0.476329 -0 -0.879267
    outer loop
      vertex 42.9926 5.0005 1.97685
      vertex 42.9926 0.000499725 1.97685
      vertex 42.8184 5.0005 2.07122
    endloop
  endfacet
  facet normal -0.469123 -0 -0.883133
    outer loop
      vertex 42.9926 5.0005 1.97685
      vertex 43.5826 5.0005 1.66344
      vertex 42.9926 0.000499725 1.97685
    endloop
  endfacet
  facet normal -0.469144 3.11479e-06 -0.883122
    outer loop
      vertex 43.5826 5.0005 1.66344
      vertex 43.7402 0.000499725 1.5797
      vertex 42.9926 0.000499725 1.97685
    endloop
  endfacet
  facet normal -0.469221 -0 -0.883081
    outer loop
      vertex 43.7402 5.0005 1.5797
      vertex 43.7402 0.000499725 1.5797
      vertex 43.5826 5.0005 1.66344
    endloop
  endfacet
  facet normal -0.461912 -0 -0.886926
    outer loop
      vertex 43.7402 5.0005 1.5797
      vertex 44.3666 5.0005 1.25347
      vertex 43.7402 0.000499725 1.5797
    endloop
  endfacet
  facet normal -0.461914 2.8476e-07 -0.886925
    outer loop
      vertex 44.3666 5.0005 1.25347
      vertex 44.5064 0.000499725 1.18066
      vertex 43.7402 0.000499725 1.5797
    endloop
  endfacet
  facet normal -0.461922 -0 -0.886921
    outer loop
      vertex 44.5064 5.0005 1.18066
      vertex 44.5064 0.000499725 1.18066
      vertex 44.3666 5.0005 1.25347
    endloop
  endfacet
  facet normal -0.454599 -0 -0.890696
    outer loop
      vertex 44.5064 5.0005 1.18066
      vertex 45.1713 5.0005 0.841304
      vertex 44.5064 0.000499725 1.18066
    endloop
  endfacet
  facet normal -0.45461 1.71675e-06 -0.890691
    outer loop
      vertex 45.1713 5.0005 0.841304
      vertex 45.2919 0.000499725 0.77974
      vertex 44.5064 0.000499725 1.18066
    endloop
  endfacet
  facet normal -0.454666 -0 -0.890662
    outer loop
      vertex 45.2919 5.0005 0.77974
      vertex 45.2919 0.000499725 0.77974
      vertex 45.1713 5.0005 0.841304
    endloop
  endfacet
  facet normal -0.447323 -0 -0.894372
    outer loop
      vertex 45.2919 5.0005 0.77974
      vertex 45.9973 5.0005 0.426932
      vertex 45.2919 0.000499725 0.77974
    endloop
  endfacet
  facet normal -0.447336 2.30132e-06 -0.894366
    outer loop
      vertex 45.9973 5.0005 0.426932
      vertex 46.0973 0.000499725 0.376902
      vertex 45.2919 0.000499725 0.77974
    endloop
  endfacet
  facet normal -0.447428 -0 -0.89432
    outer loop
      vertex 46.0973 5.0005 0.376902
      vertex 46.0973 0.000499725 0.376902
      vertex 45.9973 5.0005 0.426932
    endloop
  endfacet
  facet normal -0.440399 0 -0.897802
    outer loop
      vertex 46.0973 5.0005 0.376902
      vertex 46.8349 6.73822 0.0150871
      vertex 46.8349 0.000499725 0.0150871
    endloop
  endfacet
  facet normal -0.440445 2.42954e-05 -0.89778
    outer loop
      vertex 46.8349 6.73822 0.0150871
      vertex 46.0973 5.0005 0.376902
      vertex 46.5447 6.98223 0.157464
    endloop
  endfacet
  facet normal -0.440398 1.10387e-05 -0.897803
    outer loop
      vertex 46.5447 6.98223 0.157464
      vertex 46.0973 5.0005 0.376902
      vertex 46.2412 7.36107 0.306344
    endloop
  endfacet
  facet normal -0.440399 -0 -0.897802
    outer loop
      vertex 46.0973 5.0005 0.376902
      vertex 46.8349 0.000499725 0.0150871
      vertex 46.0973 0.000499725 0.376902
    endloop
  endfacet
  facet normal -0.439248 -7.5843e-05 -0.898366
    outer loop
      vertex 46.2412 7.36107 0.306344
      vertex 46.0973 5.0005 0.376902
      vertex 46.2371 7.3689 0.308348
    endloop
  endfacet
  facet normal -0.440461 0 -0.897772
    outer loop
      vertex 46.5447 10.5178 0.157464
      vertex 46.8349 17.5005 0.0150871
      vertex 46.8349 10.7618 0.0150871
    endloop
  endfacet
  facet normal -0.440304 -8.10036e-06 -0.897849
    outer loop
      vertex 46.8349 17.5005 0.0150871
      vertex 46.5447 10.5178 0.157464
      vertex 46.4132 10.3537 0.221953
    endloop
  endfacet
  facet normal -1 0 0
    outer loop
      vertex 46.1107 7.61119 0.370417
      vertex 46.1107 8.05567 0.370445
      vertex 46.1107 7.64762 0.370419
    endloop
  endfacet
  facet normal -1 0 0
    outer loop
      vertex 46.1107 7.61119 0.370417
      vertex 46.1107 8.514 0.370474
      vertex 46.1107 8.05567 0.370445
    endloop
  endfacet
  facet normal -0.00325029 6.0753e-05 -0.999995
    outer loop
      vertex 46.1107 8.514 0.370474
      vertex 46.1106 8.90369 0.370498
      vertex 46.1107 8.5963 0.370479
    endloop
  endfacet
  facet normal -1 0 0
    outer loop
      vertex 46.1106 8.90369 0.370498
      vertex 46.1106 9.44405 0.370532
      vertex 46.1106 8.98596 0.370503
    endloop
  endfacet
  facet normal -0.00519684 -6.29202e-05 0.999986
    outer loop
      vertex 46.1107 8.514 0.370474
      vertex 46.1106 9.44405 0.370532
      vertex 46.1106 8.90369 0.370498
    endloop
  endfacet
  facet normal 1 0 0
    outer loop
      vertex 46.1106 9.44405 0.370532
      vertex 46.1106 9.88846 0.370559
      vertex 46.1106 9.8521 0.370557
    endloop
  endfacet
  facet normal -0.446674 5.43571e-05 -0.894697
    outer loop
      vertex 46.1106 9.44405 0.370532
      vertex 46.0973 5.0005 0.376902
      vertex 46.1106 9.88846 0.370559
    endloop
  endfacet
  facet normal -0.434525 9.44658e-06 -0.90066
    outer loop
      vertex 46.1107 8.514 0.370474
      vertex 46.0973 5.0005 0.376902
      vertex 46.1106 9.44405 0.370532
    endloop
  endfacet
  facet normal -0.444529 5.65552e-05 -0.895765
    outer loop
      vertex 46.1107 7.61119 0.370417
      vertex 46.0973 5.0005 0.376902
      vertex 46.1107 8.514 0.370474
    endloop
  endfacet
  facet normal -0.440727 3.23798e-05 -0.897641
    outer loop
      vertex 46.0973 5.0005 0.376902
      vertex 46.1107 7.61119 0.370417
      vertex 46.2371 7.3689 0.308348
    endloop
  endfacet
  facet normal -0.44078 3.68206e-05 -0.897615
    outer loop
      vertex 45.9971 17.5005 0.426575
      vertex 46.4132 10.3537 0.221953
      vertex 46.2412 10.1389 0.306406
    endloop
  endfacet
  facet normal -0.440943 3.01275e-05 -0.897535
    outer loop
      vertex 45.9971 17.5005 0.426575
      vertex 46.2412 10.1389 0.306406
      vertex 46.1106 9.88846 0.370559
    endloop
  endfacet
  facet normal -0.44085 3.18097e-05 -0.897581
    outer loop
      vertex 46.4132 10.3537 0.221953
      vertex 45.9971 17.5005 0.426575
      vertex 46.8349 17.5005 0.0150871
    endloop
  endfacet
  facet normal -0.440716 3.43205e-05 -0.897646
    outer loop
      vertex 45.9971 17.5005 0.426575
      vertex 46.1106 9.88846 0.370559
      vertex 46.0973 5.0005 0.376902
    endloop
  endfacet
  facet normal -0.447428 -3.27006e-05 -0.89432
    outer loop
      vertex 46.0973 5.0005 0.376902
      vertex 45.9973 5.0005 0.426932
      vertex 45.9971 17.5005 0.426575
    endloop
  endfacet
  facet normal -0.447323 -3.27004e-05 -0.894372
    outer loop
      vertex 45.9971 17.5005 0.426575
      vertex 45.9973 5.0005 0.426932
      vertex 45.2919 5.0005 0.77974
    endloop
  endfacet
  facet normal -0.448349 3.96962e-05 -0.893859
    outer loop
      vertex 45.9971 17.5005 0.426575
      vertex 45.2919 5.0005 0.77974
      vertex 45.1711 17.5005 0.840887
    endloop
  endfacet
  facet normal -0.454666 -3.69871e-05 -0.890662
    outer loop
      vertex 45.2919 5.0005 0.77974
      vertex 45.1713 5.0005 0.841304
      vertex 45.1711 17.5005 0.840887
    endloop
  endfacet
  facet normal -0.454599 -3.69872e-05 -0.890696
    outer loop
      vertex 45.1711 17.5005 0.840887
      vertex 45.1713 5.0005 0.841304
      vertex 44.5064 5.0005 1.18066
    endloop
  endfacet
  facet normal -0.45584 4.62628e-05 -0.890062
    outer loop
      vertex 45.1711 17.5005 0.840887
      vertex 44.5064 5.0005 1.18066
      vertex 44.3664 17.5005 1.25301
    endloop
  endfacet
  facet normal -0.461922 -4.00294e-05 -0.886921
    outer loop
      vertex 44.5064 5.0005 1.18066
      vertex 44.3666 5.0005 1.25347
      vertex 44.3664 17.5005 1.25301
    endloop
  endfacet
  facet normal -0.461912 -4.00295e-05 -0.886926
    outer loop
      vertex 44.3664 17.5005 1.25301
      vertex 44.3666 5.0005 1.25347
      vertex 43.7402 5.0005 1.5797
    endloop
  endfacet
  facet normal -0.463298 4.83077e-05 -0.886202
    outer loop
      vertex 44.3664 17.5005 1.25301
      vertex 43.7402 5.0005 1.5797
      vertex 43.5823 17.5005 1.66293
    endloop
  endfacet
  facet normal -0.469221 -4.7291e-05 -0.883081
    outer loop
      vertex 43.7402 5.0005 1.5797
      vertex 43.5826 5.0005 1.66344
      vertex 43.5823 17.5005 1.66293
    endloop
  endfacet
  facet normal -0.469123 -4.72908e-05 -0.883133
    outer loop
      vertex 43.5823 17.5005 1.66293
      vertex 43.5826 5.0005 1.66344
      vertex 42.9926 5.0005 1.97685
    endloop
  endfacet
  facet normal -0.470747 5.10299e-05 -0.882268
    outer loop
      vertex 43.5823 17.5005 1.66293
      vertex 42.9926 5.0005 1.97685
      vertex 42.8181 17.5005 2.07068
    endloop
  endfacet
  facet normal -0.476329 -4.94162e-05 -0.879267
    outer loop
      vertex 42.9926 5.0005 1.97685
      vertex 42.8184 5.0005 2.07122
      vertex 42.8181 17.5005 2.07068
    endloop
  endfacet
  facet normal -0.476325 -4.94162e-05 -0.879269
    outer loop
      vertex 42.8181 17.5005 2.07068
      vertex 42.8184 5.0005 2.07122
      vertex 42.2629 5.0005 2.37215
    endloop
  endfacet
  facet normal -0.478118 5.36926e-05 -0.878296
    outer loop
      vertex 42.8181 17.5005 2.07068
      vertex 42.2629 5.0005 2.37215
      vertex 42.073 17.5005 2.47629
    endloop
  endfacet
  facet normal -0.483442 -5.15198e-05 -0.875376
    outer loop
      vertex 42.2629 5.0005 2.37215
      vertex 42.0733 5.0005 2.47686
      vertex 42.073 17.5005 2.47629
    endloop
  endfacet
  facet normal -0.483722 -5.15194e-05 -0.875222
    outer loop
      vertex 42.073 17.5005 2.47629
      vertex 42.0733 5.0005 2.47686
      vertex 41.9355 5.0005 2.55302
    endloop
  endfacet
  facet normal -0.482723 -6.58917e-05 -0.875773
    outer loop
      vertex 42.073 17.5005 2.47629
      vertex 41.9355 5.0005 2.55302
      vertex 41.9351 17.5005 2.5523
    endloop
  endfacet
  facet normal -0.483498 -6.58918e-05 -0.875345
    outer loop
      vertex 41.9351 17.5005 2.5523
      vertex 41.9355 5.0005 2.55302
      vertex 41.5506 5.0005 2.76562
    endloop
  endfacet
  facet normal -0.486862 6.9448e-05 -0.873479
    outer loop
      vertex 41.9351 17.5005 2.5523
      vertex 41.5506 5.0005 2.76562
      vertex 41.2159 17.5005 2.95317
    endloop
  endfacet
  facet normal -0.490689 -6.51939e-05 -0.871335
    outer loop
      vertex 41.5506 5.0005 2.76562
      vertex 41.2163 5.0005 2.95388
      vertex 41.2159 17.5005 2.95317
    endloop
  endfacet
  facet normal -0.490674 -6.51939e-05 -0.871344
    outer loop
      vertex 41.2159 17.5005 2.95317
      vertex 41.2163 5.0005 2.95388
      vertex 40.8551 5.0005 3.15728
    endloop
  endfacet
  facet normal -0.494166 6.78648e-05 -0.869368
    outer loop
      vertex 41.2159 17.5005 2.95317
      vertex 40.8551 5.0005 3.15728
      vertex 40.5104 17.5005 3.35419
    endloop
  endfacet
  facet normal -0.497785 -6.44979e-05 -0.867301
    outer loop
      vertex 40.8551 5.0005 3.15728
      vertex 40.5108 5.0005 3.35489
      vertex 40.5104 17.5005 3.35419
    endloop
  endfacet
  facet normal -0.497761 -6.44979e-05 -0.867314
    outer loop
      vertex 40.5104 17.5005 3.35419
      vertex 40.5108 5.0005 3.35489
      vertex 40.1758 5.0005 3.54715
    endloop
  endfacet
  facet normal -0.501462 6.75389e-05 -0.86518
    outer loop
      vertex 40.5104 17.5005 3.35419
      vertex 40.1758 5.0005 3.54715
      vertex 39.822 17.5005 3.75319
    endloop
  endfacet
  facet normal -0.504803 -5.90752e-05 -0.863235
    outer loop
      vertex 40.1758 5.0005 3.54715
      vertex 39.8223 5.0005 3.75387
      vertex 39.822 17.5005 3.75319
    endloop
  endfacet
  facet normal -0.504926 -5.90743e-05 -0.863162
    outer loop
      vertex 39.822 17.5005 3.75319
      vertex 39.8223 5.0005 3.75387
      vertex 39.5122 5.0005 3.93527
    endloop
  endfacet
  facet normal -0.50869 6.64209e-05 -0.86095
    outer loop
      vertex 39.822 17.5005 3.75319
      vertex 39.5122 5.0005 3.93527
      vertex 39.1501 17.5005 4.15018
    endloop
  endfacet
  facet normal -0.511961 -6.17384e-05 -0.859008
    outer loop
      vertex 39.5122 5.0005 3.93527
      vertex 39.1505 5.0005 4.15084
      vertex 39.1501 17.5005 4.15018
    endloop
  endfacet
  facet normal -0.511849 -6.17384e-05 -0.859075
    outer loop
      vertex 39.1501 17.5005 4.15018
      vertex 39.1505 5.0005 4.15084
      vertex 38.8638 5.0005 4.32166
    endloop
  endfacet
  facet normal -0.515916 6.48318e-05 -0.856639
    outer loop
      vertex 39.1501 17.5005 4.15018
      vertex 38.8638 5.0005 4.32166
      vertex 38.4942 17.5005 4.5452
    endloop
  endfacet
  facet normal -0.518983 -5.90048e-05 -0.854785
    outer loop
      vertex 38.8638 5.0005 4.32166
      vertex 38.4946 5.0005 4.54582
      vertex 38.4942 17.5005 4.5452
    endloop
  endfacet
  facet normal -0.518982 -5.90048e-05 -0.854785
    outer loop
      vertex 38.4942 17.5005 4.5452
      vertex 38.4946 5.0005 4.54582
      vertex 38.2302 5.0005 4.70635
    endloop
  endfacet
  facet normal -0.523051 5.89657e-05 -0.852301
    outer loop
      vertex 38.4942 17.5005 4.5452
      vertex 38.2302 5.0005 4.70635
      vertex 37.8537 17.5005 4.93827
    endloop
  endfacet
  facet normal -0.525874 -5.83354e-05 -0.850562
    outer loop
      vertex 38.2302 5.0005 4.70635
      vertex 37.8541 5.0005 4.93888
      vertex 37.8537 17.5005 4.93827
    endloop
  endfacet
  facet normal -0.525859 -5.83354e-05 -0.850572
    outer loop
      vertex 37.8537 17.5005 4.93827
      vertex 37.8541 5.0005 4.93888
      vertex 37.6107 5.0005 5.08936
    endloop
  endfacet
  facet normal -0.530235 5.9635e-05 -0.847851
    outer loop
      vertex 37.8537 17.5005 4.93827
      vertex 37.6107 5.0005 5.08936
      vertex 37.2282 17.5005 5.32945
    endloop
  endfacet
  facet normal -0.532954 -5.63156e-05 -0.846144
    outer loop
      vertex 37.6107 5.0005 5.08936
      vertex 37.2286 5.0005 5.33003
      vertex 37.2282 17.5005 5.32945
    endloop
  endfacet
  facet normal -0.53278 -5.63151e-05 -0.846254
    outer loop
      vertex 37.2282 17.5005 5.32945
      vertex 37.2286 5.0005 5.33003
      vertex 37.0051 5.0005 5.47074
    endloop
  endfacet
  facet normal -0.537306 5.68577e-05 -0.843387
    outer loop
      vertex 37.2282 17.5005 5.32945
      vertex 37.0051 5.0005 5.47074
      vertex 36.6171 17.5005 5.71877
    endloop
  endfacet
  facet normal -0.539833 -5.36392e-05 -0.841772
    outer loop
      vertex 37.0051 5.0005 5.47074
      vertex 36.6175 5.0005 5.71931
      vertex 36.6171 17.5005 5.71877
    endloop
  endfacet
  facet normal -0.539772 -5.36389e-05 -0.841812
    outer loop
      vertex 36.6171 17.5005 5.71877
      vertex 36.6175 5.0005 5.71931
      vertex 36.4129 5.0005 5.8505
    endloop
  endfacet
  facet normal -0.544371 5.27639e-05 -0.838845
    outer loop
      vertex 36.6171 17.5005 5.71877
      vertex 36.4129 5.0005 5.8505
      vertex 36.02 17.5005 6.10626
    endloop
  endfacet
  facet normal -0.546704 -5.16574e-05 -0.837326
    outer loop
      vertex 36.4129 5.0005 5.8505
      vertex 36.0204 5.0005 6.10677
      vertex 36.02 17.5005 6.10626
    endloop
  endfacet
  facet normal -0.546563 -5.16567e-05 -0.837418
    outer loop
      vertex 36.02 17.5005 6.10626
      vertex 36.0204 5.0005 6.10677
      vertex 35.8336 5.0005 6.22869
    endloop
  endfacet
  facet normal -0.551351 5.05471e-05 -0.834273
    outer loop
      vertex 35.7143 8.75455 6.30776
      vertex 36.02 17.5005 6.10626
      vertex 35.8336 5.0005 6.22869
    endloop
  endfacet
  facet normal -0.551426 5.42731e-05 -0.834224
    outer loop
      vertex 36.02 17.5005 6.10626
      vertex 35.7143 8.75455 6.30776
      vertex 35.7133 17.5005 6.30899
    endloop
  endfacet
  facet normal -0.553592 -5.19325e-05 -0.832788
    outer loop
      vertex 35.7143 8.75455 6.30776
      vertex 35.8336 5.0005 6.22869
      vertex 35.7139 5.0005 6.30826
    endloop
  endfacet
  facet normal 0 1 0
    outer loop
      vertex 31.782 17.5005 38.8311
      vertex 32.9973 17.5005 41.5126
      vertex 33.2432 17.5005 40.0329
    endloop
  endfacet
  facet normal 0 1 0
    outer loop
      vertex 32.9973 17.5005 41.5126
      vertex 31.782 17.5005 38.8311
      vertex 31.4591 17.5005 42.9288
    endloop
  endfacet
  facet normal 0 1 0
    outer loop
      vertex 32.6066 17.5005 33.1322
      vertex 33.3145 17.5005 35.8247
      vertex 33.7644 17.5005 34.3938
    endloop
  endfacet
  facet normal 0 1 0
    outer loop
      vertex 33.3145 17.5005 35.8247
      vertex 32.6066 17.5005 33.1322
      vertex 32.0376 17.5005 36.7062
    endloop
  endfacet
  facet normal 0 1 0
    outer loop
      vertex 31.4206 17.5005 43.7587
      vertex 15.1497 17.5005 30.173
      vertex 31.4051 17.5005 44.1803
    endloop
  endfacet
  facet normal 0 1 0
    outer loop
      vertex 31.4495 17.5005 43.1186
      vertex 15.1497 17.5005 30.173
      vertex 31.4206 17.5005 43.7587
    endloop
  endfacet
  facet normal 0 1 0
    outer loop
      vertex 31.4591 17.5005 42.9288
      vertex 15.1497 17.5005 30.173
      vertex 31.4495 17.5005 43.1186
    endloop
  endfacet
  facet normal 0 1 0
    outer loop
      vertex 31.782 17.5005 38.8311
      vertex 15.1497 17.5005 30.173
      vertex 31.4591 17.5005 42.9288
    endloop
  endfacet
  facet normal 0 1 0
    outer loop
      vertex 31.8508 17.5005 38.2065
      vertex 15.1497 17.5005 30.173
      vertex 31.782 17.5005 38.8311
    endloop
  endfacet
  facet normal 0 1 0
    outer loop
      vertex 31.9247 17.5005 37.5828
      vertex 15.1497 17.5005 30.173
      vertex 31.8508 17.5005 38.2065
    endloop
  endfacet
  facet normal 0 1 0
    outer loop
      vertex 32.0038 17.5005 36.9606
      vertex 15.1497 17.5005 30.173
      vertex 31.9247 17.5005 37.5828
    endloop
  endfacet
  facet normal 0 1 0
    outer loop
      vertex 32.0376 17.5005 36.7062
      vertex 15.1497 17.5005 30.173
      vertex 32.0038 17.5005 36.9606
    endloop
  endfacet
  facet normal 0 1 0
    outer loop
      vertex 32.6066 17.5005 33.1322
      vertex 15.1497 17.5005 30.173
      vertex 32.0376 17.5005 36.7062
    endloop
  endfacet
  facet normal 0 1 0
    outer loop
      vertex 32.7223 17.5005 32.5175
      vertex 15.1497 17.5005 30.173
      vertex 32.6066 17.5005 33.1322
    endloop
  endfacet
  facet normal 0 1 0
    outer loop
      vertex 32.8431 17.5005 31.9036
      vertex 15.1497 17.5005 30.173
      vertex 32.7223 17.5005 32.5175
    endloop
  endfacet
  facet normal 0 1 0
    outer loop
      vertex 32.969 17.5005 31.2904
      vertex 15.1497 17.5005 30.173
      vertex 32.8431 17.5005 31.9036
    endloop
  endfacet
  facet normal 0 1 0
    outer loop
      vertex 33.0546 17.5005 30.8879
      vertex 15.1497 17.5005 30.173
      vertex 32.969 17.5005 31.2904
    endloop
  endfacet
  facet normal 0 1 -0
    outer loop
      vertex 33.9013 17.5005 27.3676
      vertex 33.0546 17.5005 30.8879
      vertex 34.3588 17.5005 30.1829
    endloop
  endfacet
  facet normal 0 1 0
    outer loop
      vertex 33.9013 17.5005 27.3676
      vertex 34.3588 17.5005 30.1829
      vertex 34.9611 17.5005 28.8091
    endloop
  endfacet
  facet normal 0 1 0
    outer loop
      vertex 33.0546 17.5005 30.8879
      vertex 33.9013 17.5005 27.3676
      vertex 15.1497 17.5005 30.173
    endloop
  endfacet
  facet normal 0 1 0
    outer loop
      vertex 34.0667 17.5005 26.7556
      vertex 15.1497 17.5005 30.173
      vertex 33.9013 17.5005 27.3676
    endloop
  endfacet
  facet normal 0 1 0
    outer loop
      vertex 34.2373 17.5005 26.1445
      vertex 15.1497 17.5005 30.173
      vertex 34.0667 17.5005 26.7556
    endloop
  endfacet
  facet normal 0 1 0
    outer loop
      vertex 34.4135 17.5005 25.5331
      vertex 15.1497 17.5005 30.173
      vertex 34.2373 17.5005 26.1445
    endloop
  endfacet
  facet normal 0 1 0
    outer loop
      vertex 34.4889 17.5005 25.2769
      vertex 15.1497 17.5005 30.173
      vertex 34.4135 17.5005 25.5331
    endloop
  endfacet
  facet normal 0 1 -0
    outer loop
      vertex 35.6486 17.5005 21.6869
      vertex 34.4889 17.5005 25.2769
      vertex 35.9482 17.5005 24.6288
    endloop
  endfacet
  facet normal 0 1 0
    outer loop
      vertex 35.6486 17.5005 21.6869
      vertex 35.9482 17.5005 24.6288
      vertex 36.6554 17.5005 23.306
    endloop
  endfacet
  facet normal 0 1 0
    outer loop
      vertex 34.4889 17.5005 25.2769
      vertex 35.6486 17.5005 21.6869
      vertex 15.1497 17.5005 30.173
    endloop
  endfacet
  facet normal 0 1 0
    outer loop
      vertex 35.8672 17.5005 21.0706
      vertex 15.1497 17.5005 30.173
      vertex 35.6486 17.5005 21.6869
    endloop
  endfacet
  facet normal 0 1 0
    outer loop
      vertex 36.0912 17.5005 20.4549
      vertex 15.1497 17.5005 30.173
      vertex 35.8672 17.5005 21.0706
    endloop
  endfacet
  facet normal 0 1 0
    outer loop
      vertex 36.3099 17.5005 19.8688
      vertex 15.1497 17.5005 30.173
      vertex 36.0912 17.5005 20.4549
    endloop
  endfacet
  facet normal 0 1 0
    outer loop
      vertex 36.3512 17.5005 19.7596
      vertex 15.1497 17.5005 30.173
      vertex 36.3099 17.5005 19.8688
    endloop
  endfacet
  facet normal 0 1 0
    outer loop
      vertex 37.7802 17.5005 16.2433
      vertex 37.9121 17.5005 19.157
      vertex 38.6838 17.5005 17.8707
    endloop
  endfacet
  facet normal 0 1 0
    outer loop
      vertex 37.9121 17.5005 19.157
      vertex 37.7802 17.5005 16.2433
      vertex 36.3512 17.5005 19.7596
    endloop
  endfacet
  facet normal 0 1 0
    outer loop
      vertex 35.7133 17.5005 6.30899
      vertex 36.3512 17.5005 19.7596
      vertex 37.7802 17.5005 16.2433
    endloop
  endfacet
  facet normal 0 1 0
    outer loop
      vertex 35.7133 17.5005 6.30899
      vertex 37.7802 17.5005 16.2433
      vertex 38.0554 17.5005 15.6161
    endloop
  endfacet
  facet normal 0 1 0
    outer loop
      vertex 35.7133 17.5005 6.30899
      vertex 38.0554 17.5005 15.6161
      vertex 38.3365 17.5005 14.9895
    endloop
  endfacet
  facet normal 0 1 0
    outer loop
      vertex 35.7133 17.5005 6.30899
      vertex 38.3365 17.5005 14.9895
      vertex 38.6106 17.5005 14.3914
    endloop
  endfacet
  facet normal 0 1 0
    outer loop
      vertex 35.7133 17.5005 6.30899
      vertex 38.6106 17.5005 14.3914
      vertex 38.6784 17.5005 14.2454
    endloop
  endfacet
  facet normal 0 1 -0
    outer loop
      vertex 40.2013 17.5005 11.1399
      vertex 40.0973 17.5005 13.7349
      vertex 40.8984 17.5005 12.4667
    endloop
  endfacet
  facet normal 0 1 0
    outer loop
      vertex 40.0973 17.5005 13.7349
      vertex 40.2013 17.5005 11.1399
      vertex 38.6784 17.5005 14.2454
    endloop
  endfacet
  facet normal 0 1 0
    outer loop
      vertex 35.7133 17.5005 6.30899
      vertex 38.6784 17.5005 14.2454
      vertex 40.2013 17.5005 11.1399
    endloop
  endfacet
  facet normal 0 1 0
    outer loop
      vertex 35.7133 17.5005 6.30899
      vertex 40.2013 17.5005 11.1399
      vertex 40.5363 17.5005 10.4966
    endloop
  endfacet
  facet normal 0 1 0
    outer loop
      vertex 36.02 17.5005 6.10626
      vertex 40.5363 17.5005 10.4966
      vertex 40.8778 17.5005 9.8539
    endloop
  endfacet
  facet normal 0 1 0
    outer loop
      vertex 36.6171 17.5005 5.71877
      vertex 40.8778 17.5005 9.8539
      vertex 41.2274 17.5005 9.20877
    endloop
  endfacet
  facet normal 0 1 0
    outer loop
      vertex 37.2282 17.5005 5.32945
      vertex 41.2274 17.5005 9.20877
      vertex 41.5645 17.5005 8.59858
    endloop
  endfacet
  facet normal 0 1 -0
    outer loop
      vertex 42.8242 17.5005 6.41076
      vertex 42.3605 17.5005 8.30847
      vertex 43.1565 17.5005 7.03707
    endloop
  endfacet
  facet normal 0 1 0
    outer loop
      vertex 42.3605 17.5005 8.30847
      vertex 42.8242 17.5005 6.41076
      vertex 41.5645 17.5005 8.59858
    endloop
  endfacet
  facet normal 0 1 0
    outer loop
      vertex 39.1501 17.5005 4.15018
      vertex 41.5645 17.5005 8.59858
      vertex 42.8242 17.5005 6.41076
    endloop
  endfacet
  facet normal 0 1 0
    outer loop
      vertex 36.3512 17.5005 19.7596
      vertex 35.7133 17.5005 6.30899
      vertex 15.1497 17.5005 30.173
    endloop
  endfacet
  facet normal 0 1 0
    outer loop
      vertex 40.5363 17.5005 10.4966
      vertex 36.02 17.5005 6.10626
      vertex 35.7133 17.5005 6.30899
    endloop
  endfacet
  facet normal 0 1 0
    outer loop
      vertex 40.5104 17.5005 3.35419
      vertex 42.8242 17.5005 6.41076
      vertex 43.222 17.5005 5.74756
    endloop
  endfacet
  facet normal 0 1 0
    outer loop
      vertex 40.8778 17.5005 9.8539
      vertex 36.6171 17.5005 5.71877
      vertex 36.02 17.5005 6.10626
    endloop
  endfacet
  facet normal 0 1 0
    outer loop
      vertex 41.2274 17.5005 9.20877
      vertex 37.2282 17.5005 5.32945
      vertex 36.6171 17.5005 5.71877
    endloop
  endfacet
  facet normal 0 1 0
    outer loop
      vertex 41.2159 17.5005 2.95317
      vertex 43.222 17.5005 5.74756
      vertex 43.6269 17.5005 5.08485
    endloop
  endfacet
  facet normal 0 1 0
    outer loop
      vertex 41.5645 17.5005 8.59858
      vertex 37.8537 17.5005 4.93827
      vertex 37.2282 17.5005 5.32945
    endloop
  endfacet
  facet normal 0 1 0
    outer loop
      vertex 41.5645 17.5005 8.59858
      vertex 38.4942 17.5005 4.5452
      vertex 37.8537 17.5005 4.93827
    endloop
  endfacet
  facet normal 0 1 0
    outer loop
      vertex 41.9351 17.5005 2.5523
      vertex 43.6269 17.5005 5.08485
      vertex 44.0415 17.5005 4.41895
    endloop
  endfacet
  facet normal 0 1 0
    outer loop
      vertex 42.073 17.5005 2.47629
      vertex 44.0415 17.5005 4.41895
      vertex 44.1633 17.5005 4.22551
    endloop
  endfacet
  facet normal 0 1 0
    outer loop
      vertex 41.5645 17.5005 8.59858
      vertex 39.1501 17.5005 4.15018
      vertex 38.4942 17.5005 4.5452
    endloop
  endfacet
  facet normal 0 1 0
    outer loop
      vertex 42.8242 17.5005 6.41076
      vertex 39.822 17.5005 3.75319
      vertex 39.1501 17.5005 4.15018
    endloop
  endfacet
  facet normal 0 1 -0
    outer loop
      vertex 44.3664 17.5005 1.25301
      vertex 44.1633 17.5005 4.22551
      vertex 47.0505 17.5005 3.4106
    endloop
  endfacet
  facet normal 0 1 0
    outer loop
      vertex 42.8242 17.5005 6.41076
      vertex 40.5104 17.5005 3.35419
      vertex 39.822 17.5005 3.75319
    endloop
  endfacet
  facet normal 0 1 0
    outer loop
      vertex 43.222 17.5005 5.74756
      vertex 41.2159 17.5005 2.95317
      vertex 40.5104 17.5005 3.35419
    endloop
  endfacet
  facet normal 0 1 0
    outer loop
      vertex 43.6269 17.5005 5.08485
      vertex 41.9351 17.5005 2.5523
      vertex 41.2159 17.5005 2.95317
    endloop
  endfacet
  facet normal 0 1 0
    outer loop
      vertex 44.0415 17.5005 4.41895
      vertex 42.073 17.5005 2.47629
      vertex 41.9351 17.5005 2.5523
    endloop
  endfacet
  facet normal 0 1 0
    outer loop
      vertex 44.1633 17.5005 4.22551
      vertex 42.8181 17.5005 2.07068
      vertex 42.073 17.5005 2.47629
    endloop
  endfacet
  facet normal 0 1 0
    outer loop
      vertex 44.1633 17.5005 4.22551
      vertex 43.5823 17.5005 1.66293
      vertex 42.8181 17.5005 2.07068
    endloop
  endfacet
  facet normal 0 1 0
    outer loop
      vertex 44.1633 17.5005 4.22551
      vertex 44.3664 17.5005 1.25301
      vertex 43.5823 17.5005 1.66293
    endloop
  endfacet
  facet normal 0 1 0
    outer loop
      vertex 47.0505 17.5005 3.4106
      vertex 45.1711 17.5005 0.840887
      vertex 44.3664 17.5005 1.25301
    endloop
  endfacet
  facet normal 0 1 0
    outer loop
      vertex 47.0505 17.5005 3.4106
      vertex 45.9971 17.5005 0.426575
      vertex 45.1711 17.5005 0.840887
    endloop
  endfacet
  facet normal 0 1 -0
    outer loop
      vertex 47.0505 17.5005 0.150002
      vertex 45.9971 17.5005 0.426575
      vertex 47.0505 17.5005 3.4106
    endloop
  endfacet
  facet normal 0 1 0
    outer loop
      vertex 46.8349 17.5005 0.0150871
      vertex 47.0505 17.5005 0.150002
      vertex 47.0505 17.5005 0.148691
    endloop
  endfacet
  facet normal 0 1 0
    outer loop
      vertex 46.8349 17.5005 0.0150871
      vertex 47.0505 17.5005 0.148691
      vertex 47.0505 17.5005 0.147387
    endloop
  endfacet
  facet normal 0 1 0
    outer loop
      vertex 46.8349 17.5005 0.0150871
      vertex 47.0505 17.5005 0.147387
      vertex 47.0504 17.5005 0.146075
    endloop
  endfacet
  facet normal 0 1 0
    outer loop
      vertex 46.8349 17.5005 0.0150871
      vertex 47.0504 17.5005 0.146075
      vertex 47.0504 17.5005 0.144772
    endloop
  endfacet
  facet normal 0 1 0
    outer loop
      vertex 46.8349 17.5005 0.0150871
      vertex 47.0504 17.5005 0.144772
      vertex 47.0503 17.5005 0.14346
    endloop
  endfacet
  facet normal 0 1 0
    outer loop
      vertex 46.8349 17.5005 0.0150871
      vertex 47.0503 17.5005 0.14346
      vertex 47.0503 17.5005 0.142157
    endloop
  endfacet
  facet normal 0 1 0
    outer loop
      vertex 46.8349 17.5005 0.0150871
      vertex 47.0503 17.5005 0.142157
      vertex 47.0502 17.5005 0.140845
    endloop
  endfacet
  facet normal 0 1 0
    outer loop
      vertex 46.8349 17.5005 0.0150871
      vertex 47.0502 17.5005 0.140845
      vertex 47.0501 17.5005 0.139542
    endloop
  endfacet
  facet normal 0 1 0
    outer loop
      vertex 46.8349 17.5005 0.0150871
      vertex 47.0501 17.5005 0.139542
      vertex 47.05 17.5005 0.138238
    endloop
  endfacet
  facet normal 0 1 0
    outer loop
      vertex 46.8349 17.5005 0.0150871
      vertex 47.05 17.5005 0.138238
      vertex 47.0499 17.5005 0.136933
    endloop
  endfacet
  facet normal 0 1 0
    outer loop
      vertex 46.8349 17.5005 0.0150871
      vertex 47.0499 17.5005 0.136933
      vertex 47.0498 17.5005 0.13563
    endloop
  endfacet
  facet normal 0 1 0
    outer loop
      vertex 46.8349 17.5005 0.0150871
      vertex 47.0498 17.5005 0.13563
      vertex 47.0497 17.5005 0.134334
    endloop
  endfacet
  facet normal 0 1 0
    outer loop
      vertex 46.8349 17.5005 0.0150871
      vertex 47.0497 17.5005 0.134334
      vertex 47.0495 17.5005 0.13303
    endloop
  endfacet
  facet normal 0 1 0
    outer loop
      vertex 46.8349 17.5005 0.0150871
      vertex 47.0495 17.5005 0.13303
      vertex 47.0494 17.5005 0.131733
    endloop
  endfacet
  facet normal 0 1 0
    outer loop
      vertex 46.8349 17.5005 0.0150871
      vertex 47.0494 17.5005 0.131733
      vertex 47.0492 17.5005 0.130437
    endloop
  endfacet
  facet normal 0 1 0
    outer loop
      vertex 46.8349 17.5005 0.0150871
      vertex 47.0492 17.5005 0.130437
      vertex 47.049 17.5005 0.129141
    endloop
  endfacet
  facet normal 0 1 0
    outer loop
      vertex 46.8349 17.5005 0.0150871
      vertex 47.049 17.5005 0.129141
      vertex 47.0488 17.5005 0.127844
    endloop
  endfacet
  facet normal 0 1 0
    outer loop
      vertex 46.8349 17.5005 0.0150871
      vertex 47.0488 17.5005 0.127844
      vertex 47.0486 17.5005 0.126548
    endloop
  endfacet
  facet normal 0 1 0
    outer loop
      vertex 46.8349 17.5005 0.0150871
      vertex 47.0486 17.5005 0.126548
      vertex 47.0484 17.5005 0.125258
    endloop
  endfacet
  facet normal 0 1 0
    outer loop
      vertex 46.8349 17.5005 0.0150871
      vertex 47.0484 17.5005 0.125258
      vertex 47.0482 17.5005 0.12397
    endloop
  endfacet
  facet normal 0 1 0
    outer loop
      vertex 46.8349 17.5005 0.0150871
      vertex 47.0482 17.5005 0.12397
      vertex 47.048 17.5005 0.122681
    endloop
  endfacet
  facet normal 0 1 0
    outer loop
      vertex 46.8349 17.5005 0.0150871
      vertex 47.048 17.5005 0.122681
      vertex 47.0477 17.5005 0.121399
    endloop
  endfacet
  facet normal 0 1 0
    outer loop
      vertex 46.8349 17.5005 0.0150871
      vertex 47.0477 17.5005 0.121399
      vertex 47.0475 17.5005 0.120118
    endloop
  endfacet
  facet normal 0 1 0
    outer loop
      vertex 46.8349 17.5005 0.0150871
      vertex 47.0475 17.5005 0.120118
      vertex 47.0472 17.5005 0.118836
    endloop
  endfacet
  facet normal 0 1 0
    outer loop
      vertex 46.8349 17.5005 0.0150871
      vertex 47.0472 17.5005 0.118836
      vertex 47.0469 17.5005 0.117555
    endloop
  endfacet
  facet normal 0 1 0
    outer loop
      vertex 46.8349 17.5005 0.0150871
      vertex 47.0469 17.5005 0.117555
      vertex 47.0466 17.5005 0.116281
    endloop
  endfacet
  facet normal 0 1 0
    outer loop
      vertex 46.8349 17.5005 0.0150871
      vertex 47.0466 17.5005 0.116281
      vertex 47.0463 17.5005 0.115006
    endloop
  endfacet
  facet normal 0 1 0
    outer loop
      vertex 46.8349 17.5005 0.0150871
      vertex 47.0463 17.5005 0.115006
      vertex 47.046 17.5005 0.113732
    endloop
  endfacet
  facet normal 0 1 0
    outer loop
      vertex 46.8349 17.5005 0.0150871
      vertex 47.046 17.5005 0.113732
      vertex 47.0457 17.5005 0.112466
    endloop
  endfacet
  facet normal 0 1 0
    outer loop
      vertex 46.8349 17.5005 0.0150871
      vertex 47.0457 17.5005 0.112466
      vertex 47.0454 17.5005 0.111199
    endloop
  endfacet
  facet normal 0 1 0
    outer loop
      vertex 46.8349 17.5005 0.0150871
      vertex 47.0454 17.5005 0.111199
      vertex 47.045 17.5005 0.109941
    endloop
  endfacet
  facet normal 0 1 0
    outer loop
      vertex 46.8349 17.5005 0.0150871
      vertex 47.045 17.5005 0.109941
      vertex 47.0447 17.5005 0.108681
    endloop
  endfacet
  facet normal 0 1 0
    outer loop
      vertex 46.8349 17.5005 0.0150871
      vertex 47.0447 17.5005 0.108681
      vertex 47.0443 17.5005 0.10743
    endloop
  endfacet
  facet normal 0 1 0
    outer loop
      vertex 46.8349 17.5005 0.0150871
      vertex 47.0443 17.5005 0.10743
      vertex 47.0439 17.5005 0.106171
    endloop
  endfacet
  facet normal 0 1 0
    outer loop
      vertex 46.8349 17.5005 0.0150871
      vertex 47.0439 17.5005 0.106171
      vertex 47.0436 17.5005 0.104926
    endloop
  endfacet
  facet normal 0 1 0
    outer loop
      vertex 46.8349 17.5005 0.0150871
      vertex 47.0436 17.5005 0.104926
      vertex 47.0432 17.5005 0.103674
    endloop
  endfacet
  facet normal 0 1 0
    outer loop
      vertex 46.8349 17.5005 0.0150871
      vertex 47.0432 17.5005 0.103674
      vertex 47.0427 17.5005 0.102438
    endloop
  endfacet
  facet normal 0 1 0
    outer loop
      vertex 46.8349 17.5005 0.0150871
      vertex 47.0427 17.5005 0.102438
      vertex 47.0423 17.5005 0.101193
    endloop
  endfacet
  facet normal 0 1 0
    outer loop
      vertex 46.8349 17.5005 0.0150871
      vertex 47.0423 17.5005 0.101193
      vertex 47.0419 17.5005 0.0999641
    endloop
  endfacet
  facet normal 0 1 0
    outer loop
      vertex 46.8349 17.5005 0.0150871
      vertex 47.0419 17.5005 0.0999641
      vertex 47.0415 17.5005 0.0987272
    endloop
  endfacet
  facet normal 0 1 0
    outer loop
      vertex 46.8349 17.5005 0.0150871
      vertex 47.0415 17.5005 0.0987272
      vertex 47.041 17.5005 0.0975056
    endloop
  endfacet
  facet normal 0 1 0
    outer loop
      vertex 46.8349 17.5005 0.0150871
      vertex 47.041 17.5005 0.0975056
      vertex 47.0405 17.5005 0.0962763
    endloop
  endfacet
  facet normal 0 1 0
    outer loop
      vertex 46.8349 17.5005 0.0150871
      vertex 47.0405 17.5005 0.0962763
      vertex 47.0401 17.5005 0.0950613
    endloop
  endfacet
  facet normal 0 1 0
    outer loop
      vertex 46.8349 17.5005 0.0150871
      vertex 47.0401 17.5005 0.0950613
      vertex 47.0396 17.5005 0.0938473
    endloop
  endfacet
  facet normal 0 1 0
    outer loop
      vertex 46.8349 17.5005 0.0150871
      vertex 47.0396 17.5005 0.0938473
      vertex 47.0391 17.5005 0.0926323
    endloop
  endfacet
  facet normal 0 1 0
    outer loop
      vertex 46.8349 17.5005 0.0150871
      vertex 47.0391 17.5005 0.0926323
      vertex 47.0386 17.5005 0.0914259
    endloop
  endfacet
  facet normal 0 1 0
    outer loop
      vertex 46.8349 17.5005 0.0150871
      vertex 47.0386 17.5005 0.0914259
      vertex 47.0381 17.5005 0.0902262
    endloop
  endfacet
  facet normal 0 1 0
    outer loop
      vertex 46.8349 17.5005 0.0150871
      vertex 47.0381 17.5005 0.0902262
      vertex 47.0375 17.5005 0.0890265
    endloop
  endfacet
  facet normal 0 1 0
    outer loop
      vertex 46.8349 17.5005 0.0150871
      vertex 47.0375 17.5005 0.0890265
      vertex 47.037 17.5005 0.0878344
    endloop
  endfacet
  facet normal 0 1 0
    outer loop
      vertex 46.8349 17.5005 0.0150871
      vertex 47.037 17.5005 0.0878344
      vertex 47.0365 17.5005 0.0866499
    endloop
  endfacet
  facet normal 0 1 0
    outer loop
      vertex 46.8349 17.5005 0.0150871
      vertex 47.0365 17.5005 0.0866499
      vertex 47.0359 17.5005 0.0854654
    endloop
  endfacet
  facet normal 0 1 0
    outer loop
      vertex 46.8349 17.5005 0.0150871
      vertex 47.0359 17.5005 0.0854654
      vertex 47.0353 17.5005 0.0842876
    endloop
  endfacet
  facet normal 0 1 0
    outer loop
      vertex 46.8349 17.5005 0.0150871
      vertex 47.0353 17.5005 0.0842876
      vertex 47.0347 17.5005 0.0831108
    endloop
  endfacet
  facet normal 0 1 0
    outer loop
      vertex 46.8349 17.5005 0.0150871
      vertex 47.0347 17.5005 0.0831108
      vertex 47.0342 17.5005 0.0819407
    endloop
  endfacet
  facet normal 0 1 0
    outer loop
      vertex 46.8349 17.5005 0.0150871
      vertex 47.0342 17.5005 0.0819407
      vertex 47.0336 17.5005 0.0807791
    endloop
  endfacet
  facet normal 0 1 0
    outer loop
      vertex 46.8349 17.5005 0.0150871
      vertex 47.0336 17.5005 0.0807791
      vertex 47.033 17.5005 0.0796242
    endloop
  endfacet
  facet normal 0 1 0
    outer loop
      vertex 46.8349 17.5005 0.0150871
      vertex 47.033 17.5005 0.0796242
      vertex 47.0323 17.5005 0.0784693
    endloop
  endfacet
  facet normal 0 1 0
    outer loop
      vertex 46.8349 17.5005 0.0150871
      vertex 47.0323 17.5005 0.0784693
      vertex 47.0317 17.5005 0.077322
    endloop
  endfacet
  facet normal 0 1 0
    outer loop
      vertex 46.8349 17.5005 0.0150871
      vertex 47.0317 17.5005 0.077322
      vertex 47.0311 17.5005 0.0761814
    endloop
  endfacet
  facet normal 0 1 0
    outer loop
      vertex 46.8349 17.5005 0.0150871
      vertex 47.0311 17.5005 0.0761814
      vertex 47.0304 17.5005 0.0750494
    endloop
  endfacet
  facet normal 0 1 0
    outer loop
      vertex 46.8349 17.5005 0.0150871
      vertex 47.0304 17.5005 0.0750494
      vertex 47.0298 17.5005 0.0739164
    endloop
  endfacet
  facet normal 0 1 0
    outer loop
      vertex 46.8349 17.5005 0.0150871
      vertex 47.0298 17.5005 0.0739164
      vertex 47.0291 17.5005 0.0727921
    endloop
  endfacet
  facet normal 0 1 0
    outer loop
      vertex 46.8349 17.5005 0.0150871
      vertex 47.0291 17.5005 0.0727921
      vertex 47.0284 17.5005 0.0716743
    endloop
  endfacet
  facet normal 0 1 0
    outer loop
      vertex 46.8349 17.5005 0.0150871
      vertex 47.0284 17.5005 0.0716743
      vertex 47.0277 17.5005 0.0705643
    endloop
  endfacet
  facet normal 0 1 0
    outer loop
      vertex 46.8349 17.5005 0.0150871
      vertex 47.0277 17.5005 0.0705643
      vertex 47.027 17.5005 0.0694542
    endloop
  endfacet
  facet normal 0 1 0
    outer loop
      vertex 46.8349 17.5005 0.0150871
      vertex 47.027 17.5005 0.0694542
      vertex 47.0263 17.5005 0.0683508
    endloop
  endfacet
  facet normal 0 1 0
    outer loop
      vertex 46.8349 17.5005 0.0150871
      vertex 47.0263 17.5005 0.0683508
      vertex 47.0256 17.5005 0.067256
    endloop
  endfacet
  facet normal 0 1 0
    outer loop
      vertex 46.8349 17.5005 0.0150871
      vertex 47.0256 17.5005 0.067256
      vertex 47.0249 17.5005 0.0661678
    endloop
  endfacet
  facet normal 0 1 0
    outer loop
      vertex 46.8349 17.5005 0.0150871
      vertex 47.0249 17.5005 0.0661678
      vertex 47.0241 17.5005 0.0650883
    endloop
  endfacet
  facet normal 0 1 0
    outer loop
      vertex 46.8349 17.5005 0.0150871
      vertex 47.0241 17.5005 0.0650883
      vertex 47.0234 17.5005 0.0640154
    endloop
  endfacet
  facet normal 0 1 0
    outer loop
      vertex 46.8349 17.5005 0.0150871
      vertex 47.0234 17.5005 0.0640154
      vertex 47.0226 17.5005 0.0629492
    endloop
  endfacet
  facet normal 0 1 0
    outer loop
      vertex 46.8349 17.5005 0.0150871
      vertex 47.0226 17.5005 0.0629492
      vertex 47.0219 17.5005 0.0618839
    endloop
  endfacet
  facet normal 0 1 0
    outer loop
      vertex 46.8349 17.5005 0.0150871
      vertex 47.0219 17.5005 0.0618839
      vertex 47.0211 17.5005 0.0608263
    endloop
  endfacet
  facet normal 0 1 0
    outer loop
      vertex 46.8349 17.5005 0.0150871
      vertex 47.0211 17.5005 0.0608263
      vertex 47.0203 17.5005 0.059783
    endloop
  endfacet
  facet normal 0 1 0
    outer loop
      vertex 46.8349 17.5005 0.0150871
      vertex 47.0203 17.5005 0.059783
      vertex 47.0195 17.5005 0.0587397
    endloop
  endfacet
  facet normal 0 1 0
    outer loop
      vertex 46.8349 17.5005 0.0150871
      vertex 47.0195 17.5005 0.0587397
      vertex 47.0187 17.5005 0.057704
    endloop
  endfacet
  facet normal 0 1 0
    outer loop
      vertex 46.8349 17.5005 0.0150871
      vertex 47.0187 17.5005 0.057704
      vertex 47.0179 17.5005 0.0566759
    endloop
  endfacet
  facet normal 0 1 0
    outer loop
      vertex 46.8349 17.5005 0.0150871
      vertex 47.0179 17.5005 0.0566759
      vertex 47.0171 17.5005 0.0556555
    endloop
  endfacet
  facet normal 0 1 0
    outer loop
      vertex 46.8349 17.5005 0.0150871
      vertex 47.0171 17.5005 0.0556555
      vertex 47.0163 17.5005 0.0546417
    endloop
  endfacet
  facet normal 0 1 0
    outer loop
      vertex 46.8349 17.5005 0.0150871
      vertex 47.0163 17.5005 0.0546417
      vertex 47.0154 17.5005 0.0536366
    endloop
  endfacet
  facet normal 0 1 0
    outer loop
      vertex 46.8349 17.5005 0.0150871
      vertex 47.0154 17.5005 0.0536366
      vertex 47.0146 17.5005 0.0526381
    endloop
  endfacet
  facet normal 0 1 0
    outer loop
      vertex 46.8349 17.5005 0.0150871
      vertex 47.0146 17.5005 0.0526381
      vertex 47.0137 17.5005 0.0516472
    endloop
  endfacet
  facet normal 0 1 0
    outer loop
      vertex 46.8349 17.5005 0.0150871
      vertex 47.0137 17.5005 0.0516472
      vertex 47.0129 17.5005 0.0506639
    endloop
  endfacet
  facet normal 0 1 0
    outer loop
      vertex 46.8349 17.5005 0.0150871
      vertex 47.0129 17.5005 0.0506639
      vertex 47.012 17.5005 0.0496874
    endloop
  endfacet
  facet normal 0 1 0
    outer loop
      vertex 46.8349 17.5005 0.0150871
      vertex 47.012 17.5005 0.0496874
      vertex 47.0111 17.5005 0.0487185
    endloop
  endfacet
  facet normal 0 1 0
    outer loop
      vertex 46.8349 17.5005 0.0150871
      vertex 47.0111 17.5005 0.0487185
      vertex 47.0102 17.5005 0.0477581
    endloop
  endfacet
  facet normal 0 1 0
    outer loop
      vertex 46.8349 17.5005 0.0150871
      vertex 47.0102 17.5005 0.0477581
      vertex 47.0093 17.5005 0.0468044
    endloop
  endfacet
  facet normal 0 1 0
    outer loop
      vertex 46.8349 17.5005 0.0150871
      vertex 47.0093 17.5005 0.0468044
      vertex 47.0084 17.5005 0.0458574
    endloop
  endfacet
  facet normal 0 1 0
    outer loop
      vertex 46.8349 17.5005 0.0150871
      vertex 47.0084 17.5005 0.0458574
      vertex 47.0075 17.5005 0.044919
    endloop
  endfacet
  facet normal 0 1 0
    outer loop
      vertex 46.8349 17.5005 0.0150871
      vertex 47.0075 17.5005 0.044919
      vertex 47.0066 17.5005 0.0439882
    endloop
  endfacet
  facet normal 0 1 0
    outer loop
      vertex 46.8349 17.5005 0.0150871
      vertex 47.0066 17.5005 0.0439882
      vertex 47.0057 17.5005 0.0430717
    endloop
  endfacet
  facet normal 0 1 0
    outer loop
      vertex 46.8349 17.5005 0.0150871
      vertex 47.0057 17.5005 0.0430717
      vertex 47.0047 17.5005 0.0421553
    endloop
  endfacet
  facet normal 0 1 0
    outer loop
      vertex 46.8349 17.5005 0.0150871
      vertex 47.0047 17.5005 0.0421553
      vertex 47.0038 17.5005 0.0412531
    endloop
  endfacet
  facet normal 0 1 0
    outer loop
      vertex 46.8349 17.5005 0.0150871
      vertex 47.0038 17.5005 0.0412531
      vertex 47.0028 17.5005 0.0403519
    endloop
  endfacet
  facet normal 0 1 0
    outer loop
      vertex 46.8349 17.5005 0.0150871
      vertex 47.0028 17.5005 0.0403519
      vertex 47.0019 17.5005 0.039465
    endloop
  endfacet
  facet normal 0 1 0
    outer loop
      vertex 46.8349 17.5005 0.0150871
      vertex 47.0019 17.5005 0.039465
      vertex 47.0009 17.5005 0.0385857
    endloop
  endfacet
  facet normal 0 1 0
    outer loop
      vertex 46.8349 17.5005 0.0150871
      vertex 47.0009 17.5005 0.0385857
      vertex 46.9999 17.5005 0.037714
    endloop
  endfacet
  facet normal 0 1 0
    outer loop
      vertex 46.8349 17.5005 0.0150871
      vertex 46.9999 17.5005 0.037714
      vertex 46.999 17.5005 0.03685
    endloop
  endfacet
  facet normal 0 1 0
    outer loop
      vertex 46.8349 17.5005 0.0150871
      vertex 46.999 17.5005 0.03685
      vertex 46.998 17.5005 0.0359936
    endloop
  endfacet
  facet normal 0 1 0
    outer loop
      vertex 46.8349 17.5005 0.0150871
      vertex 46.998 17.5005 0.0359936
      vertex 46.997 17.5005 0.0351515
    endloop
  endfacet
  facet normal 0 1 0
    outer loop
      vertex 46.8349 17.5005 0.0150871
      vertex 46.997 17.5005 0.0351515
      vertex 46.996 17.5005 0.034317
    endloop
  endfacet
  facet normal 0 1 0
    outer loop
      vertex 46.8349 17.5005 0.0150871
      vertex 46.996 17.5005 0.034317
      vertex 46.995 17.5005 0.0334826
    endloop
  endfacet
  facet normal 0 1 0
    outer loop
      vertex 46.8349 17.5005 0.0150871
      vertex 46.995 17.5005 0.0334826
      vertex 46.9939 17.5005 0.0326633
    endloop
  endfacet
  facet normal 0 1 0
    outer loop
      vertex 46.8349 17.5005 0.0150871
      vertex 46.9939 17.5005 0.0326633
      vertex 46.9919 17.5005 0.0310535
    endloop
  endfacet
  facet normal 0 1 0
    outer loop
      vertex 46.8349 17.5005 0.0150871
      vertex 46.9919 17.5005 0.0310535
      vertex 46.9908 17.5005 0.0302639
    endloop
  endfacet
  facet normal 0 1 0
    outer loop
      vertex 46.8349 17.5005 0.0150871
      vertex 46.9908 17.5005 0.0302639
      vertex 46.9898 17.5005 0.0294819
    endloop
  endfacet
  facet normal 0 1 0
    outer loop
      vertex 46.8349 17.5005 0.0150871
      vertex 46.9898 17.5005 0.0294819
      vertex 46.9887 17.5005 0.0287066
    endloop
  endfacet
  facet normal 0 1 0
    outer loop
      vertex 46.8349 17.5005 0.0150871
      vertex 46.9887 17.5005 0.0287066
      vertex 46.9877 17.5005 0.0279388
    endloop
  endfacet
  facet normal 0 1 0
    outer loop
      vertex 46.8349 17.5005 0.0150871
      vertex 46.9877 17.5005 0.0279388
      vertex 46.9866 17.5005 0.0271864
    endloop
  endfacet
  facet normal 0 1 0
    outer loop
      vertex 46.8349 17.5005 0.0150871
      vertex 46.9866 17.5005 0.0271864
      vertex 46.9855 17.5005 0.0264339
    endloop
  endfacet
  facet normal 0 1 0
    outer loop
      vertex 46.8349 17.5005 0.0150871
      vertex 46.9855 17.5005 0.0264339
      vertex 46.9844 17.5005 0.0256968
    endloop
  endfacet
  facet normal 0 1 0
    outer loop
      vertex 46.8349 17.5005 0.0150871
      vertex 46.9844 17.5005 0.0256968
      vertex 46.9834 17.5005 0.0249739
    endloop
  endfacet
  facet normal 0 1 0
    outer loop
      vertex 46.8349 17.5005 0.0150871
      vertex 46.9834 17.5005 0.0249739
      vertex 46.9823 17.5005 0.024251
    endloop
  endfacet
  facet normal 0 1 0
    outer loop
      vertex 46.8349 17.5005 0.0150871
      vertex 46.9823 17.5005 0.024251
      vertex 46.9812 17.5005 0.0235434
    endloop
  endfacet
  facet normal 0 1 0
    outer loop
      vertex 46.8349 17.5005 0.0150871
      vertex 46.9812 17.5005 0.0235434
      vertex 46.9801 17.5005 0.02285
    endloop
  endfacet
  facet normal 0 1 0
    outer loop
      vertex 46.8349 17.5005 0.0150871
      vertex 46.9801 17.5005 0.02285
      vertex 46.979 17.5005 0.0221577
    endloop
  endfacet
  facet normal 0 1 0
    outer loop
      vertex 46.8349 17.5005 0.0150871
      vertex 46.979 17.5005 0.0221577
      vertex 46.9778 17.5005 0.0214796
    endloop
  endfacet
  facet normal 0 1 0
    outer loop
      vertex 46.8349 17.5005 0.0150871
      vertex 46.9778 17.5005 0.0214796
      vertex 46.9767 17.5005 0.0208092
    endloop
  endfacet
  facet normal 0 1 0
    outer loop
      vertex 46.8349 17.5005 0.0150871
      vertex 46.9767 17.5005 0.0208092
      vertex 46.9756 17.5005 0.020153
    endloop
  endfacet
  facet normal 0 1 0
    outer loop
      vertex 46.8349 17.5005 0.0150871
      vertex 46.9756 17.5005 0.020153
      vertex 46.9744 17.5005 0.0194979
    endloop
  endfacet
  facet normal 0 1 0
    outer loop
      vertex 46.8349 17.5005 0.0150871
      vertex 46.9744 17.5005 0.0194979
      vertex 46.9733 17.5005 0.018857
    endloop
  endfacet
  facet normal 0 1 0
    outer loop
      vertex 46.8349 17.5005 0.0150871
      vertex 46.9733 17.5005 0.018857
      vertex 46.9722 17.5005 0.0182314
    endloop
  endfacet
  facet normal 0 1 0
    outer loop
      vertex 46.8349 17.5005 0.0150871
      vertex 46.9722 17.5005 0.0182314
      vertex 46.971 17.5005 0.0176125
    endloop
  endfacet
  facet normal 0 1 0
    outer loop
      vertex 46.8349 17.5005 0.0150871
      vertex 46.971 17.5005 0.0176125
      vertex 46.9698 17.5005 0.0170021
    endloop
  endfacet
  facet normal 0 1 0
    outer loop
      vertex 46.8349 17.5005 0.0150871
      vertex 46.9698 17.5005 0.0170021
      vertex 46.9687 17.5005 0.0163984
    endloop
  endfacet
  facet normal 0 1 0
    outer loop
      vertex 46.8349 17.5005 0.0150871
      vertex 46.9687 17.5005 0.0163984
      vertex 46.9675 17.5005 0.01581
    endloop
  endfacet
  facet normal 0 1 0
    outer loop
      vertex 46.8349 17.5005 0.0150871
      vertex 46.9675 17.5005 0.01581
      vertex 46.9663 17.5005 0.0152283
    endloop
  endfacet
  facet normal 0 1 0
    outer loop
      vertex 47.0505 17.5005 0.150002
      vertex 46.8349 17.5005 0.0150871
      vertex 45.9971 17.5005 0.426575
    endloop
  endfacet
  facet normal 0 1 -0
    outer loop
      vertex 46.9652 17.5005 0.0146627
      vertex 46.8349 17.5005 0.0150871
      vertex 46.9663 17.5005 0.0152283
    endloop
  endfacet
  facet normal 0 1 0
    outer loop
      vertex 46.9652 17.5005 0.0146627
      vertex 46.8361 17.5005 0.0145206
      vertex 46.8349 17.5005 0.0150871
    endloop
  endfacet
  facet normal 0 1 -0
    outer loop
      vertex 46.964 17.5005 0.0141039
      vertex 46.8361 17.5005 0.0145206
      vertex 46.9652 17.5005 0.0146627
    endloop
  endfacet
  facet normal 0 1 0
    outer loop
      vertex 46.964 17.5005 0.0141039
      vertex 46.8373 17.5005 0.0139694
      vertex 46.8361 17.5005 0.0145206
    endloop
  endfacet
  facet normal 0 1 -0
    outer loop
      vertex 46.9628 17.5005 0.0135517
      vertex 46.8373 17.5005 0.0139694
      vertex 46.964 17.5005 0.0141039
    endloop
  endfacet
  facet normal 0 1 0
    outer loop
      vertex 46.9628 17.5005 0.0135517
      vertex 46.8385 17.5005 0.0134182
      vertex 46.8373 17.5005 0.0139694
    endloop
  endfacet
  facet normal 0 1 -0
    outer loop
      vertex 46.9616 17.5005 0.0130157
      vertex 46.8385 17.5005 0.0134182
      vertex 46.9628 17.5005 0.0135517
    endloop
  endfacet
  facet normal 0 1 0
    outer loop
      vertex 46.9616 17.5005 0.0130157
      vertex 46.8397 17.5005 0.0128813
      vertex 46.8385 17.5005 0.0134182
    endloop
  endfacet
  facet normal 0 1 -0
    outer loop
      vertex 46.9604 17.5005 0.0124865
      vertex 46.8397 17.5005 0.0128813
      vertex 46.9616 17.5005 0.0130157
    endloop
  endfacet
  facet normal 0 1 0
    outer loop
      vertex 46.9604 17.5005 0.0124865
      vertex 46.8409 17.5005 0.0123596
      vertex 46.8397 17.5005 0.0128813
    endloop
  endfacet
  facet normal 0 1 -0
    outer loop
      vertex 46.9592 17.5005 0.0119724
      vertex 46.8409 17.5005 0.0123596
      vertex 46.9604 17.5005 0.0124865
    endloop
  endfacet
  facet normal 0 1 0
    outer loop
      vertex 46.9592 17.5005 0.0119724
      vertex 46.8421 17.5005 0.0118456
      vertex 46.8409 17.5005 0.0123596
    endloop
  endfacet
  facet normal 0 1 -0
    outer loop
      vertex 46.958 17.5005 0.011466
      vertex 46.8421 17.5005 0.0118456
      vertex 46.9592 17.5005 0.0119724
    endloop
  endfacet
  facet normal 0 1 0
    outer loop
      vertex 46.958 17.5005 0.011466
      vertex 46.8433 17.5005 0.0113392
      vertex 46.8421 17.5005 0.0118456
    endloop
  endfacet
  facet normal 0 1 -0
    outer loop
      vertex 46.9568 17.5005 0.0109673
      vertex 46.8433 17.5005 0.0113392
      vertex 46.958 17.5005 0.011466
    endloop
  endfacet
  facet normal 0 1 0
    outer loop
      vertex 46.9568 17.5005 0.0109673
      vertex 46.8445 17.5005 0.010848
      vertex 46.8433 17.5005 0.0113392
    endloop
  endfacet
  facet normal 0 1 -0
    outer loop
      vertex 46.9556 17.5005 0.0104828
      vertex 46.8445 17.5005 0.010848
      vertex 46.9568 17.5005 0.0109673
    endloop
  endfacet
  facet normal 0 1 0
    outer loop
      vertex 46.9556 17.5005 0.0104828
      vertex 46.8457 17.5005 0.0103636
      vertex 46.8445 17.5005 0.010848
    endloop
  endfacet
  facet normal 0 1 -0
    outer loop
      vertex 46.9544 17.5005 0.010006
      vertex 46.8457 17.5005 0.0103636
      vertex 46.9556 17.5005 0.0104828
    endloop
  endfacet
  facet normal 0 1 0
    outer loop
      vertex 46.9544 17.5005 0.010006
      vertex 46.8469 17.5005 0.00989437
      vertex 46.8457 17.5005 0.0103636
    endloop
  endfacet
  facet normal 0 1 -0
    outer loop
      vertex 46.9531 17.5005 0.00954342
      vertex 46.8469 17.5005 0.00989437
      vertex 46.9544 17.5005 0.010006
    endloop
  endfacet
  facet normal 0 1 0
    outer loop
      vertex 46.9531 17.5005 0.00954342
      vertex 46.8481 17.5005 0.00943184
      vertex 46.8469 17.5005 0.00989437
    endloop
  endfacet
  facet normal 0 1 -0
    outer loop
      vertex 46.9519 17.5005 0.00908947
      vertex 46.8481 17.5005 0.00943184
      vertex 46.9531 17.5005 0.00954342
    endloop
  endfacet
  facet normal 0 1 0
    outer loop
      vertex 46.9519 17.5005 0.00908947
      vertex 46.8494 17.5005 0.00897789
      vertex 46.8481 17.5005 0.00943184
    endloop
  endfacet
  facet normal 0 1 -0
    outer loop
      vertex 46.9507 17.5005 0.0086422
      vertex 46.8494 17.5005 0.00897789
      vertex 46.9519 17.5005 0.00908947
    endloop
  endfacet
  facet normal 0 1 0
    outer loop
      vertex 46.9507 17.5005 0.0086422
      vertex 46.8506 17.5005 0.00853825
      vertex 46.8494 17.5005 0.00897789
    endloop
  endfacet
  facet normal 0 1 -0
    outer loop
      vertex 46.9494 17.5005 0.00821018
      vertex 46.8506 17.5005 0.00853825
      vertex 46.9507 17.5005 0.0086422
    endloop
  endfacet
  facet normal 0 1 0
    outer loop
      vertex 46.9494 17.5005 0.00821018
      vertex 46.8518 17.5005 0.00810623
      vertex 46.8506 17.5005 0.00853825
    endloop
  endfacet
  facet normal 0 1 -0
    outer loop
      vertex 46.9482 17.5005 0.00779247
      vertex 46.8518 17.5005 0.00810623
      vertex 46.9494 17.5005 0.00821018
    endloop
  endfacet
  facet normal 0 1 0
    outer loop
      vertex 46.9482 17.5005 0.00779247
      vertex 46.8531 17.5005 0.00768852
      vertex 46.8518 17.5005 0.00810623
    endloop
  endfacet
  facet normal 0 1 -0
    outer loop
      vertex 46.947 17.5005 0.00738335
      vertex 46.8531 17.5005 0.00768852
      vertex 46.9482 17.5005 0.00779247
    endloop
  endfacet
  facet normal 0 1 0
    outer loop
      vertex 46.947 17.5005 0.00738335
      vertex 46.8543 17.5005 0.00727844
      vertex 46.8531 17.5005 0.00768852
    endloop
  endfacet
  facet normal 0 1 -0
    outer loop
      vertex 46.9457 17.5005 0.0069809
      vertex 46.8543 17.5005 0.00727844
      vertex 46.947 17.5005 0.00738335
    endloop
  endfacet
  facet normal 0 1 0
    outer loop
      vertex 46.9457 17.5005 0.0069809
      vertex 46.8556 17.5005 0.00688362
      vertex 46.8543 17.5005 0.00727844
    endloop
  endfacet
  facet normal 0 1 -0
    outer loop
      vertex 46.9445 17.5005 0.0065937
      vertex 46.8556 17.5005 0.00688362
      vertex 46.9457 17.5005 0.0069809
    endloop
  endfacet
  facet normal 0 1 0
    outer loop
      vertex 46.9445 17.5005 0.0065937
      vertex 46.8568 17.5005 0.00649643
      vertex 46.8556 17.5005 0.00688362
    endloop
  endfacet
  facet normal 0 1 -0
    outer loop
      vertex 46.9432 17.5005 0.00621319
      vertex 46.8568 17.5005 0.00649643
      vertex 46.9445 17.5005 0.0065937
    endloop
  endfacet
  facet normal 0 1 0
    outer loop
      vertex 46.9432 17.5005 0.00621319
      vertex 46.8581 17.5005 0.00612354
      vertex 46.8568 17.5005 0.00649643
    endloop
  endfacet
  facet normal 0 1 -0
    outer loop
      vertex 46.942 17.5005 0.00584793
      vertex 46.8581 17.5005 0.00612354
      vertex 46.9432 17.5005 0.00621319
    endloop
  endfacet
  facet normal 0 1 0
    outer loop
      vertex 46.942 17.5005 0.00584793
      vertex 46.8593 17.5005 0.00575924
      vertex 46.8581 17.5005 0.00612354
    endloop
  endfacet
  facet normal 0 1 -0
    outer loop
      vertex 46.9407 17.5005 0.0054903
      vertex 46.8593 17.5005 0.00575924
      vertex 46.942 17.5005 0.00584793
    endloop
  endfacet
  facet normal 0 1 0
    outer loop
      vertex 46.9407 17.5005 0.0054903
      vertex 46.8606 17.5005 0.00540161
      vertex 46.8593 17.5005 0.00575924
    endloop
  endfacet
  facet normal 0 1 -0
    outer loop
      vertex 46.9394 17.5005 0.00514793
      vertex 46.8606 17.5005 0.00540161
      vertex 46.9407 17.5005 0.0054903
    endloop
  endfacet
  facet normal 0 1 0
    outer loop
      vertex 46.9394 17.5005 0.00514793
      vertex 46.8618 17.5005 0.00505829
      vertex 46.8606 17.5005 0.00540161
    endloop
  endfacet
  facet normal 0 1 -0
    outer loop
      vertex 46.9382 17.5005 0.00481224
      vertex 46.8618 17.5005 0.00505829
      vertex 46.9394 17.5005 0.00514793
    endloop
  endfacet
  facet normal 0 1 0
    outer loop
      vertex 46.9382 17.5005 0.00481224
      vertex 46.8631 17.5005 0.00473022
      vertex 46.8618 17.5005 0.00505829
    endloop
  endfacet
  facet normal 0 1 -0
    outer loop
      vertex 46.9369 17.5005 0.00448513
      vertex 46.8631 17.5005 0.00473022
      vertex 46.9382 17.5005 0.00481224
    endloop
  endfacet
  facet normal 0 1 0
    outer loop
      vertex 46.9369 17.5005 0.00448513
      vertex 46.8644 17.5005 0.00441074
      vertex 46.8631 17.5005 0.00473022
    endloop
  endfacet
  facet normal 0 1 -0
    outer loop
      vertex 46.9356 17.5005 0.004179
      vertex 46.8644 17.5005 0.00441074
      vertex 46.9369 17.5005 0.00448513
    endloop
  endfacet
  facet normal 0 1 0
    outer loop
      vertex 46.9356 17.5005 0.004179
      vertex 46.8657 17.5005 0.00409698
      vertex 46.8644 17.5005 0.00441074
    endloop
  endfacet
  facet normal 0 1 -0
    outer loop
      vertex 46.9344 17.5005 0.00387383
      vertex 46.8657 17.5005 0.00409698
      vertex 46.9356 17.5005 0.004179
    endloop
  endfacet
  facet normal 0 1 0
    outer loop
      vertex 46.9344 17.5005 0.00387383
      vertex 46.8669 17.5005 0.00379944
      vertex 46.8657 17.5005 0.00409698
    endloop
  endfacet
  facet normal 0 1 -0
    outer loop
      vertex 46.9331 17.5005 0.00358295
      vertex 46.8669 17.5005 0.00379944
      vertex 46.9344 17.5005 0.00387383
    endloop
  endfacet
  facet normal 0 1 0
    outer loop
      vertex 46.9331 17.5005 0.00358295
      vertex 46.8682 17.5005 0.0035162
      vertex 46.8669 17.5005 0.00379944
    endloop
  endfacet
  facet normal 0 1 -0
    outer loop
      vertex 46.9318 17.5005 0.00330734
      vertex 46.8682 17.5005 0.0035162
      vertex 46.9331 17.5005 0.00358295
    endloop
  endfacet
  facet normal 0 1 0
    outer loop
      vertex 46.9318 17.5005 0.00330734
      vertex 46.8695 17.5005 0.00324059
      vertex 46.8682 17.5005 0.0035162
    endloop
  endfacet
  facet normal 0 1 -0
    outer loop
      vertex 46.9305 17.5005 0.00303936
      vertex 46.8695 17.5005 0.00324059
      vertex 46.9318 17.5005 0.00330734
    endloop
  endfacet
  facet normal 0 1 0
    outer loop
      vertex 46.9305 17.5005 0.00303936
      vertex 46.8708 17.5005 0.0029726
      vertex 46.8695 17.5005 0.00324059
    endloop
  endfacet
  facet normal 0 1 -0
    outer loop
      vertex 46.9292 17.5005 0.00278568
      vertex 46.8708 17.5005 0.0029726
      vertex 46.9305 17.5005 0.00303936
    endloop
  endfacet
  facet normal 0 1 0
    outer loop
      vertex 46.9292 17.5005 0.00278568
      vertex 46.872 17.5005 0.00271893
      vertex 46.8708 17.5005 0.0029726
    endloop
  endfacet
  facet normal 0 1 -0
    outer loop
      vertex 46.928 17.5005 0.00254059
      vertex 46.872 17.5005 0.00271893
      vertex 46.9292 17.5005 0.00278568
    endloop
  endfacet
  facet normal 0 1 0
    outer loop
      vertex 46.928 17.5005 0.00254059
      vertex 46.8733 17.5005 0.00248051
      vertex 46.872 17.5005 0.00271893
    endloop
  endfacet
  facet normal 0 1 -0
    outer loop
      vertex 46.9267 17.5005 0.00230217
      vertex 46.8733 17.5005 0.00248051
      vertex 46.928 17.5005 0.00254059
    endloop
  endfacet
  facet normal 0 1 0
    outer loop
      vertex 46.9267 17.5005 0.00230217
      vertex 46.8746 17.5005 0.00224972
      vertex 46.8733 17.5005 0.00248051
    endloop
  endfacet
  facet normal 0 1 -0
    outer loop
      vertex 46.9254 17.5005 0.00207806
      vertex 46.8746 17.5005 0.00224972
      vertex 46.9267 17.5005 0.00230217
    endloop
  endfacet
  facet normal 0 1 0
    outer loop
      vertex 46.9254 17.5005 0.00207806
      vertex 46.8759 17.5005 0.00202656
      vertex 46.8746 17.5005 0.00224972
    endloop
  endfacet
  facet normal 0 1 -0
    outer loop
      vertex 46.9241 17.5005 0.0018692
      vertex 46.8759 17.5005 0.00202656
      vertex 46.9254 17.5005 0.00207806
    endloop
  endfacet
  facet normal 0 1 0
    outer loop
      vertex 46.9241 17.5005 0.0018692
      vertex 46.8772 17.5005 0.0018177
      vertex 46.8759 17.5005 0.00202656
    endloop
  endfacet
  facet normal 0 1 -0
    outer loop
      vertex 46.9228 17.5005 0.00166893
      vertex 46.8772 17.5005 0.0018177
      vertex 46.9241 17.5005 0.0018692
    endloop
  endfacet
  facet normal 0 1 0
    outer loop
      vertex 46.9228 17.5005 0.00166893
      vertex 46.8785 17.5005 0.00162411
      vertex 46.8772 17.5005 0.0018177
    endloop
  endfacet
  facet normal 0 1 -0
    outer loop
      vertex 46.9215 17.5005 0.00148201
      vertex 46.8785 17.5005 0.00162411
      vertex 46.9228 17.5005 0.00166893
    endloop
  endfacet
  facet normal 0 1 0
    outer loop
      vertex 46.9215 17.5005 0.00148201
      vertex 46.8798 17.5005 0.00143719
      vertex 46.8785 17.5005 0.00162411
    endloop
  endfacet
  facet normal 0 1 -0
    outer loop
      vertex 46.9202 17.5005 0.00130367
      vertex 46.8798 17.5005 0.00143719
      vertex 46.9215 17.5005 0.00148201
    endloop
  endfacet
  facet normal 0 1 0
    outer loop
      vertex 46.9202 17.5005 0.00130367
      vertex 46.8811 17.5005 0.00125885
      vertex 46.8798 17.5005 0.00143719
    endloop
  endfacet
  facet normal 0 1 -0
    outer loop
      vertex 46.9189 17.5005 0.00113964
      vertex 46.8811 17.5005 0.00125885
      vertex 46.9202 17.5005 0.00130367
    endloop
  endfacet
  facet normal 0 1 0
    outer loop
      vertex 46.9189 17.5005 0.00113964
      vertex 46.8824 17.5005 0.00109482
      vertex 46.8811 17.5005 0.00125885
    endloop
  endfacet
  facet normal 0 1 -0
    outer loop
      vertex 46.9176 17.5005 0.000983238
      vertex 46.8824 17.5005 0.00109482
      vertex 46.9189 17.5005 0.00113964
    endloop
  endfacet
  facet normal 0 1 0
    outer loop
      vertex 46.9176 17.5005 0.000983238
      vertex 46.8837 17.5005 0.000946045
      vertex 46.8824 17.5005 0.00109482
    endloop
  endfacet
  facet normal 0 1 -0
    outer loop
      vertex 46.9163 17.5005 0.000834465
      vertex 46.8837 17.5005 0.000946045
      vertex 46.9176 17.5005 0.000983238
    endloop
  endfacet
  facet normal 0 1 0
    outer loop
      vertex 46.9163 17.5005 0.000834465
      vertex 46.885 17.5005 0.000803947
      vertex 46.8837 17.5005 0.000946045
    endloop
  endfacet
  facet normal 0 1 -0
    outer loop
      vertex 46.915 17.5005 0.000707626
      vertex 46.885 17.5005 0.000803947
      vertex 46.9163 17.5005 0.000834465
    endloop
  endfacet
  facet normal 0 1 0
    outer loop
      vertex 46.915 17.5005 0.000707626
      vertex 46.8863 17.5005 0.000677109
      vertex 46.885 17.5005 0.000803947
    endloop
  endfacet
  facet normal 0 1 -0
    outer loop
      vertex 46.9137 17.5005 0.000580788
      vertex 46.8863 17.5005 0.000677109
      vertex 46.915 17.5005 0.000707626
    endloop
  endfacet
  facet normal 0 1 0
    outer loop
      vertex 46.9137 17.5005 0.000580788
      vertex 46.8876 17.5005 0.000557899
      vertex 46.8863 17.5005 0.000677109
    endloop
  endfacet
  facet normal 0 1 -0
    outer loop
      vertex 46.9124 17.5005 0.000476837
      vertex 46.8876 17.5005 0.000557899
      vertex 46.9137 17.5005 0.000580788
    endloop
  endfacet
  facet normal 0 1 0
    outer loop
      vertex 46.9124 17.5005 0.000476837
      vertex 46.8889 17.5005 0.00044632
      vertex 46.8876 17.5005 0.000557899
    endloop
  endfacet
  facet normal 0 1 -0
    outer loop
      vertex 46.9111 17.5005 0.000379562
      vertex 46.8889 17.5005 0.00044632
      vertex 46.9124 17.5005 0.000476837
    endloop
  endfacet
  facet normal 0 1 0
    outer loop
      vertex 46.9111 17.5005 0.000379562
      vertex 46.8902 17.5005 0.000349998
      vertex 46.8889 17.5005 0.00044632
    endloop
  endfacet
  facet normal 0 1 -0
    outer loop
      vertex 46.9098 17.5005 0.000289917
      vertex 46.8902 17.5005 0.000349998
      vertex 46.9111 17.5005 0.000379562
    endloop
  endfacet
  facet normal 0 1 0
    outer loop
      vertex 46.9098 17.5005 0.000289917
      vertex 46.8915 17.5005 0.000267982
      vertex 46.8902 17.5005 0.000349998
    endloop
  endfacet
  facet normal 0 1 -0
    outer loop
      vertex 46.9085 17.5005 0.00021553
      vertex 46.8915 17.5005 0.000267982
      vertex 46.9098 17.5005 0.000289917
    endloop
  endfacet
  facet normal 0 1 0
    outer loop
      vertex 46.9085 17.5005 0.00021553
      vertex 46.8928 17.5005 0.000193596
      vertex 46.8915 17.5005 0.000267982
    endloop
  endfacet
  facet normal 0 1 -0
    outer loop
      vertex 46.9072 17.5005 0.000148773
      vertex 46.8928 17.5005 0.000193596
      vertex 46.9085 17.5005 0.00021553
    endloop
  endfacet
  facet normal 0 1 0
    outer loop
      vertex 46.9072 17.5005 0.000148773
      vertex 46.8941 17.5005 0.000133514
      vertex 46.8928 17.5005 0.000193596
    endloop
  endfacet
  facet normal 0 1 -0
    outer loop
      vertex 46.9059 17.5005 9.63211e-05
      vertex 46.8941 17.5005 0.000133514
      vertex 46.9072 17.5005 0.000148773
    endloop
  endfacet
  facet normal 0 1 0
    outer loop
      vertex 46.9059 17.5005 9.63211e-05
      vertex 46.8954 17.5005 8.86917e-05
      vertex 46.8941 17.5005 0.000133514
    endloop
  endfacet
  facet normal 0 1 -0
    outer loop
      vertex 46.9046 17.5005 5.14984e-05
      vertex 46.8954 17.5005 8.86917e-05
      vertex 46.9059 17.5005 9.63211e-05
    endloop
  endfacet
  facet normal 0 1 0
    outer loop
      vertex 46.9046 17.5005 5.14984e-05
      vertex 46.8967 17.5005 4.3869e-05
      vertex 46.8954 17.5005 8.86917e-05
    endloop
  endfacet
  facet normal 0 1 -0
    outer loop
      vertex 46.9033 17.5005 2.19345e-05
      vertex 46.8967 17.5005 4.3869e-05
      vertex 46.9046 17.5005 5.14984e-05
    endloop
  endfacet
  facet normal 0 1 0
    outer loop
      vertex 46.9033 17.5005 2.19345e-05
      vertex 46.898 17.5005 2.19345e-05
      vertex 46.8967 17.5005 4.3869e-05
    endloop
  endfacet
  facet normal 0 1 -0
    outer loop
      vertex 46.902 17.5005 6.67572e-06
      vertex 46.898 17.5005 2.19345e-05
      vertex 46.9033 17.5005 2.19345e-05
    endloop
  endfacet
  facet normal 0 1 0
    outer loop
      vertex 46.902 17.5005 6.67572e-06
      vertex 46.8993 17.5005 6.67572e-06
      vertex 46.898 17.5005 2.19345e-05
    endloop
  endfacet
  facet normal -0 1 0
    outer loop
      vertex 46.8993 17.5005 6.67572e-06
      vertex 46.902 17.5005 6.67572e-06
      vertex 46.9007 17.5005 0
    endloop
  endfacet
  facet normal 0 1 0
    outer loop
      vertex 33.5621 17.5005 46.0389
      vertex 33.5621 17.5005 45.6498
      vertex 32.1936 17.5005 44.8598
    endloop
  endfacet
  facet normal 1 0 0
    outer loop
      vertex 47.0505 17.5005 3.4106
      vertex 47.0505 10.7934 0.150002
      vertex 47.0505 17.5005 0.150002
    endloop
  endfacet
  facet normal 1 0 0
    outer loop
      vertex 47.0505 17.5005 3.4106
      vertex 47.0505 10.5178 0.593325
      vertex 47.0505 10.7934 0.150002
    endloop
  endfacet
  facet normal 1 0 0
    outer loop
      vertex 47.0505 17.5005 3.4106
      vertex 47.0505 10.1389 1.00374
      vertex 47.0505 10.5178 0.593325
    endloop
  endfacet
  facet normal 1 0 0
    outer loop
      vertex 47.0505 17.5005 3.4106
      vertex 47.0505 9.70671 1.3087
      vertex 47.0505 10.1389 1.00374
    endloop
  endfacet
  facet normal 1 0 0
    outer loop
      vertex 47.0505 17.5005 3.4106
      vertex 47.0505 9.23773 1.4965
      vertex 47.0505 9.70671 1.3087
    endloop
  endfacet
  facet normal 1 0 0
    outer loop
      vertex 47.0505 17.5005 3.4106
      vertex 47.0505 8.75 1.55991
      vertex 47.0505 9.23773 1.4965
    endloop
  endfacet
  facet normal 1 -0 0
    outer loop
      vertex 47.0505 0.000499725 3.4106
      vertex 47.0505 8.75 1.55991
      vertex 47.0505 17.5005 3.4106
    endloop
  endfacet
  facet normal 1 0 0
    outer loop
      vertex 47.0505 8.75 1.55991
      vertex 47.0505 0.000499725 3.4106
      vertex 47.0505 8.26227 1.4965
    endloop
  endfacet
  facet normal 1 0 0
    outer loop
      vertex 47.0505 0.000499725 3.4106
      vertex 47.0505 7.79329 1.3087
      vertex 47.0505 8.26227 1.4965
    endloop
  endfacet
  facet normal 1 0 0
    outer loop
      vertex 47.0505 0.000499725 3.4106
      vertex 47.0505 7.36107 1.00374
      vertex 47.0505 7.79329 1.3087
    endloop
  endfacet
  facet normal 1 0 0
    outer loop
      vertex 47.0505 0.000499725 3.4106
      vertex 47.0505 6.98223 0.593325
      vertex 47.0505 7.36107 1.00374
    endloop
  endfacet
  facet normal 1 0 0
    outer loop
      vertex 47.0505 0.000499725 3.4106
      vertex 47.0505 6.70662 0.150002
      vertex 47.0505 6.98223 0.593325
    endloop
  endfacet
  facet normal 1 0 0
    outer loop
      vertex 47.0505 6.70662 0.150002
      vertex 47.0505 0.000499725 3.4106
      vertex 47.0505 0.000499725 0.150002
    endloop
  endfacet
  facet normal 0.271637 0 0.9624
    outer loop
      vertex 44.1633 17.5005 4.22551
      vertex 47.0505 0.000499725 3.4106
      vertex 47.0505 17.5005 3.4106
    endloop
  endfacet
  facet normal 0.271637 0 0.9624
    outer loop
      vertex 47.0505 0.000499725 3.4106
      vertex 44.1633 17.5005 4.22551
      vertex 44.1633 0.000499725 4.22551
    endloop
  endfacet
  facet normal 1 -0 0
    outer loop
      vertex 33.5621 0.000499725 46.0389
      vertex 33.5621 17.5005 45.6498
      vertex 33.5621 17.5005 46.0389
    endloop
  endfacet
  facet normal 1 0 0
    outer loop
      vertex 33.5621 17.5005 45.6498
      vertex 33.5621 0.000499725 46.0389
      vertex 33.5621 0.000499725 45.6498
    endloop
  endfacet
  facet normal 0.499951 0 -0.866054
    outer loop
      vertex 32.1936 0.000499725 44.8598
      vertex 33.5621 17.5005 45.6498
      vertex 33.5621 0.000499725 45.6498
    endloop
  endfacet
  facet normal 0.499951 0 -0.866054
    outer loop
      vertex 33.5621 17.5005 45.6498
      vertex 32.1936 0.000499725 44.8598
      vertex 32.1936 17.5005 44.8598
    endloop
  endfacet
  facet normal 0.986471 -0 0.163934
    outer loop
      vertex 32.9973 0.000499725 41.5126
      vertex 33.2432 17.5005 40.0329
      vertex 32.9973 17.5005 41.5126
    endloop
  endfacet
  facet normal 0.986471 0 0.163934
    outer loop
      vertex 33.2432 17.5005 40.0329
      vertex 32.9973 0.000499725 41.5126
      vertex 33.2432 0.000499725 40.0329
    endloop
  endfacet
  facet normal 0.635222 0 -0.77233
    outer loop
      vertex 31.782 0.000499725 38.8311
      vertex 33.2432 17.5005 40.0329
      vertex 33.2432 0.000499725 40.0329
    endloop
  endfacet
  facet normal 0.635222 0 -0.77233
    outer loop
      vertex 33.2432 17.5005 40.0329
      vertex 31.782 0.000499725 38.8311
      vertex 31.782 17.5005 38.8311
    endloop
  endfacet
  facet normal 0.67733 0 0.735679
    outer loop
      vertex 31.4591 17.5005 42.9288
      vertex 32.9973 0.000499725 41.5126
      vertex 32.9973 17.5005 41.5126
    endloop
  endfacet
  facet normal 0.67733 0 0.735679
    outer loop
      vertex 32.9973 0.000499725 41.5126
      vertex 31.4591 17.5005 42.9288
      vertex 31.4591 0.000499725 42.9288
    endloop
  endfacet
  facet normal 0.953958 -0 0.299941
    outer loop
      vertex 33.3145 0.000499725 35.8247
      vertex 33.7644 17.5005 34.3938
      vertex 33.3145 17.5005 35.8247
    endloop
  endfacet
  facet normal 0.953958 0 0.299941
    outer loop
      vertex 33.7644 17.5005 34.3938
      vertex 33.3145 0.000499725 35.8247
      vertex 33.7644 0.000499725 34.3938
    endloop
  endfacet
  facet normal 0.736766 0 -0.676148
    outer loop
      vertex 33.7644 0.000499725 34.3938
      vertex 32.6066 17.5005 33.1322
      vertex 33.7644 17.5005 34.3938
    endloop
  endfacet
  facet normal 0.736766 0 -0.676148
    outer loop
      vertex 32.6066 17.5005 33.1322
      vertex 33.7644 0.000499725 34.3938
      vertex 32.6066 0.000499725 33.1322
    endloop
  endfacet
  facet normal 0.568117 0 0.822948
    outer loop
      vertex 32.0376 17.5005 36.7062
      vertex 33.3145 0.000499725 35.8247
      vertex 33.3145 17.5005 35.8247
    endloop
  endfacet
  facet normal 0.568117 0 0.822948
    outer loop
      vertex 33.3145 0.000499725 35.8247
      vertex 32.0376 17.5005 36.7062
      vertex 32.0376 0.000499725 36.7062
    endloop
  endfacet
  facet normal 0.915848 -0 0.401525
    outer loop
      vertex 34.3588 0.000499725 30.1829
      vertex 34.9611 17.5005 28.8091
      vertex 34.3588 17.5005 30.1829
    endloop
  endfacet
  facet normal 0.915848 0 0.401525
    outer loop
      vertex 34.9611 17.5005 28.8091
      vertex 34.3588 0.000499725 30.1829
      vertex 34.9611 0.000499725 28.8091
    endloop
  endfacet
  facet normal 0.805685 0 -0.592345
    outer loop
      vertex 34.9611 0.000499725 28.8091
      vertex 33.9013 17.5005 27.3676
      vertex 34.9611 17.5005 28.8091
    endloop
  endfacet
  facet normal 0.805685 0 -0.592345
    outer loop
      vertex 33.9013 17.5005 27.3676
      vertex 34.9611 0.000499725 28.8091
      vertex 33.9013 0.000499725 27.3676
    endloop
  endfacet
  facet normal 0.475531 0 0.879699
    outer loop
      vertex 33.0546 17.5005 30.8879
      vertex 34.3588 0.000499725 30.1829
      vertex 34.3588 17.5005 30.1829
    endloop
  endfacet
  facet normal 0.475531 0 0.879699
    outer loop
      vertex 34.3588 0.000499725 30.1829
      vertex 33.0546 17.5005 30.8879
      vertex 33.0546 0.000499725 30.8879
    endloop
  endfacet
  facet normal 0.88188 -0 0.471474
    outer loop
      vertex 35.9482 0.000499725 24.6288
      vertex 36.6554 17.5005 23.306
      vertex 35.9482 17.5005 24.6288
    endloop
  endfacet
  facet normal 0.88188 0 0.471474
    outer loop
      vertex 36.6554 17.5005 23.306
      vertex 35.9482 0.000499725 24.6288
      vertex 36.6554 0.000499725 23.306
    endloop
  endfacet
  facet normal 0.849207 0 -0.52806
    outer loop
      vertex 36.6554 0.000499725 23.306
      vertex 35.6486 17.5005 21.6869
      vertex 36.6554 17.5005 23.306
    endloop
  endfacet
  facet normal 0.849207 0 -0.52806
    outer loop
      vertex 35.6486 17.5005 21.6869
      vertex 36.6554 0.000499725 23.306
      vertex 35.6486 0.000499725 21.6869
    endloop
  endfacet
  facet normal 0.405889 0 0.913923
    outer loop
      vertex 34.4889 17.5005 25.2769
      vertex 35.9482 0.000499725 24.6288
      vertex 35.9482 17.5005 24.6288
    endloop
  endfacet
  facet normal 0.405889 0 0.913923
    outer loop
      vertex 35.9482 0.000499725 24.6288
      vertex 34.4889 17.5005 25.2769
      vertex 34.4889 0.000499725 25.2769
    endloop
  endfacet
  facet normal 0.857516 -0 0.514457
    outer loop
      vertex 37.9121 0.000499725 19.157
      vertex 38.6838 17.5005 17.8707
      vertex 37.9121 17.5005 19.157
    endloop
  endfacet
  facet normal 0.857516 0 0.514457
    outer loop
      vertex 38.6838 17.5005 17.8707
      vertex 37.9121 0.000499725 19.157
      vertex 38.6838 0.000499725 17.8707
    endloop
  endfacet
  facet normal 0.874274 0 -0.485433
    outer loop
      vertex 38.6838 0.000499725 17.8707
      vertex 37.7802 17.5005 16.2433
      vertex 38.6838 17.5005 17.8707
    endloop
  endfacet
  facet normal 0.874274 0 -0.485433
    outer loop
      vertex 37.7802 17.5005 16.2433
      vertex 38.6838 0.000499725 17.8707
      vertex 37.7802 0.000499725 16.2433
    endloop
  endfacet
  facet normal 0.360152 0 0.932894
    outer loop
      vertex 36.3512 17.5005 19.7596
      vertex 37.9121 0.000499725 19.157
      vertex 37.9121 17.5005 19.157
    endloop
  endfacet
  facet normal 0.360152 0 0.932894
    outer loop
      vertex 37.9121 0.000499725 19.157
      vertex 36.3512 17.5005 19.7596
      vertex 36.3512 0.000499725 19.7596
    endloop
  endfacet
  facet normal 0.845449 -0 0.534056
    outer loop
      vertex 40.0973 0.000499725 13.7349
      vertex 40.8984 17.5005 12.4667
      vertex 40.0973 17.5005 13.7349
    endloop
  endfacet
  facet normal 0.845449 0 0.534056
    outer loop
      vertex 40.8984 17.5005 12.4667
      vertex 40.0973 0.000499725 13.7349
      vertex 40.8984 0.000499725 12.4667
    endloop
  endfacet
  facet normal 0.885252 0 -0.465111
    outer loop
      vertex 40.8984 0.000499725 12.4667
      vertex 40.2013 17.5005 11.1399
      vertex 40.8984 17.5005 12.4667
    endloop
  endfacet
  facet normal 0.885252 0 -0.465111
    outer loop
      vertex 40.2013 17.5005 11.1399
      vertex 40.8984 0.000499725 12.4667
      vertex 40.2013 0.000499725 11.1399
    endloop
  endfacet
  facet normal 0.338541 0 0.940952
    outer loop
      vertex 38.6784 17.5005 14.2454
      vertex 40.0973 0.000499725 13.7349
      vertex 40.0973 17.5005 13.7349
    endloop
  endfacet
  facet normal 0.338541 0 0.940952
    outer loop
      vertex 40.0973 0.000499725 13.7349
      vertex 38.6784 17.5005 14.2454
      vertex 38.6784 0.000499725 14.2454
    endloop
  endfacet
  facet normal 0.847586 -0 0.530658
    outer loop
      vertex 42.3605 0.000499725 8.30847
      vertex 43.1565 17.5005 7.03707
      vertex 42.3605 17.5005 8.30847
    endloop
  endfacet
  facet normal 0.847586 0 0.530658
    outer loop
      vertex 43.1565 17.5005 7.03707
      vertex 42.3605 0.000499725 8.30847
      vertex 43.1565 0.000499725 7.03707
    endloop
  endfacet
  facet normal 0.883365 0 -0.468685
    outer loop
      vertex 43.1565 0.000499725 7.03707
      vertex 42.8242 17.5005 6.41076
      vertex 43.1565 17.5005 7.03707
    endloop
  endfacet
  facet normal 0.883365 0 -0.468685
    outer loop
      vertex 42.8242 17.5005 6.41076
      vertex 43.1565 0.000499725 7.03707
      vertex 42.8242 0.000499725 6.41076
    endloop
  endfacet
  facet normal 0.342426 0 0.939545
    outer loop
      vertex 41.5645 17.5005 8.59858
      vertex 42.3605 0.000499725 8.30847
      vertex 42.3605 17.5005 8.30847
    endloop
  endfacet
  facet normal 0.342426 0 0.939545
    outer loop
      vertex 42.3605 0.000499725 8.30847
      vertex 41.5645 17.5005 8.59858
      vertex 41.5645 0.000499725 8.59858
    endloop
  endfacet
  facet normal 0.597337 0 -0.80199
    outer loop
      vertex 46.9939 0.000499725 0.0326633
      vertex 46.995 6.66651 0.0334826
      vertex 46.995 0.000499725 0.0334826
    endloop
  endfacet
  facet normal 0.597337 0 -0.80199
    outer loop
      vertex 46.995 6.66651 0.0334826
      vertex 46.9939 0.000499725 0.0326633
      vertex 46.9939 6.66653 0.0326633
    endloop
  endfacet
  facet normal 0.597337 0 -0.80199
    outer loop
      vertex 46.9939 17.5005 0.0326633
      vertex 46.995 10.8335 0.0334826
      vertex 46.9939 10.8335 0.0326633
    endloop
  endfacet
  facet normal 0.597337 0 -0.80199
    outer loop
      vertex 46.995 10.8335 0.0334826
      vertex 46.9939 17.5005 0.0326633
      vertex 46.995 17.5005 0.0334826
    endloop
  endfacet
  facet normal 0.640668 0 -0.767818
    outer loop
      vertex 46.995 0.000499725 0.0334826
      vertex 46.996 6.66649 0.034317
      vertex 46.996 0.000499725 0.034317
    endloop
  endfacet
  facet normal 0.640668 0 -0.767818
    outer loop
      vertex 46.996 6.66649 0.034317
      vertex 46.995 0.000499725 0.0334826
      vertex 46.995 6.66651 0.0334826
    endloop
  endfacet
  facet normal 0.640668 0 -0.767818
    outer loop
      vertex 46.995 17.5005 0.0334826
      vertex 46.996 10.8335 0.034317
      vertex 46.995 10.8335 0.0334826
    endloop
  endfacet
  facet normal 0.640668 0 -0.767818
    outer loop
      vertex 46.996 10.8335 0.034317
      vertex 46.995 17.5005 0.0334826
      vertex 46.996 17.5005 0.034317
    endloop
  endfacet
  facet normal 0.640713 0 -0.767781
    outer loop
      vertex 46.996 0.000499725 0.034317
      vertex 46.997 6.66648 0.0351515
      vertex 46.997 0.000499725 0.0351515
    endloop
  endfacet
  facet normal 0.640713 0 -0.767781
    outer loop
      vertex 46.997 6.66648 0.0351515
      vertex 46.996 0.000499725 0.034317
      vertex 46.996 6.66649 0.034317
    endloop
  endfacet
  facet normal 0.640713 0 -0.767781
    outer loop
      vertex 46.996 17.5005 0.034317
      vertex 46.997 10.8335 0.0351515
      vertex 46.996 10.8335 0.034317
    endloop
  endfacet
  facet normal 0.640713 0 -0.767781
    outer loop
      vertex 46.997 10.8335 0.0351515
      vertex 46.996 17.5005 0.034317
      vertex 46.997 17.5005 0.0351515
    endloop
  endfacet
  facet normal 0.644133 0 -0.764913
    outer loop
      vertex 46.997 0.000499725 0.0351515
      vertex 46.998 6.66647 0.0359936
      vertex 46.998 0.000499725 0.0359936
    endloop
  endfacet
  facet normal 0.644133 0 -0.764913
    outer loop
      vertex 46.998 6.66647 0.0359936
      vertex 46.997 0.000499725 0.0351515
      vertex 46.997 6.66648 0.0351515
    endloop
  endfacet
  facet normal 0.644133 0 -0.764913
    outer loop
      vertex 46.997 10.8335 0.0351515
      vertex 46.998 17.5005 0.0359936
      vertex 46.998 10.8335 0.0359936
    endloop
  endfacet
  facet normal 0.644133 0 -0.764913
    outer loop
      vertex 46.998 17.5005 0.0359936
      vertex 46.997 10.8335 0.0351515
      vertex 46.997 17.5005 0.0351515
    endloop
  endfacet
  facet normal 0.650466 0 -0.759535
    outer loop
      vertex 46.998 0.000499725 0.0359936
      vertex 46.999 6.66647 0.03685
      vertex 46.999 0.000499725 0.03685
    endloop
  endfacet
  facet normal 0.650466 0 -0.759535
    outer loop
      vertex 46.999 6.66647 0.03685
      vertex 46.998 0.000499725 0.0359936
      vertex 46.998 6.66647 0.0359936
    endloop
  endfacet
  facet normal 0.650466 0 -0.759535
    outer loop
      vertex 46.998 10.8335 0.0359936
      vertex 46.999 17.5005 0.03685
      vertex 46.999 10.8335 0.03685
    endloop
  endfacet
  facet normal 0.650466 0 -0.759535
    outer loop
      vertex 46.999 17.5005 0.03685
      vertex 46.998 10.8335 0.0359936
      vertex 46.998 17.5005 0.0359936
    endloop
  endfacet
  facet normal 0.692532 0 -0.721387
    outer loop
      vertex 46.999 0.000499725 0.03685
      vertex 46.9999 6.66648 0.037714
      vertex 46.9999 0.000499725 0.037714
    endloop
  endfacet
  facet normal 0.692532 0 -0.721387
    outer loop
      vertex 46.9999 6.66648 0.037714
      vertex 46.999 0.000499725 0.03685
      vertex 46.999 6.66647 0.03685
    endloop
  endfacet
  facet normal 0.692532 0 -0.721387
    outer loop
      vertex 46.999 10.8335 0.03685
      vertex 46.9999 17.5005 0.037714
      vertex 46.9999 10.8335 0.037714
    endloop
  endfacet
  facet normal 0.692532 0 -0.721387
    outer loop
      vertex 46.9999 17.5005 0.037714
      vertex 46.999 10.8335 0.03685
      vertex 46.999 17.5005 0.03685
    endloop
  endfacet
  facet normal 0.657095 0 -0.753808
    outer loop
      vertex 46.9999 6.66648 0.037714
      vertex 47.0009 0.000499725 0.0385857
      vertex 46.9999 0.000499725 0.037714
    endloop
  endfacet
  facet normal 0.657095 0 -0.753808
    outer loop
      vertex 47.0009 0.000499725 0.0385857
      vertex 46.9999 6.66648 0.037714
      vertex 47.0009 6.66649 0.0385857
    endloop
  endfacet
  facet normal 0.657095 0 -0.753808
    outer loop
      vertex 46.9999 10.8335 0.037714
      vertex 47.0009 17.5005 0.0385857
      vertex 47.0009 10.8335 0.0385857
    endloop
  endfacet
  facet normal 0.657095 0 -0.753808
    outer loop
      vertex 47.0009 17.5005 0.0385857
      vertex 46.9999 10.8335 0.037714
      vertex 46.9999 17.5005 0.037714
    endloop
  endfacet
  facet normal 0.660332 0 -0.750974
    outer loop
      vertex 47.0009 6.66649 0.0385857
      vertex 47.0019 0.000499725 0.039465
      vertex 47.0009 0.000499725 0.0385857
    endloop
  endfacet
  facet normal 0.660332 0 -0.750974
    outer loop
      vertex 47.0019 0.000499725 0.039465
      vertex 47.0009 6.66649 0.0385857
      vertex 47.0019 6.66651 0.039465
    endloop
  endfacet
  facet normal 0.660332 0 -0.750974
    outer loop
      vertex 47.0009 10.8335 0.0385857
      vertex 47.0019 17.5005 0.039465
      vertex 47.0019 10.8335 0.039465
    endloop
  endfacet
  facet normal 0.660332 0 -0.750974
    outer loop
      vertex 47.0019 17.5005 0.039465
      vertex 47.0009 10.8335 0.0385857
      vertex 47.0009 17.5005 0.0385857
    endloop
  endfacet
  facet normal 0.701904 0 -0.712272
    outer loop
      vertex 47.0019 6.66651 0.039465
      vertex 47.0028 0.000499725 0.0403519
      vertex 47.0019 0.000499725 0.039465
    endloop
  endfacet
  facet normal 0.701904 0 -0.712272
    outer loop
      vertex 47.0028 0.000499725 0.0403519
      vertex 47.0019 6.66651 0.039465
      vertex 47.0028 6.66653 0.0403519
    endloop
  endfacet
  facet normal 0.701904 0 -0.712272
    outer loop
      vertex 47.0019 10.8335 0.039465
      vertex 47.0028 17.5005 0.0403519
      vertex 47.0028 10.8335 0.0403519
    endloop
  endfacet
  facet normal 0.701904 0 -0.712272
    outer loop
      vertex 47.0028 17.5005 0.0403519
      vertex 47.0019 10.8335 0.039465
      vertex 47.0019 17.5005 0.039465
    endloop
  endfacet
  facet normal 0.669457 0 -0.742851
    outer loop
      vertex 47.0028 6.66653 0.0403519
      vertex 47.0038 0.000499725 0.0412531
      vertex 47.0028 0.000499725 0.0403519
    endloop
  endfacet
  facet normal 0.669457 0 -0.742851
    outer loop
      vertex 47.0038 0.000499725 0.0412531
      vertex 47.0028 6.66653 0.0403519
      vertex 47.0038 6.66656 0.0412531
    endloop
  endfacet
  facet normal 0.669457 0 -0.742851
    outer loop
      vertex 47.0028 10.8335 0.0403519
      vertex 47.0038 17.5005 0.0412531
      vertex 47.0038 10.8334 0.0412531
    endloop
  endfacet
  facet normal 0.669457 0 -0.742851
    outer loop
      vertex 47.0038 17.5005 0.0412531
      vertex 47.0028 10.8335 0.0403519
      vertex 47.0028 17.5005 0.0403519
    endloop
  endfacet
  facet normal 0.707969 0 -0.706243
    outer loop
      vertex 47.0038 6.66656 0.0412531
      vertex 47.0047 0.000499725 0.0421553
      vertex 47.0038 0.000499725 0.0412531
    endloop
  endfacet
  facet normal 0.707969 0 -0.706243
    outer loop
      vertex 47.0047 0.000499725 0.0421553
      vertex 47.0038 6.66656 0.0412531
      vertex 47.0047 6.6666 0.0421553
    endloop
  endfacet
  facet normal 0.707969 0 -0.706243
    outer loop
      vertex 47.0038 10.8334 0.0412531
      vertex 47.0047 17.5005 0.0421553
      vertex 47.0047 10.8334 0.0421553
    endloop
  endfacet
  facet normal 0.707969 0 -0.706243
    outer loop
      vertex 47.0047 17.5005 0.0421553
      vertex 47.0038 10.8334 0.0412531
      vertex 47.0038 17.5005 0.0412531
    endloop
  endfacet
  facet normal 0.675618 0 -0.737252
    outer loop
      vertex 47.0047 6.6666 0.0421553
      vertex 47.0057 0.000499725 0.0430717
      vertex 47.0047 0.000499725 0.0421553
    endloop
  endfacet
  facet normal 0.675618 0 -0.737252
    outer loop
      vertex 47.0057 0.000499725 0.0430717
      vertex 47.0047 6.6666 0.0421553
      vertex 47.0057 6.66665 0.0430717
    endloop
  endfacet
  facet normal 0.675618 0 -0.737252
    outer loop
      vertex 47.0047 10.8334 0.0421553
      vertex 47.0057 17.5005 0.0430717
      vertex 47.0057 10.8334 0.0430717
    endloop
  endfacet
  facet normal 0.675618 0 -0.737252
    outer loop
      vertex 47.0057 17.5005 0.0430717
      vertex 47.0047 10.8334 0.0421553
      vertex 47.0047 17.5005 0.0421553
    endloop
  endfacet
  facet normal 0.7135 0 -0.700655
    outer loop
      vertex 47.0057 6.66665 0.0430717
      vertex 47.0066 0.000499725 0.0439882
      vertex 47.0057 0.000499725 0.0430717
    endloop
  endfacet
  facet normal 0.7135 0 -0.700655
    outer loop
      vertex 47.0066 0.000499725 0.0439882
      vertex 47.0057 6.66665 0.0430717
      vertex 47.0066 6.66669 0.0439882
    endloop
  endfacet
  facet normal 0.7135 0 -0.700655
    outer loop
      vertex 47.0057 10.8334 0.0430717
      vertex 47.0066 17.5005 0.0439882
      vertex 47.0066 10.8333 0.0439882
    endloop
  endfacet
  facet normal 0.7135 0 -0.700655
    outer loop
      vertex 47.0066 17.5005 0.0439882
      vertex 47.0057 10.8334 0.0430717
      vertex 47.0057 17.5005 0.0430717
    endloop
  endfacet
  facet normal 0.718901 0 -0.695113
    outer loop
      vertex 47.0075 0.000499725 0.044919
      vertex 47.0066 6.66669 0.0439882
      vertex 47.0075 6.66675 0.044919
    endloop
  endfacet
  facet normal 0.718901 0 -0.695113
    outer loop
      vertex 47.0066 6.66669 0.0439882
      vertex 47.0075 0.000499725 0.044919
      vertex 47.0066 0.000499725 0.0439882
    endloop
  endfacet
  facet normal 0.718901 0 -0.695113
    outer loop
      vertex 47.0075 17.5005 0.044919
      vertex 47.0066 10.8333 0.0439882
      vertex 47.0066 17.5005 0.0439882
    endloop
  endfacet
  facet normal 0.718901 0 -0.695113
    outer loop
      vertex 47.0066 10.8333 0.0439882
      vertex 47.0075 17.5005 0.044919
      vertex 47.0075 10.8333 0.044919
    endloop
  endfacet
  facet normal 0.721719 0 -0.692186
    outer loop
      vertex 47.0084 0.000499725 0.0458574
      vertex 47.0075 6.66675 0.044919
      vertex 47.0084 6.66681 0.0458574
    endloop
  endfacet
  facet normal 0.721719 0 -0.692186
    outer loop
      vertex 47.0075 6.66675 0.044919
      vertex 47.0084 0.000499725 0.0458574
      vertex 47.0075 0.000499725 0.044919
    endloop
  endfacet
  facet normal 0.721719 0 -0.692186
    outer loop
      vertex 47.0084 17.5005 0.0458574
      vertex 47.0075 10.8333 0.044919
      vertex 47.0075 17.5005 0.044919
    endloop
  endfacet
  facet normal 0.721719 0 -0.692186
    outer loop
      vertex 47.0075 10.8333 0.044919
      vertex 47.0084 17.5005 0.0458574
      vertex 47.0084 10.8332 0.0458574
    endloop
  endfacet
  facet normal 0.724866 0 -0.68889
    outer loop
      vertex 47.0093 0.000499725 0.0468044
      vertex 47.0084 6.66681 0.0458574
      vertex 47.0093 6.66688 0.0468044
    endloop
  endfacet
  facet normal 0.724866 0 -0.68889
    outer loop
      vertex 47.0084 6.66681 0.0458574
      vertex 47.0093 0.000499725 0.0468044
      vertex 47.0084 0.000499725 0.0458574
    endloop
  endfacet
  facet normal 0.724866 0 -0.68889
    outer loop
      vertex 47.0093 17.5005 0.0468044
      vertex 47.0084 10.8332 0.0458574
      vertex 47.0084 17.5005 0.0458574
    endloop
  endfacet
  facet normal 0.724866 0 -0.68889
    outer loop
      vertex 47.0084 10.8332 0.0458574
      vertex 47.0093 17.5005 0.0468044
      vertex 47.0093 10.8331 0.0468044
    endloop
  endfacet
  facet normal 0.727286 0 -0.686335
    outer loop
      vertex 47.0102 0.000499725 0.0477581
      vertex 47.0093 6.66688 0.0468044
      vertex 47.0102 6.66695 0.0477581
    endloop
  endfacet
  facet normal 0.727286 0 -0.686335
    outer loop
      vertex 47.0093 6.66688 0.0468044
      vertex 47.0102 0.000499725 0.0477581
      vertex 47.0093 0.000499725 0.0468044
    endloop
  endfacet
  facet normal 0.727286 0 -0.686335
    outer loop
      vertex 47.0102 17.5005 0.0477581
      vertex 47.0093 10.8331 0.0468044
      vertex 47.0093 17.5005 0.0468044
    endloop
  endfacet
  facet normal 0.727286 0 -0.686335
    outer loop
      vertex 47.0093 10.8331 0.0468044
      vertex 47.0102 17.5005 0.0477581
      vertex 47.0102 10.833 0.0477581
    endloop
  endfacet
  facet normal 0.729679 0 -0.683789
    outer loop
      vertex 47.0111 0.000499725 0.0487185
      vertex 47.0102 6.66695 0.0477581
      vertex 47.0111 6.66703 0.0487185
    endloop
  endfacet
  facet normal 0.729679 0 -0.683789
    outer loop
      vertex 47.0102 6.66695 0.0477581
      vertex 47.0111 0.000499725 0.0487185
      vertex 47.0102 0.000499725 0.0477581
    endloop
  endfacet
  facet normal 0.729679 0 -0.683789
    outer loop
      vertex 47.0111 17.5005 0.0487185
      vertex 47.0102 10.833 0.0477581
      vertex 47.0102 17.5005 0.0477581
    endloop
  endfacet
  facet normal 0.729679 0 -0.683789
    outer loop
      vertex 47.0102 10.833 0.0477581
      vertex 47.0111 17.5005 0.0487185
      vertex 47.0111 10.833 0.0487185
    endloop
  endfacet
  facet normal 0.732678 0 -0.680576
    outer loop
      vertex 47.012 0.000499725 0.0496874
      vertex 47.0111 6.66703 0.0487185
      vertex 47.012 6.66712 0.0496874
    endloop
  endfacet
  facet normal 0.732678 0 -0.680576
    outer loop
      vertex 47.0111 6.66703 0.0487185
      vertex 47.012 0.000499725 0.0496874
      vertex 47.0111 0.000499725 0.0487185
    endloop
  endfacet
  facet normal 0.732678 0 -0.680576
    outer loop
      vertex 47.012 17.5005 0.0496874
      vertex 47.0111 10.833 0.0487185
      vertex 47.0111 17.5005 0.0487185
    endloop
  endfacet
  facet normal 0.732678 0 -0.680576
    outer loop
      vertex 47.0111 10.833 0.0487185
      vertex 47.012 17.5005 0.0496874
      vertex 47.012 10.8329 0.0496874
    endloop
  endfacet
  facet normal 0.735323 0 -0.677717
    outer loop
      vertex 47.0129 0.000499725 0.0506639
      vertex 47.012 6.66712 0.0496874
      vertex 47.0129 6.66721 0.0506639
    endloop
  endfacet
  facet normal 0.735323 0 -0.677717
    outer loop
      vertex 47.012 6.66712 0.0496874
      vertex 47.0129 0.000499725 0.0506639
      vertex 47.012 0.000499725 0.0496874
    endloop
  endfacet
  facet normal 0.735323 0 -0.677717
    outer loop
      vertex 47.0129 17.5005 0.0506639
      vertex 47.012 10.8329 0.0496874
      vertex 47.012 17.5005 0.0496874
    endloop
  endfacet
  facet normal 0.735323 0 -0.677717
    outer loop
      vertex 47.012 10.8329 0.0496874
      vertex 47.0129 17.5005 0.0506639
      vertex 47.0129 10.8328 0.0506639
    endloop
  endfacet
  facet normal 0.775701 0 -0.6311
    outer loop
      vertex 47.0137 0.000499725 0.0516472
      vertex 47.0129 6.66721 0.0506639
      vertex 47.0137 6.66731 0.0516472
    endloop
  endfacet
  facet normal 0.775701 0 -0.6311
    outer loop
      vertex 47.0129 6.66721 0.0506639
      vertex 47.0137 0.000499725 0.0516472
      vertex 47.0129 0.000499725 0.0506639
    endloop
  endfacet
  facet normal 0.775701 0 -0.6311
    outer loop
      vertex 47.0137 17.5005 0.0516472
      vertex 47.0129 10.8328 0.0506639
      vertex 47.0129 17.5005 0.0506639
    endloop
  endfacet
  facet normal 0.775701 0 -0.6311
    outer loop
      vertex 47.0129 10.8328 0.0506639
      vertex 47.0137 17.5005 0.0516472
      vertex 47.0137 10.8327 0.0516472
    endloop
  endfacet
  facet normal 0.740244 0 -0.672338
    outer loop
      vertex 47.0146 0.000499725 0.0526381
      vertex 47.0137 6.66731 0.0516472
      vertex 47.0146 6.66741 0.0526381
    endloop
  endfacet
  facet normal 0.740244 0 -0.672338
    outer loop
      vertex 47.0137 6.66731 0.0516472
      vertex 47.0146 0.000499725 0.0526381
      vertex 47.0137 0.000499725 0.0516472
    endloop
  endfacet
  facet normal 0.740244 0 -0.672338
    outer loop
      vertex 47.0146 17.5005 0.0526381
      vertex 47.0137 10.8327 0.0516472
      vertex 47.0137 17.5005 0.0516472
    endloop
  endfacet
  facet normal 0.740244 0 -0.672338
    outer loop
      vertex 47.0137 10.8327 0.0516472
      vertex 47.0146 17.5005 0.0526381
      vertex 47.0146 10.8326 0.0526381
    endloop
  endfacet
  facet normal 0.780411 0 -0.625267
    outer loop
      vertex 47.0154 0.000499725 0.0536366
      vertex 47.0146 6.66741 0.0526381
      vertex 47.0154 6.66752 0.0536366
    endloop
  endfacet
  facet normal 0.780411 0 -0.625267
    outer loop
      vertex 47.0146 6.66741 0.0526381
      vertex 47.0154 0.000499725 0.0536366
      vertex 47.0146 0.000499725 0.0526381
    endloop
  endfacet
  facet normal 0.780411 0 -0.625267
    outer loop
      vertex 47.0154 17.5005 0.0536366
      vertex 47.0146 10.8326 0.0526381
      vertex 47.0146 17.5005 0.0526381
    endloop
  endfacet
  facet normal 0.780411 0 -0.625267
    outer loop
      vertex 47.0146 10.8326 0.0526381
      vertex 47.0154 17.5005 0.0536366
      vertex 47.0154 10.8325 0.0536366
    endloop
  endfacet
  facet normal 0.744983 0 -0.667083
    outer loop
      vertex 47.0163 0.000499725 0.0546417
      vertex 47.0154 6.66752 0.0536366
      vertex 47.0163 6.66763 0.0546417
    endloop
  endfacet
  facet normal 0.744983 0 -0.667083
    outer loop
      vertex 47.0154 6.66752 0.0536366
      vertex 47.0163 0.000499725 0.0546417
      vertex 47.0154 0.000499725 0.0536366
    endloop
  endfacet
  facet normal 0.744983 0 -0.667083
    outer loop
      vertex 47.0163 17.5005 0.0546417
      vertex 47.0154 10.8325 0.0536366
      vertex 47.0154 17.5005 0.0536366
    endloop
  endfacet
  facet normal 0.744983 0 -0.667083
    outer loop
      vertex 47.0154 10.8325 0.0536366
      vertex 47.0163 17.5005 0.0546417
      vertex 47.0163 10.8324 0.0546417
    endloop
  endfacet
  facet normal 0.785021 0 -0.619469
    outer loop
      vertex 47.0171 0.000499725 0.0556555
      vertex 47.0163 6.66763 0.0546417
      vertex 47.0171 6.66776 0.0556555
    endloop
  endfacet
  facet normal 0.785021 0 -0.619469
    outer loop
      vertex 47.0163 6.66763 0.0546417
      vertex 47.0171 0.000499725 0.0556555
      vertex 47.0163 0.000499725 0.0546417
    endloop
  endfacet
  facet normal 0.785021 0 -0.619469
    outer loop
      vertex 47.0171 17.5005 0.0556555
      vertex 47.0163 10.8324 0.0546417
      vertex 47.0163 17.5005 0.0546417
    endloop
  endfacet
  facet normal 0.785021 0 -0.619469
    outer loop
      vertex 47.0163 10.8324 0.0546417
      vertex 47.0171 17.5005 0.0556555
      vertex 47.0171 10.8322 0.0556555
    endloop
  endfacet
  facet normal 0.786971 0 -0.61699
    outer loop
      vertex 47.0179 0.000499725 0.0566759
      vertex 47.0171 6.66776 0.0556555
      vertex 47.0179 6.66788 0.0566759
    endloop
  endfacet
  facet normal 0.786971 0 -0.61699
    outer loop
      vertex 47.0171 6.66776 0.0556555
      vertex 47.0179 0.000499725 0.0566759
      vertex 47.0171 0.000499725 0.0556555
    endloop
  endfacet
  facet normal 0.786971 0 -0.61699
    outer loop
      vertex 47.0179 17.5005 0.0566759
      vertex 47.0171 10.8322 0.0556555
      vertex 47.0171 17.5005 0.0556555
    endloop
  endfacet
  facet normal 0.786971 0 -0.61699
    outer loop
      vertex 47.0171 10.8322 0.0556555
      vertex 47.0179 17.5005 0.0566759
      vertex 47.0179 10.8321 0.0566759
    endloop
  endfacet
  facet normal 0.789216 0 -0.614116
    outer loop
      vertex 47.0187 0.000499725 0.057704
      vertex 47.0179 6.66788 0.0566759
      vertex 47.0187 6.66802 0.057704
    endloop
  endfacet
  facet normal 0.789216 0 -0.614116
    outer loop
      vertex 47.0179 6.66788 0.0566759
      vertex 47.0187 0.000499725 0.057704
      vertex 47.0179 0.000499725 0.0566759
    endloop
  endfacet
  facet normal 0.789216 0 -0.614116
    outer loop
      vertex 47.0187 17.5005 0.057704
      vertex 47.0179 10.8321 0.0566759
      vertex 47.0179 17.5005 0.0566759
    endloop
  endfacet
  facet normal 0.789216 0 -0.614116
    outer loop
      vertex 47.0179 10.8321 0.0566759
      vertex 47.0187 17.5005 0.057704
      vertex 47.0187 10.832 0.057704
    endloop
  endfacet
  facet normal 0.791401 0 -0.611297
    outer loop
      vertex 47.0195 0.000499725 0.0587397
      vertex 47.0187 6.66802 0.057704
      vertex 47.0195 6.66816 0.0587397
    endloop
  endfacet
  facet normal 0.791401 0 -0.611297
    outer loop
      vertex 47.0187 6.66802 0.057704
      vertex 47.0195 0.000499725 0.0587397
      vertex 47.0187 0.000499725 0.057704
    endloop
  endfacet
  facet normal 0.791401 0 -0.611297
    outer loop
      vertex 47.0195 17.5005 0.0587397
      vertex 47.0187 10.832 0.057704
      vertex 47.0187 17.5005 0.057704
    endloop
  endfacet
  facet normal 0.791401 0 -0.611297
    outer loop
      vertex 47.0187 10.832 0.057704
      vertex 47.0195 17.5005 0.0587397
      vertex 47.0195 10.8318 0.0587397
    endloop
  endfacet
  facet normal 0.793556 0 -0.608497
    outer loop
      vertex 47.0203 0.000499725 0.059783
      vertex 47.0195 6.66816 0.0587397
      vertex 47.0203 6.6683 0.059783
    endloop
  endfacet
  facet normal 0.793556 0 -0.608497
    outer loop
      vertex 47.0195 6.66816 0.0587397
      vertex 47.0203 0.000499725 0.059783
      vertex 47.0195 0.000499725 0.0587397
    endloop
  endfacet
  facet normal 0.793556 0 -0.608497
    outer loop
      vertex 47.0203 17.5005 0.059783
      vertex 47.0195 10.8318 0.0587397
      vertex 47.0195 17.5005 0.0587397
    endloop
  endfacet
  facet normal 0.793556 0 -0.608497
    outer loop
      vertex 47.0195 10.8318 0.0587397
      vertex 47.0203 17.5005 0.059783
      vertex 47.0203 10.8317 0.059783
    endloop
  endfacet
  facet normal 0.793556 0 -0.608497
    outer loop
      vertex 47.0211 0.000499725 0.0608263
      vertex 47.0203 6.6683 0.059783
      vertex 47.0211 6.66845 0.0608263
    endloop
  endfacet
  facet normal 0.793556 0 -0.608497
    outer loop
      vertex 47.0203 6.6683 0.059783
      vertex 47.0211 0.000499725 0.0608263
      vertex 47.0203 0.000499725 0.059783
    endloop
  endfacet
  facet normal 0.793556 0 -0.608497
    outer loop
      vertex 47.0211 17.5005 0.0608263
      vertex 47.0203 10.8317 0.059783
      vertex 47.0203 17.5005 0.059783
    endloop
  endfacet
  facet normal 0.793556 0 -0.608497
    outer loop
      vertex 47.0203 10.8317 0.059783
      vertex 47.0211 17.5005 0.0608263
      vertex 47.0211 10.8315 0.0608263
    endloop
  endfacet
  facet normal 0.797532 0 -0.603277
    outer loop
      vertex 47.0219 0.000499725 0.0618839
      vertex 47.0211 6.66845 0.0608263
      vertex 47.0219 6.66861 0.0618839
    endloop
  endfacet
  facet normal 0.797532 0 -0.603277
    outer loop
      vertex 47.0211 6.66845 0.0608263
      vertex 47.0219 0.000499725 0.0618839
      vertex 47.0211 0.000499725 0.0608263
    endloop
  endfacet
  facet normal 0.797532 0 -0.603277
    outer loop
      vertex 47.0219 17.5005 0.0618839
      vertex 47.0211 10.8315 0.0608263
      vertex 47.0211 17.5005 0.0608263
    endloop
  endfacet
  facet normal 0.797532 0 -0.603277
    outer loop
      vertex 47.0211 10.8315 0.0608263
      vertex 47.0219 17.5005 0.0618839
      vertex 47.0219 10.8314 0.0618839
    endloop
  endfacet
  facet normal 0.835725 0 -0.549148
    outer loop
      vertex 47.0226 0.000499725 0.0629492
      vertex 47.0219 6.66861 0.0618839
      vertex 47.0226 6.66878 0.0629492
    endloop
  endfacet
  facet normal 0.835725 0 -0.549148
    outer loop
      vertex 47.0219 6.66861 0.0618839
      vertex 47.0226 0.000499725 0.0629492
      vertex 47.0219 0.000499725 0.0618839
    endloop
  endfacet
  facet normal 0.835725 0 -0.549148
    outer loop
      vertex 47.0226 17.5005 0.0629492
      vertex 47.0219 10.8314 0.0618839
      vertex 47.0219 17.5005 0.0618839
    endloop
  endfacet
  facet normal 0.835725 0 -0.549148
    outer loop
      vertex 47.0219 10.8314 0.0618839
      vertex 47.0226 17.5005 0.0629492
      vertex 47.0226 10.8312 0.0629492
    endloop
  endfacet
  facet normal 0.799874 0 -0.600168
    outer loop
      vertex 47.0234 0.000499725 0.0640154
      vertex 47.0226 6.66878 0.0629492
      vertex 47.0234 6.66895 0.0640154
    endloop
  endfacet
  facet normal 0.799874 0 -0.600168
    outer loop
      vertex 47.0226 6.66878 0.0629492
      vertex 47.0234 0.000499725 0.0640154
      vertex 47.0226 0.000499725 0.0629492
    endloop
  endfacet
  facet normal 0.799874 0 -0.600168
    outer loop
      vertex 47.0234 17.5005 0.0640154
      vertex 47.0226 10.8312 0.0629492
      vertex 47.0226 17.5005 0.0629492
    endloop
  endfacet
  facet normal 0.799874 0 -0.600168
    outer loop
      vertex 47.0226 10.8312 0.0629492
      vertex 47.0234 17.5005 0.0640154
      vertex 47.0234 10.8311 0.0640154
    endloop
  endfacet
  facet normal 0.83751 0 -0.546423
    outer loop
      vertex 47.0241 0.000499725 0.0650883
      vertex 47.0234 6.66895 0.0640154
      vertex 47.0241 6.66912 0.0650883
    endloop
  endfacet
  facet normal 0.83751 0 -0.546423
    outer loop
      vertex 47.0234 6.66895 0.0640154
      vertex 47.0241 0.000499725 0.0650883
      vertex 47.0234 0.000499725 0.0640154
    endloop
  endfacet
  facet normal 0.83751 0 -0.546423
    outer loop
      vertex 47.0241 17.5005 0.0650883
      vertex 47.0234 10.8311 0.0640154
      vertex 47.0234 17.5005 0.0640154
    endloop
  endfacet
  facet normal 0.83751 0 -0.546423
    outer loop
      vertex 47.0234 10.8311 0.0640154
      vertex 47.0241 17.5005 0.0650883
      vertex 47.0241 10.8309 0.0650883
    endloop
  endfacet
  facet normal 0.803425 0 -0.595406
    outer loop
      vertex 47.0249 0.000499725 0.0661678
      vertex 47.0241 6.66912 0.0650883
      vertex 47.0249 6.6693 0.0661678
    endloop
  endfacet
  facet normal 0.803425 0 -0.595406
    outer loop
      vertex 47.0241 6.66912 0.0650883
      vertex 47.0249 0.000499725 0.0661678
      vertex 47.0241 0.000499725 0.0650883
    endloop
  endfacet
  facet normal 0.803425 0 -0.595406
    outer loop
      vertex 47.0249 17.5005 0.0661678
      vertex 47.0241 10.8309 0.0650883
      vertex 47.0241 17.5005 0.0650883
    endloop
  endfacet
  facet normal 0.803425 0 -0.595406
    outer loop
      vertex 47.0241 10.8309 0.0650883
      vertex 47.0249 17.5005 0.0661678
      vertex 47.0249 10.8307 0.0661678
    endloop
  endfacet
  facet normal 0.841023 0 -0.541
    outer loop
      vertex 47.0256 0.000499725 0.067256
      vertex 47.0249 6.6693 0.0661678
      vertex 47.0256 6.66949 0.067256
    endloop
  endfacet
  facet normal 0.841023 0 -0.541
    outer loop
      vertex 47.0249 6.6693 0.0661678
      vertex 47.0256 0.000499725 0.067256
      vertex 47.0249 0.000499725 0.0661678
    endloop
  endfacet
  facet normal 0.841023 0 -0.541
    outer loop
      vertex 47.0256 17.5005 0.067256
      vertex 47.0249 10.8307 0.0661678
      vertex 47.0249 17.5005 0.0661678
    endloop
  endfacet
  facet normal 0.841023 0 -0.541
    outer loop
      vertex 47.0249 10.8307 0.0661678
      vertex 47.0256 17.5005 0.067256
      vertex 47.0256 10.8305 0.067256
    endloop
  endfacet
  facet normal 0.842506 0 -0.538687
    outer loop
      vertex 47.0263 0.000499725 0.0683508
      vertex 47.0256 6.66949 0.067256
      vertex 47.0263 6.66968 0.0683508
    endloop
  endfacet
  facet normal 0.842506 0 -0.538687
    outer loop
      vertex 47.0256 6.66949 0.067256
      vertex 47.0263 0.000499725 0.0683508
      vertex 47.0256 0.000499725 0.067256
    endloop
  endfacet
  facet normal 0.842506 0 -0.538687
    outer loop
      vertex 47.0263 17.5005 0.0683508
      vertex 47.0256 10.8305 0.067256
      vertex 47.0256 17.5005 0.067256
    endloop
  endfacet
  facet normal 0.842506 0 -0.538687
    outer loop
      vertex 47.0256 10.8305 0.067256
      vertex 47.0263 17.5005 0.0683508
      vertex 47.0263 10.8303 0.0683508
    endloop
  endfacet
  facet normal 0.844411 0 -0.535696
    outer loop
      vertex 47.027 0.000499725 0.0694542
      vertex 47.0263 6.66968 0.0683508
      vertex 47.027 6.66988 0.0694542
    endloop
  endfacet
  facet normal 0.844411 0 -0.535696
    outer loop
      vertex 47.0263 6.66968 0.0683508
      vertex 47.027 0.000499725 0.0694542
      vertex 47.0263 0.000499725 0.0683508
    endloop
  endfacet
  facet normal 0.844411 0 -0.535696
    outer loop
      vertex 47.027 17.5005 0.0694542
      vertex 47.0263 10.8303 0.0683508
      vertex 47.0263 17.5005 0.0683508
    endloop
  endfacet
  facet normal 0.844411 0 -0.535696
    outer loop
      vertex 47.0263 10.8303 0.0683508
      vertex 47.027 17.5005 0.0694542
      vertex 47.027 10.8301 0.0694542
    endloop
  endfacet
  facet normal 0.845873 0 -0.533385
    outer loop
      vertex 47.0277 0.000499725 0.0705643
      vertex 47.027 6.66988 0.0694542
      vertex 47.0277 6.67009 0.0705643
    endloop
  endfacet
  facet normal 0.845873 0 -0.533385
    outer loop
      vertex 47.027 6.66988 0.0694542
      vertex 47.0277 0.000499725 0.0705643
      vertex 47.027 0.000499725 0.0694542
    endloop
  endfacet
  facet normal 0.845873 0 -0.533385
    outer loop
      vertex 47.0277 17.5005 0.0705643
      vertex 47.027 10.8301 0.0694542
      vertex 47.027 17.5005 0.0694542
    endloop
  endfacet
  facet normal 0.845873 0 -0.533385
    outer loop
      vertex 47.027 10.8301 0.0694542
      vertex 47.0277 17.5005 0.0705643
      vertex 47.0277 10.8299 0.0705643
    endloop
  endfacet
  facet normal 0.845851 0 -0.533419
    outer loop
      vertex 47.0284 0.000499725 0.0716743
      vertex 47.0277 6.67009 0.0705643
      vertex 47.0284 6.6703 0.0716743
    endloop
  endfacet
  facet normal 0.845851 0 -0.533419
    outer loop
      vertex 47.0277 6.67009 0.0705643
      vertex 47.0284 0.000499725 0.0716743
      vertex 47.0277 0.000499725 0.0705643
    endloop
  endfacet
  facet normal 0.845851 0 -0.533419
    outer loop
      vertex 47.0284 17.5005 0.0716743
      vertex 47.0277 10.8299 0.0705643
      vertex 47.0277 17.5005 0.0705643
    endloop
  endfacet
  facet normal 0.845851 0 -0.533419
    outer loop
      vertex 47.0277 10.8299 0.0705643
      vertex 47.0284 17.5005 0.0716743
      vertex 47.0284 10.8297 0.0716743
    endloop
  endfacet
  facet normal 0.847529 0 -0.530748
    outer loop
      vertex 47.0291 0.000499725 0.0727921
      vertex 47.0284 6.6703 0.0716743
      vertex 47.0291 6.67051 0.0727921
    endloop
  endfacet
  facet normal 0.847529 0 -0.530748
    outer loop
      vertex 47.0284 6.6703 0.0716743
      vertex 47.0291 0.000499725 0.0727921
      vertex 47.0284 0.000499725 0.0716743
    endloop
  endfacet
  facet normal 0.847529 0 -0.530748
    outer loop
      vertex 47.0291 17.5005 0.0727921
      vertex 47.0284 10.8297 0.0716743
      vertex 47.0284 17.5005 0.0716743
    endloop
  endfacet
  facet normal 0.847529 0 -0.530748
    outer loop
      vertex 47.0284 10.8297 0.0716743
      vertex 47.0291 17.5005 0.0727921
      vertex 47.0291 10.8295 0.0727921
    endloop
  endfacet
  facet normal 0.848909 0 -0.528539
    outer loop
      vertex 47.0298 0.000499725 0.0739164
      vertex 47.0291 6.67051 0.0727921
      vertex 47.0298 6.67073 0.0739164
    endloop
  endfacet
  facet normal 0.848909 0 -0.528539
    outer loop
      vertex 47.0291 6.67051 0.0727921
      vertex 47.0298 0.000499725 0.0739164
      vertex 47.0291 0.000499725 0.0727921
    endloop
  endfacet
  facet normal 0.848909 0 -0.528539
    outer loop
      vertex 47.0298 17.5005 0.0739164
      vertex 47.0291 10.8295 0.0727921
      vertex 47.0291 17.5005 0.0727921
    endloop
  endfacet
  facet normal 0.848909 0 -0.528539
    outer loop
      vertex 47.0291 10.8295 0.0727921
      vertex 47.0298 17.5005 0.0739164
      vertex 47.0298 10.8293 0.0739164
    endloop
  endfacet
  facet normal 0.883731 0 -0.467995
    outer loop
      vertex 47.0304 0.000499725 0.0750494
      vertex 47.0298 6.67073 0.0739164
      vertex 47.0304 6.67096 0.0750494
    endloop
  endfacet
  facet normal 0.883731 0 -0.467995
    outer loop
      vertex 47.0298 6.67073 0.0739164
      vertex 47.0304 0.000499725 0.0750494
      vertex 47.0298 0.000499725 0.0739164
    endloop
  endfacet
  facet normal 0.883731 0 -0.467995
    outer loop
      vertex 47.0304 17.5005 0.0750494
      vertex 47.0298 10.8293 0.0739164
      vertex 47.0298 17.5005 0.0739164
    endloop
  endfacet
  facet normal 0.883731 0 -0.467995
    outer loop
      vertex 47.0298 10.8293 0.0739164
      vertex 47.0304 17.5005 0.0750494
      vertex 47.0304 10.829 0.0750494
    endloop
  endfacet
  facet normal 0.850521 0 -0.525941
    outer loop
      vertex 47.0311 0.000499725 0.0761814
      vertex 47.0304 6.67096 0.0750494
      vertex 47.0311 6.6712 0.0761814
    endloop
  endfacet
  facet normal 0.850521 0 -0.525941
    outer loop
      vertex 47.0304 6.67096 0.0750494
      vertex 47.0311 0.000499725 0.0761814
      vertex 47.0304 0.000499725 0.0750494
    endloop
  endfacet
  facet normal 0.850521 0 -0.525941
    outer loop
      vertex 47.0311 17.5005 0.0761814
      vertex 47.0304 10.829 0.0750494
      vertex 47.0304 17.5005 0.0750494
    endloop
  endfacet
  facet normal 0.850521 0 -0.525941
    outer loop
      vertex 47.0304 10.829 0.0750494
      vertex 47.0311 17.5005 0.0761814
      vertex 47.0311 10.8288 0.0761814
    endloop
  endfacet
  facet normal 0.866352 0 -0.499434
    outer loop
      vertex 47.0317 0.000499725 0.077322
      vertex 47.0314 6.67133 0.0768016
      vertex 47.0317 6.67149 0.077322
    endloop
  endfacet
  facet normal 0.900214 6.51446e-06 -0.435448
    outer loop
      vertex 47.0317 0.000499725 0.077322
      vertex 47.0311 6.6712 0.0761814
      vertex 47.0314 6.67133 0.0768016
    endloop
  endfacet
  facet normal 0.885019 0 -0.465555
    outer loop
      vertex 47.0311 6.6712 0.0761814
      vertex 47.0317 0.000499725 0.077322
      vertex 47.0311 0.000499725 0.0761814
    endloop
  endfacet
  facet normal 0.885019 0 -0.465555
    outer loop
      vertex 47.0317 17.5005 0.077322
      vertex 47.0311 10.8288 0.0761814
      vertex 47.0311 17.5005 0.0761814
    endloop
  endfacet
  facet normal 0.900214 -6.51354e-06 -0.435448
    outer loop
      vertex 47.0317 17.5005 0.077322
      vertex 47.0314 10.8287 0.0768016
      vertex 47.0311 10.8288 0.0761814
    endloop
  endfacet
  facet normal 0.866352 0 -0.499434
    outer loop
      vertex 47.0314 10.8287 0.0768016
      vertex 47.0317 17.5005 0.077322
      vertex 47.0317 10.8285 0.077322
    endloop
  endfacet
  facet normal 0.886138 0 -0.463421
    outer loop
      vertex 47.0323 0.000499725 0.0784693
      vertex 47.0317 6.67149 0.077322
      vertex 47.0323 6.67187 0.0784693
    endloop
  endfacet
  facet normal 0.886138 0 -0.463421
    outer loop
      vertex 47.0317 6.67149 0.077322
      vertex 47.0323 0.000499725 0.0784693
      vertex 47.0317 0.000499725 0.077322
    endloop
  endfacet
  facet normal 0.886138 0 -0.463421
    outer loop
      vertex 47.0323 17.5005 0.0784693
      vertex 47.0317 10.8285 0.077322
      vertex 47.0317 17.5005 0.077322
    endloop
  endfacet
  facet normal 0.886138 0 -0.463421
    outer loop
      vertex 47.0317 10.8285 0.077322
      vertex 47.0323 17.5005 0.0784693
      vertex 47.0323 10.8281 0.0784693
    endloop
  endfacet
  facet normal 0.855178 0 -0.518335
    outer loop
      vertex 47.033 0.000499725 0.0796242
      vertex 47.0323 6.67187 0.0784693
      vertex 47.033 6.67226 0.0796242
    endloop
  endfacet
  facet normal 0.855178 0 -0.518335
    outer loop
      vertex 47.0323 6.67187 0.0784693
      vertex 47.033 0.000499725 0.0796242
      vertex 47.0323 0.000499725 0.0784693
    endloop
  endfacet
  facet normal 0.855178 0 -0.518335
    outer loop
      vertex 47.033 17.5005 0.0796242
      vertex 47.0323 10.8281 0.0784693
      vertex 47.0323 17.5005 0.0784693
    endloop
  endfacet
  facet normal 0.855178 0 -0.518335
    outer loop
      vertex 47.0323 10.8281 0.0784693
      vertex 47.033 17.5005 0.0796242
      vertex 47.033 10.8277 0.0796242
    endloop
  endfacet
  facet normal 0.887389 0 -0.461021
    outer loop
      vertex 47.0336 0.000499725 0.0807791
      vertex 47.033 6.67226 0.0796242
      vertex 47.0336 6.67265 0.0807791
    endloop
  endfacet
  facet normal 0.887389 0 -0.461021
    outer loop
      vertex 47.033 6.67226 0.0796242
      vertex 47.0336 0.000499725 0.0807791
      vertex 47.033 0.000499725 0.0796242
    endloop
  endfacet
  facet normal 0.887389 0 -0.461021
    outer loop
      vertex 47.0336 17.5005 0.0807791
      vertex 47.033 10.8277 0.0796242
      vertex 47.033 17.5005 0.0796242
    endloop
  endfacet
  facet normal 0.887389 0 -0.461021
    outer loop
      vertex 47.033 10.8277 0.0796242
      vertex 47.0336 17.5005 0.0807791
      vertex 47.0336 10.8274 0.0807791
    endloop
  endfacet
  facet normal 0.888476 0 -0.458923
    outer loop
      vertex 47.0342 0.000499725 0.0819407
      vertex 47.0336 6.67265 0.0807791
      vertex 47.0342 6.67305 0.0819407
    endloop
  endfacet
  facet normal 0.888476 0 -0.458923
    outer loop
      vertex 47.0336 6.67265 0.0807791
      vertex 47.0342 0.000499725 0.0819407
      vertex 47.0336 0.000499725 0.0807791
    endloop
  endfacet
  facet normal 0.888476 0 -0.458923
    outer loop
      vertex 47.0342 17.5005 0.0819407
      vertex 47.0336 10.8274 0.0807791
      vertex 47.0336 17.5005 0.0807791
    endloop
  endfacet
  facet normal 0.888476 0 -0.458923
    outer loop
      vertex 47.0336 10.8274 0.0807791
      vertex 47.0342 17.5005 0.0819407
      vertex 47.0342 10.827 0.0819407
    endloop
  endfacet
  facet normal 0.919563 0 -0.392942
    outer loop
      vertex 47.0347 0.000499725 0.0831108
      vertex 47.0342 6.67305 0.0819407
      vertex 47.0347 6.67346 0.0831108
    endloop
  endfacet
  facet normal 0.919563 0 -0.392942
    outer loop
      vertex 47.0342 6.67305 0.0819407
      vertex 47.0347 0.000499725 0.0831108
      vertex 47.0342 0.000499725 0.0819407
    endloop
  endfacet
  facet normal 0.919563 0 -0.392942
    outer loop
      vertex 47.0347 17.5005 0.0831108
      vertex 47.0342 10.827 0.0819407
      vertex 47.0342 17.5005 0.0819407
    endloop
  endfacet
  facet normal 0.919563 0 -0.392942
    outer loop
      vertex 47.0342 10.827 0.0819407
      vertex 47.0347 17.5005 0.0831108
      vertex 47.0347 10.8265 0.0831108
    endloop
  endfacet
  facet normal 0.890887 0 -0.454225
    outer loop
      vertex 47.0353 0.000499725 0.0842876
      vertex 47.0347 6.67346 0.0831108
      vertex 47.0353 6.67388 0.0842876
    endloop
  endfacet
  facet normal 0.890887 0 -0.454225
    outer loop
      vertex 47.0347 6.67346 0.0831108
      vertex 47.0353 0.000499725 0.0842876
      vertex 47.0347 0.000499725 0.0831108
    endloop
  endfacet
  facet normal 0.890887 0 -0.454225
    outer loop
      vertex 47.0353 17.5005 0.0842876
      vertex 47.0347 10.8265 0.0831108
      vertex 47.0347 17.5005 0.0831108
    endloop
  endfacet
  facet normal 0.890887 0 -0.454225
    outer loop
      vertex 47.0347 10.8265 0.0831108
      vertex 47.0353 17.5005 0.0842876
      vertex 47.0353 10.8261 0.0842876
    endloop
  endfacet
  facet normal 0.891043 0 -0.453919
    outer loop
      vertex 47.0359 0.000499725 0.0854654
      vertex 47.0353 6.67388 0.0842876
      vertex 47.0359 6.67431 0.0854654
    endloop
  endfacet
  facet normal 0.891043 0 -0.453919
    outer loop
      vertex 47.0353 6.67388 0.0842876
      vertex 47.0359 0.000499725 0.0854654
      vertex 47.0353 0.000499725 0.0842876
    endloop
  endfacet
  facet normal 0.891043 0 -0.453919
    outer loop
      vertex 47.0359 17.5005 0.0854654
      vertex 47.0353 10.8261 0.0842876
      vertex 47.0353 17.5005 0.0842876
    endloop
  endfacet
  facet normal 0.891043 0 -0.453919
    outer loop
      vertex 47.0353 10.8261 0.0842876
      vertex 47.0359 17.5005 0.0854654
      vertex 47.0359 10.8257 0.0854654
    endloop
  endfacet
  facet normal 0.89208 0 -0.451877
    outer loop
      vertex 47.0365 0.000499725 0.0866499
      vertex 47.0359 6.67431 0.0854654
      vertex 47.0365 6.67475 0.0866499
    endloop
  endfacet
  facet normal 0.89208 0 -0.451877
    outer loop
      vertex 47.0359 6.67431 0.0854654
      vertex 47.0365 0.000499725 0.0866499
      vertex 47.0359 0.000499725 0.0854654
    endloop
  endfacet
  facet normal 0.89208 0 -0.451877
    outer loop
      vertex 47.0365 17.5005 0.0866499
      vertex 47.0359 10.8257 0.0854654
      vertex 47.0359 17.5005 0.0854654
    endloop
  endfacet
  facet normal 0.89208 0 -0.451877
    outer loop
      vertex 47.0359 10.8257 0.0854654
      vertex 47.0365 17.5005 0.0866499
      vertex 47.0365 10.8253 0.0866499
    endloop
  endfacet
  facet normal 0.921284 0 -0.388891
    outer loop
      vertex 47.037 0.000499725 0.0878344
      vertex 47.0365 6.67475 0.0866499
      vertex 47.037 6.67519 0.0878344
    endloop
  endfacet
  facet normal 0.921284 0 -0.388891
    outer loop
      vertex 47.0365 6.67475 0.0866499
      vertex 47.037 0.000499725 0.0878344
      vertex 47.0365 0.000499725 0.0866499
    endloop
  endfacet
  facet normal 0.921284 0 -0.388891
    outer loop
      vertex 47.037 17.5005 0.0878344
      vertex 47.0365 10.8253 0.0866499
      vertex 47.0365 17.5005 0.0866499
    endloop
  endfacet
  facet normal 0.921284 0 -0.388891
    outer loop
      vertex 47.0365 10.8253 0.0866499
      vertex 47.037 17.5005 0.0878344
      vertex 47.037 10.8248 0.0878344
    endloop
  endfacet
  facet normal 0.92217 0 -0.386784
    outer loop
      vertex 47.0375 0.000499725 0.0890265
      vertex 47.037 6.67519 0.0878344
      vertex 47.0375 6.67565 0.0890265
    endloop
  endfacet
  facet normal 0.92217 0 -0.386784
    outer loop
      vertex 47.037 6.67519 0.0878344
      vertex 47.0375 0.000499725 0.0890265
      vertex 47.037 0.000499725 0.0878344
    endloop
  endfacet
  facet normal 0.92217 0 -0.386784
    outer loop
      vertex 47.0375 17.5005 0.0890265
      vertex 47.037 10.8248 0.0878344
      vertex 47.037 17.5005 0.0878344
    endloop
  endfacet
  facet normal 0.92217 0 -0.386784
    outer loop
      vertex 47.037 10.8248 0.0878344
      vertex 47.0375 17.5005 0.0890265
      vertex 47.0375 10.8244 0.0890265
    endloop
  endfacet
  facet normal 0.894382 0 -0.447303
    outer loop
      vertex 47.0381 0.000499725 0.0902262
      vertex 47.0375 6.67565 0.0890265
      vertex 47.0381 6.67611 0.0902262
    endloop
  endfacet
  facet normal 0.894382 0 -0.447303
    outer loop
      vertex 47.0375 6.67565 0.0890265
      vertex 47.0381 0.000499725 0.0902262
      vertex 47.0375 0.000499725 0.0890265
    endloop
  endfacet
  facet normal 0.894382 0 -0.447303
    outer loop
      vertex 47.0381 17.5005 0.0902262
      vertex 47.0375 10.8244 0.0890265
      vertex 47.0375 17.5005 0.0890265
    endloop
  endfacet
  facet normal 0.894382 0 -0.447303
    outer loop
      vertex 47.0375 10.8244 0.0890265
      vertex 47.0381 17.5005 0.0902262
      vertex 47.0381 10.8239 0.0902262
    endloop
  endfacet
  facet normal 0.923043 0 -0.384697
    outer loop
      vertex 47.0386 0.000499725 0.0914259
      vertex 47.0381 6.67611 0.0902262
      vertex 47.0386 6.67658 0.0914259
    endloop
  endfacet
  facet normal 0.923043 0 -0.384697
    outer loop
      vertex 47.0381 6.67611 0.0902262
      vertex 47.0386 0.000499725 0.0914259
      vertex 47.0381 0.000499725 0.0902262
    endloop
  endfacet
  facet normal 0.923043 0 -0.384697
    outer loop
      vertex 47.0386 17.5005 0.0914259
      vertex 47.0381 10.8239 0.0902262
      vertex 47.0381 17.5005 0.0902262
    endloop
  endfacet
  facet normal 0.923043 0 -0.384697
    outer loop
      vertex 47.0381 10.8239 0.0902262
      vertex 47.0386 17.5005 0.0914259
      vertex 47.0386 10.8234 0.0914259
    endloop
  endfacet
  facet normal 0.9238 0 -0.382875
    outer loop
      vertex 47.0391 0.000499725 0.0926323
      vertex 47.0386 6.67658 0.0914259
      vertex 47.0391 6.67706 0.0926323
    endloop
  endfacet
  facet normal 0.9238 0 -0.382875
    outer loop
      vertex 47.0386 6.67658 0.0914259
      vertex 47.0391 0.000499725 0.0926323
      vertex 47.0386 0.000499725 0.0914259
    endloop
  endfacet
  facet normal 0.9238 0 -0.382875
    outer loop
      vertex 47.0391 17.5005 0.0926323
      vertex 47.0386 10.8234 0.0914259
      vertex 47.0386 17.5005 0.0914259
    endloop
  endfacet
  facet normal 0.9238 0 -0.382875
    outer loop
      vertex 47.0386 10.8234 0.0914259
      vertex 47.0391 17.5005 0.0926323
      vertex 47.0391 10.8229 0.0926323
    endloop
  endfacet
  facet normal 0.924757 0 -0.380558
    outer loop
      vertex 47.0396 0.000499725 0.0938473
      vertex 47.0391 6.67706 0.0926323
      vertex 47.0396 6.67755 0.0938473
    endloop
  endfacet
  facet normal 0.924757 0 -0.380558
    outer loop
      vertex 47.0391 6.67706 0.0926323
      vertex 47.0396 0.000499725 0.0938473
      vertex 47.0391 0.000499725 0.0926323
    endloop
  endfacet
  facet normal 0.924757 0 -0.380558
    outer loop
      vertex 47.0396 17.5005 0.0938473
      vertex 47.0391 10.8229 0.0926323
      vertex 47.0391 17.5005 0.0926323
    endloop
  endfacet
  facet normal 0.924757 0 -0.380558
    outer loop
      vertex 47.0391 10.8229 0.0926323
      vertex 47.0396 17.5005 0.0938473
      vertex 47.0396 10.8225 0.0938473
    endloop
  endfacet
  facet normal 0.924647 0 -0.380826
    outer loop
      vertex 47.0401 0.000499725 0.0950613
      vertex 47.0396 6.67755 0.0938473
      vertex 47.0401 6.67804 0.0950613
    endloop
  endfacet
  facet normal 0.924647 0 -0.380826
    outer loop
      vertex 47.0396 6.67755 0.0938473
      vertex 47.0401 0.000499725 0.0950613
      vertex 47.0396 0.000499725 0.0938473
    endloop
  endfacet
  facet normal 0.924647 0 -0.380826
    outer loop
      vertex 47.0401 17.5005 0.0950613
      vertex 47.0396 10.8225 0.0938473
      vertex 47.0396 17.5005 0.0938473
    endloop
  endfacet
  facet normal 0.924647 0 -0.380826
    outer loop
      vertex 47.0396 10.8225 0.0938473
      vertex 47.0401 17.5005 0.0950613
      vertex 47.0401 10.822 0.0950613
    endloop
  endfacet
  facet normal 0.949849 0 -0.312708
    outer loop
      vertex 47.0405 0.000499725 0.0962763
      vertex 47.0401 6.67804 0.0950613
      vertex 47.0405 6.67854 0.0962763
    endloop
  endfacet
  facet normal 0.949849 0 -0.312708
    outer loop
      vertex 47.0401 6.67804 0.0950613
      vertex 47.0405 0.000499725 0.0962763
      vertex 47.0401 0.000499725 0.0950613
    endloop
  endfacet
  facet normal 0.949849 0 -0.312708
    outer loop
      vertex 47.0405 17.5005 0.0962763
      vertex 47.0401 10.822 0.0950613
      vertex 47.0401 17.5005 0.0950613
    endloop
  endfacet
  facet normal 0.949849 0 -0.312708
    outer loop
      vertex 47.0401 10.822 0.0950613
      vertex 47.0405 17.5005 0.0962763
      vertex 47.0405 10.8215 0.0962763
    endloop
  endfacet
  facet normal 0.92631 0 -0.376763
    outer loop
      vertex 47.041 0.000499725 0.0975056
      vertex 47.0405 6.67854 0.0962763
      vertex 47.041 6.67906 0.0975056
    endloop
  endfacet
  facet normal 0.92631 0 -0.376763
    outer loop
      vertex 47.0405 6.67854 0.0962763
      vertex 47.041 0.000499725 0.0975056
      vertex 47.0405 0.000499725 0.0962763
    endloop
  endfacet
  facet normal 0.92631 0 -0.376763
    outer loop
      vertex 47.041 17.5005 0.0975056
      vertex 47.0405 10.8215 0.0962763
      vertex 47.0405 17.5005 0.0962763
    endloop
  endfacet
  facet normal 0.92631 0 -0.376763
    outer loop
      vertex 47.0405 10.8215 0.0962763
      vertex 47.041 17.5005 0.0975056
      vertex 47.041 10.8209 0.0975056
    endloop
  endfacet
  facet normal 0.925479 0 -0.378798
    outer loop
      vertex 47.0415 0.000499725 0.0987272
      vertex 47.041 6.67906 0.0975056
      vertex 47.0415 6.67958 0.0987272
    endloop
  endfacet
  facet normal 0.925479 0 -0.378798
    outer loop
      vertex 47.041 6.67906 0.0975056
      vertex 47.0415 0.000499725 0.0987272
      vertex 47.041 0.000499725 0.0975056
    endloop
  endfacet
  facet normal 0.925479 0 -0.378798
    outer loop
      vertex 47.0415 17.5005 0.0987272
      vertex 47.041 10.8209 0.0975056
      vertex 47.041 17.5005 0.0975056
    endloop
  endfacet
  facet normal 0.925479 0 -0.378798
    outer loop
      vertex 47.041 10.8209 0.0975056
      vertex 47.0415 17.5005 0.0987272
      vertex 47.0415 10.8204 0.0987272
    endloop
  endfacet
  facet normal 0.951484 0 -0.307699
    outer loop
      vertex 47.0419 0.000499725 0.0999641
      vertex 47.0415 6.67958 0.0987272
      vertex 47.0419 6.68011 0.0999641
    endloop
  endfacet
  facet normal 0.951484 0 -0.307699
    outer loop
      vertex 47.0415 6.67958 0.0987272
      vertex 47.0419 0.000499725 0.0999641
      vertex 47.0415 0.000499725 0.0987272
    endloop
  endfacet
  facet normal 0.951484 0 -0.307699
    outer loop
      vertex 47.0419 17.5005 0.0999641
      vertex 47.0415 10.8204 0.0987272
      vertex 47.0415 17.5005 0.0987272
    endloop
  endfacet
  facet normal 0.951484 0 -0.307699
    outer loop
      vertex 47.0415 10.8204 0.0987272
      vertex 47.0419 17.5005 0.0999641
      vertex 47.0419 10.8199 0.0999641
    endloop
  endfacet
  facet normal 0.950896 0 -0.309511
    outer loop
      vertex 47.0423 0.000499725 0.101193
      vertex 47.0419 6.68011 0.0999641
      vertex 47.0423 6.68064 0.101193
    endloop
  endfacet
  facet normal 0.950896 0 -0.309511
    outer loop
      vertex 47.0419 6.68011 0.0999641
      vertex 47.0423 0.000499725 0.101193
      vertex 47.0419 0.000499725 0.0999641
    endloop
  endfacet
  facet normal 0.950896 0 -0.309511
    outer loop
      vertex 47.0423 17.5005 0.101193
      vertex 47.0419 10.8199 0.0999641
      vertex 47.0419 17.5005 0.0999641
    endloop
  endfacet
  facet normal 0.950896 0 -0.309511
    outer loop
      vertex 47.0419 10.8199 0.0999641
      vertex 47.0423 17.5005 0.101193
      vertex 47.0423 10.8194 0.101193
    endloop
  endfacet
  facet normal 0.952068 0 -0.305885
    outer loop
      vertex 47.0427 0.000499725 0.102438
      vertex 47.0423 6.68064 0.101193
      vertex 47.0427 6.68119 0.102438
    endloop
  endfacet
  facet normal 0.952068 0 -0.305885
    outer loop
      vertex 47.0423 6.68064 0.101193
      vertex 47.0427 0.000499725 0.102438
      vertex 47.0423 0.000499725 0.101193
    endloop
  endfacet
  facet normal 0.952068 0 -0.305885
    outer loop
      vertex 47.0427 17.5005 0.102438
      vertex 47.0423 10.8194 0.101193
      vertex 47.0423 17.5005 0.101193
    endloop
  endfacet
  facet normal 0.952068 0 -0.305885
    outer loop
      vertex 47.0423 10.8194 0.101193
      vertex 47.0427 17.5005 0.102438
      vertex 47.0427 10.8188 0.102438
    endloop
  endfacet
  facet normal 0.927021 0 -0.375009
    outer loop
      vertex 47.0432 0.000499725 0.103674
      vertex 47.0427 6.68119 0.102438
      vertex 47.0432 6.68174 0.103674
    endloop
  endfacet
  facet normal 0.927021 0 -0.375009
    outer loop
      vertex 47.0427 6.68119 0.102438
      vertex 47.0432 0.000499725 0.103674
      vertex 47.0427 0.000499725 0.102438
    endloop
  endfacet
  facet normal 0.927021 0 -0.375009
    outer loop
      vertex 47.0432 17.5005 0.103674
      vertex 47.0427 10.8188 0.102438
      vertex 47.0427 17.5005 0.102438
    endloop
  endfacet
  facet normal 0.927021 0 -0.375009
    outer loop
      vertex 47.0427 10.8188 0.102438
      vertex 47.0432 17.5005 0.103674
      vertex 47.0432 10.8183 0.103674
    endloop
  endfacet
  facet normal 0.952565 0 -0.304334
    outer loop
      vertex 47.0436 0.000499725 0.104926
      vertex 47.0432 6.68174 0.103674
      vertex 47.0436 6.68231 0.104926
    endloop
  endfacet
  facet normal 0.952565 0 -0.304334
    outer loop
      vertex 47.0432 6.68174 0.103674
      vertex 47.0436 0.000499725 0.104926
      vertex 47.0432 0.000499725 0.103674
    endloop
  endfacet
  facet normal 0.952565 0 -0.304334
    outer loop
      vertex 47.0436 17.5005 0.104926
      vertex 47.0432 10.8183 0.103674
      vertex 47.0432 17.5005 0.103674
    endloop
  endfacet
  facet normal 0.952565 0 -0.304334
    outer loop
      vertex 47.0432 10.8183 0.103674
      vertex 47.0436 17.5005 0.104926
      vertex 47.0436 10.8177 0.104926
    endloop
  endfacet
  facet normal 0.972174 0 -0.234259
    outer loop
      vertex 47.0439 0.000499725 0.106171
      vertex 47.0436 6.68231 0.104926
      vertex 47.0439 6.68287 0.106171
    endloop
  endfacet
  facet normal 0.972174 0 -0.234259
    outer loop
      vertex 47.0436 6.68231 0.104926
      vertex 47.0439 0.000499725 0.106171
      vertex 47.0436 0.000499725 0.104926
    endloop
  endfacet
  facet normal 0.972174 0 -0.234259
    outer loop
      vertex 47.0439 17.5005 0.106171
      vertex 47.0436 10.8177 0.104926
      vertex 47.0436 17.5005 0.104926
    endloop
  endfacet
  facet normal 0.972174 0 -0.234259
    outer loop
      vertex 47.0436 10.8177 0.104926
      vertex 47.0439 17.5005 0.106171
      vertex 47.0439 10.8171 0.106171
    endloop
  endfacet
  facet normal 0.953055 0 -0.302797
    outer loop
      vertex 47.0443 0.000499725 0.10743
      vertex 47.0439 6.68287 0.106171
      vertex 47.0443 6.68345 0.10743
    endloop
  endfacet
  facet normal 0.953055 0 -0.302797
    outer loop
      vertex 47.0439 6.68287 0.106171
      vertex 47.0443 0.000499725 0.10743
      vertex 47.0439 0.000499725 0.106171
    endloop
  endfacet
  facet normal 0.953055 0 -0.302797
    outer loop
      vertex 47.0443 17.5005 0.10743
      vertex 47.0439 10.8171 0.106171
      vertex 47.0439 17.5005 0.106171
    endloop
  endfacet
  facet normal 0.953055 0 -0.302797
    outer loop
      vertex 47.0439 10.8171 0.106171
      vertex 47.0443 17.5005 0.10743
      vertex 47.0443 10.8165 0.10743
    endloop
  endfacet
  facet normal 0.952495 0 -0.304555
    outer loop
      vertex 47.0447 0.000499725 0.108681
      vertex 47.0443 6.68345 0.10743
      vertex 47.0447 6.68404 0.108681
    endloop
  endfacet
  facet normal 0.952495 0 -0.304555
    outer loop
      vertex 47.0443 6.68345 0.10743
      vertex 47.0447 0.000499725 0.108681
      vertex 47.0443 0.000499725 0.10743
    endloop
  endfacet
  facet normal 0.952495 0 -0.304555
    outer loop
      vertex 47.0447 17.5005 0.108681
      vertex 47.0443 10.8165 0.10743
      vertex 47.0443 17.5005 0.10743
    endloop
  endfacet
  facet normal 0.952495 0 -0.304555
    outer loop
      vertex 47.0443 10.8165 0.10743
      vertex 47.0447 17.5005 0.108681
      vertex 47.0447 10.816 0.108681
    endloop
  endfacet
  facet normal 0.972806 0 -0.231621
    outer loop
      vertex 47.045 0.000499725 0.109941
      vertex 47.0447 6.68404 0.108681
      vertex 47.045 6.68463 0.109941
    endloop
  endfacet
  facet normal 0.972806 0 -0.231621
    outer loop
      vertex 47.0447 6.68404 0.108681
      vertex 47.045 0.000499725 0.109941
      vertex 47.0447 0.000499725 0.108681
    endloop
  endfacet
  facet normal 0.972806 0 -0.231621
    outer loop
      vertex 47.045 17.5005 0.109941
      vertex 47.0447 10.816 0.108681
      vertex 47.0447 17.5005 0.108681
    endloop
  endfacet
  facet normal 0.972806 0 -0.231621
    outer loop
      vertex 47.0447 10.816 0.108681
      vertex 47.045 17.5005 0.109941
      vertex 47.045 10.8154 0.109941
    endloop
  endfacet
  facet normal 0.952985 0 -0.303016
    outer loop
      vertex 47.0454 0.000499725 0.111199
      vertex 47.045 6.68463 0.109941
      vertex 47.0454 6.68523 0.111199
    endloop
  endfacet
  facet normal 0.952985 0 -0.303016
    outer loop
      vertex 47.045 6.68463 0.109941
      vertex 47.0454 0.000499725 0.111199
      vertex 47.045 0.000499725 0.109941
    endloop
  endfacet
  facet normal 0.952985 0 -0.303016
    outer loop
      vertex 47.0454 17.5005 0.111199
      vertex 47.045 10.8154 0.109941
      vertex 47.045 17.5005 0.109941
    endloop
  endfacet
  facet normal 0.952985 0 -0.303016
    outer loop
      vertex 47.045 10.8154 0.109941
      vertex 47.0454 17.5005 0.111199
      vertex 47.0454 10.8148 0.111199
    endloop
  endfacet
  facet normal 0.973094 0 -0.230409
    outer loop
      vertex 47.0457 0.000499725 0.112466
      vertex 47.0454 6.68523 0.111199
      vertex 47.0457 6.68584 0.112466
    endloop
  endfacet
  facet normal 0.973094 0 -0.230409
    outer loop
      vertex 47.0454 6.68523 0.111199
      vertex 47.0457 0.000499725 0.112466
      vertex 47.0454 0.000499725 0.111199
    endloop
  endfacet
  facet normal 0.973094 0 -0.230409
    outer loop
      vertex 47.0457 17.5005 0.112466
      vertex 47.0454 10.8148 0.111199
      vertex 47.0454 17.5005 0.111199
    endloop
  endfacet
  facet normal 0.973094 0 -0.230409
    outer loop
      vertex 47.0454 10.8148 0.111199
      vertex 47.0457 17.5005 0.112466
      vertex 47.0457 10.8142 0.112466
    endloop
  endfacet
  facet normal 0.973053 0 -0.230581
    outer loop
      vertex 47.046 0.000499725 0.113732
      vertex 47.0457 6.68584 0.112466
      vertex 47.046 6.68645 0.113732
    endloop
  endfacet
  facet normal 0.973053 0 -0.230581
    outer loop
      vertex 47.0457 6.68584 0.112466
      vertex 47.046 0.000499725 0.113732
      vertex 47.0457 0.000499725 0.112466
    endloop
  endfacet
  facet normal 0.973053 0 -0.230581
    outer loop
      vertex 47.046 17.5005 0.113732
      vertex 47.0457 10.8142 0.112466
      vertex 47.0457 17.5005 0.112466
    endloop
  endfacet
  facet normal 0.973053 0 -0.230581
    outer loop
      vertex 47.0457 10.8142 0.112466
      vertex 47.046 17.5005 0.113732
      vertex 47.046 10.8135 0.113732
    endloop
  endfacet
  facet normal 0.973377 0 -0.22921
    outer loop
      vertex 47.0463 0.000499725 0.115006
      vertex 47.046 6.68645 0.113732
      vertex 47.0463 6.68708 0.115006
    endloop
  endfacet
  facet normal 0.973377 0 -0.22921
    outer loop
      vertex 47.046 6.68645 0.113732
      vertex 47.0463 0.000499725 0.115006
      vertex 47.046 0.000499725 0.113732
    endloop
  endfacet
  facet normal 0.973377 0 -0.22921
    outer loop
      vertex 47.0463 17.5005 0.115006
      vertex 47.046 10.8135 0.113732
      vertex 47.046 17.5005 0.113732
    endloop
  endfacet
  facet normal 0.973377 0 -0.22921
    outer loop
      vertex 47.046 10.8135 0.113732
      vertex 47.0463 17.5005 0.115006
      vertex 47.0463 10.8129 0.115006
    endloop
  endfacet
  facet normal 0.973417 0 -0.229039
    outer loop
      vertex 47.0466 0.000499725 0.116281
      vertex 47.0463 6.68708 0.115006
      vertex 47.0466 6.68771 0.116281
    endloop
  endfacet
  facet normal 0.973417 0 -0.229039
    outer loop
      vertex 47.0463 6.68708 0.115006
      vertex 47.0466 0.000499725 0.116281
      vertex 47.0463 0.000499725 0.115006
    endloop
  endfacet
  facet normal 0.973417 0 -0.229039
    outer loop
      vertex 47.0466 17.5005 0.116281
      vertex 47.0463 10.8129 0.115006
      vertex 47.0463 17.5005 0.115006
    endloop
  endfacet
  facet normal 0.973417 0 -0.229039
    outer loop
      vertex 47.0463 10.8129 0.115006
      vertex 47.0466 17.5005 0.116281
      vertex 47.0466 10.8123 0.116281
    endloop
  endfacet
  facet normal 0.973377 0 -0.22921
    outer loop
      vertex 47.0469 0.000499725 0.117555
      vertex 47.0466 6.68771 0.116281
      vertex 47.0469 6.68835 0.117555
    endloop
  endfacet
  facet normal 0.973377 0 -0.22921
    outer loop
      vertex 47.0466 6.68771 0.116281
      vertex 47.0469 0.000499725 0.117555
      vertex 47.0466 0.000499725 0.116281
    endloop
  endfacet
  facet normal 0.973377 0 -0.22921
    outer loop
      vertex 47.0469 17.5005 0.117555
      vertex 47.0466 10.8123 0.116281
      vertex 47.0466 17.5005 0.116281
    endloop
  endfacet
  facet normal 0.973377 0 -0.22921
    outer loop
      vertex 47.0466 10.8123 0.116281
      vertex 47.0469 17.5005 0.117555
      vertex 47.0469 10.8117 0.117555
    endloop
  endfacet
  facet normal 0.973656 0 -0.228022
    outer loop
      vertex 47.0472 0.000499725 0.118836
      vertex 47.0469 6.68835 0.117555
      vertex 47.0472 6.68899 0.118836
    endloop
  endfacet
  facet normal 0.973656 0 -0.228022
    outer loop
      vertex 47.0469 6.68835 0.117555
      vertex 47.0472 0.000499725 0.118836
      vertex 47.0469 0.000499725 0.117555
    endloop
  endfacet
  facet normal 0.973656 0 -0.228022
    outer loop
      vertex 47.0472 17.5005 0.118836
      vertex 47.0469 10.8117 0.117555
      vertex 47.0469 17.5005 0.117555
    endloop
  endfacet
  facet normal 0.973656 0 -0.228022
    outer loop
      vertex 47.0469 10.8117 0.117555
      vertex 47.0472 17.5005 0.118836
      vertex 47.0472 10.811 0.118836
    endloop
  endfacet
  facet normal 0.973695 0 -0.227854
    outer loop
      vertex 47.0475 0.000499725 0.120118
      vertex 47.0472 6.68899 0.118836
      vertex 47.0475 6.68965 0.120118
    endloop
  endfacet
  facet normal 0.973695 0 -0.227854
    outer loop
      vertex 47.0472 6.68899 0.118836
      vertex 47.0475 0.000499725 0.120118
      vertex 47.0472 0.000499725 0.118836
    endloop
  endfacet
  facet normal 0.973695 0 -0.227854
    outer loop
      vertex 47.0475 17.5005 0.120118
      vertex 47.0472 10.811 0.118836
      vertex 47.0472 17.5005 0.118836
    endloop
  endfacet
  facet normal 0.973695 0 -0.227854
    outer loop
      vertex 47.0472 10.811 0.118836
      vertex 47.0475 17.5005 0.120118
      vertex 47.0475 10.8104 0.120118
    endloop
  endfacet
  facet normal 0.98803 0 -0.154259
    outer loop
      vertex 47.0477 0.000499725 0.121399
      vertex 47.0475 6.68965 0.120118
      vertex 47.0477 6.69031 0.121399
    endloop
  endfacet
  facet normal 0.98803 0 -0.154259
    outer loop
      vertex 47.0475 6.68965 0.120118
      vertex 47.0477 0.000499725 0.121399
      vertex 47.0475 0.000499725 0.120118
    endloop
  endfacet
  facet normal 0.98803 0 -0.154259
    outer loop
      vertex 47.0477 17.5005 0.121399
      vertex 47.0475 10.8104 0.120118
      vertex 47.0475 17.5005 0.120118
    endloop
  endfacet
  facet normal 0.98803 0 -0.154259
    outer loop
      vertex 47.0475 10.8104 0.120118
      vertex 47.0477 17.5005 0.121399
      vertex 47.0477 10.8097 0.121399
    endloop
  endfacet
  facet normal 0.973695 0 -0.227854
    outer loop
      vertex 47.048 0.000499725 0.122681
      vertex 47.0477 6.69031 0.121399
      vertex 47.048 6.69097 0.122681
    endloop
  endfacet
  facet normal 0.973695 0 -0.227854
    outer loop
      vertex 47.0477 6.69031 0.121399
      vertex 47.048 0.000499725 0.122681
      vertex 47.0477 0.000499725 0.121399
    endloop
  endfacet
  facet normal 0.973695 0 -0.227854
    outer loop
      vertex 47.048 17.5005 0.122681
      vertex 47.0477 10.8097 0.121399
      vertex 47.0477 17.5005 0.121399
    endloop
  endfacet
  facet normal 0.973695 0 -0.227854
    outer loop
      vertex 47.0477 10.8097 0.121399
      vertex 47.048 17.5005 0.122681
      vertex 47.048 10.809 0.122681
    endloop
  endfacet
  facet normal 0.988176 0 -0.153324
    outer loop
      vertex 47.0482 0.000499725 0.12397
      vertex 47.048 6.69097 0.122681
      vertex 47.0482 6.69165 0.12397
    endloop
  endfacet
  facet normal 0.988176 0 -0.153324
    outer loop
      vertex 47.048 6.69097 0.122681
      vertex 47.0482 0.000499725 0.12397
      vertex 47.048 0.000499725 0.122681
    endloop
  endfacet
  facet normal 0.988176 0 -0.153324
    outer loop
      vertex 47.0482 17.5005 0.12397
      vertex 47.048 10.809 0.122681
      vertex 47.048 17.5005 0.122681
    endloop
  endfacet
  facet normal 0.988176 0 -0.153324
    outer loop
      vertex 47.048 10.809 0.122681
      vertex 47.0482 17.5005 0.12397
      vertex 47.0482 10.8083 0.12397
    endloop
  endfacet
  facet normal 0.988158 0 -0.153441
    outer loop
      vertex 47.0484 0.000499725 0.125258
      vertex 47.0482 6.69165 0.12397
      vertex 47.0484 6.69233 0.125258
    endloop
  endfacet
  facet normal 0.988158 0 -0.153441
    outer loop
      vertex 47.0482 6.69165 0.12397
      vertex 47.0484 0.000499725 0.125258
      vertex 47.0482 0.000499725 0.12397
    endloop
  endfacet
  facet normal 0.988158 0 -0.153441
    outer loop
      vertex 47.0484 17.5005 0.125258
      vertex 47.0482 10.8083 0.12397
      vertex 47.0482 17.5005 0.12397
    endloop
  endfacet
  facet normal 0.988158 0 -0.153441
    outer loop
      vertex 47.0482 10.8083 0.12397
      vertex 47.0484 17.5005 0.125258
      vertex 47.0484 10.8077 0.125258
    endloop
  endfacet
  facet normal 0.988194 0 -0.153208
    outer loop
      vertex 47.0486 0.000499725 0.126548
      vertex 47.0484 6.69233 0.125258
      vertex 47.0486 6.69302 0.126548
    endloop
  endfacet
  facet normal 0.988194 0 -0.153208
    outer loop
      vertex 47.0484 6.69233 0.125258
      vertex 47.0486 0.000499725 0.126548
      vertex 47.0484 0.000499725 0.125258
    endloop
  endfacet
  facet normal 0.988194 0 -0.153208
    outer loop
      vertex 47.0486 17.5005 0.126548
      vertex 47.0484 10.8077 0.125258
      vertex 47.0484 17.5005 0.125258
    endloop
  endfacet
  facet normal 0.988194 0 -0.153208
    outer loop
      vertex 47.0484 10.8077 0.125258
      vertex 47.0486 17.5005 0.126548
      vertex 47.0486 10.807 0.126548
    endloop
  endfacet
  facet normal 0.988301 0 -0.152516
    outer loop
      vertex 47.0488 0.000499725 0.127844
      vertex 47.0486 6.69302 0.126548
      vertex 47.0488 6.69372 0.127844
    endloop
  endfacet
  facet normal 0.988301 0 -0.152516
    outer loop
      vertex 47.0486 6.69302 0.126548
      vertex 47.0488 0.000499725 0.127844
      vertex 47.0486 0.000499725 0.126548
    endloop
  endfacet
  facet normal 0.988301 0 -0.152516
    outer loop
      vertex 47.0488 17.5005 0.127844
      vertex 47.0486 10.807 0.126548
      vertex 47.0486 17.5005 0.126548
    endloop
  endfacet
  facet normal 0.988301 0 -0.152516
    outer loop
      vertex 47.0486 10.807 0.126548
      vertex 47.0488 17.5005 0.127844
      vertex 47.0488 10.8063 0.127844
    endloop
  endfacet
  facet normal 0.988319 0 -0.152401
    outer loop
      vertex 47.049 0.000499725 0.129141
      vertex 47.0488 6.69372 0.127844
      vertex 47.049 6.69443 0.129141
    endloop
  endfacet
  facet normal 0.988319 0 -0.152401
    outer loop
      vertex 47.0488 6.69372 0.127844
      vertex 47.049 0.000499725 0.129141
      vertex 47.0488 0.000499725 0.127844
    endloop
  endfacet
  facet normal 0.988319 0 -0.152401
    outer loop
      vertex 47.049 17.5005 0.129141
      vertex 47.0488 10.8063 0.127844
      vertex 47.0488 17.5005 0.127844
    endloop
  endfacet
  facet normal 0.988319 0 -0.152401
    outer loop
      vertex 47.0488 10.8063 0.127844
      vertex 47.049 17.5005 0.129141
      vertex 47.049 10.8056 0.129141
    endloop
  endfacet
  facet normal 0.988301 0 -0.152516
    outer loop
      vertex 47.0492 0.000499725 0.130437
      vertex 47.049 6.69443 0.129141
      vertex 47.0492 6.69514 0.130437
    endloop
  endfacet
  facet normal 0.988301 0 -0.152516
    outer loop
      vertex 47.049 6.69443 0.129141
      vertex 47.0492 0.000499725 0.130437
      vertex 47.049 0.000499725 0.129141
    endloop
  endfacet
  facet normal 0.988301 0 -0.152516
    outer loop
      vertex 47.0492 17.5005 0.130437
      vertex 47.049 10.8056 0.129141
      vertex 47.049 17.5005 0.129141
    endloop
  endfacet
  facet normal 0.988301 0 -0.152516
    outer loop
      vertex 47.049 10.8056 0.129141
      vertex 47.0492 17.5005 0.130437
      vertex 47.0492 10.8049 0.130437
    endloop
  endfacet
  facet normal 0.988301 0 -0.152516
    outer loop
      vertex 47.0494 0.000499725 0.131733
      vertex 47.0492 6.69514 0.130437
      vertex 47.0494 6.69586 0.131733
    endloop
  endfacet
  facet normal 0.988301 0 -0.152516
    outer loop
      vertex 47.0492 6.69514 0.130437
      vertex 47.0494 0.000499725 0.131733
      vertex 47.0492 0.000499725 0.130437
    endloop
  endfacet
  facet normal 0.988301 0 -0.152516
    outer loop
      vertex 47.0494 17.5005 0.131733
      vertex 47.0492 10.8049 0.130437
      vertex 47.0492 17.5005 0.130437
    endloop
  endfacet
  facet normal 0.988301 0 -0.152516
    outer loop
      vertex 47.0492 10.8049 0.130437
      vertex 47.0494 17.5005 0.131733
      vertex 47.0494 10.8041 0.131733
    endloop
  endfacet
  facet normal 0.997041 0 -0.0768729
    outer loop
      vertex 47.0495 0.000499725 0.13303
      vertex 47.0494 6.69586 0.131733
      vertex 47.0495 6.69658 0.13303
    endloop
  endfacet
  facet normal 0.997041 0 -0.0768729
    outer loop
      vertex 47.0494 6.69586 0.131733
      vertex 47.0495 0.000499725 0.13303
      vertex 47.0494 0.000499725 0.131733
    endloop
  endfacet
  facet normal 0.997041 0 -0.0768729
    outer loop
      vertex 47.0495 17.5005 0.13303
      vertex 47.0494 10.8041 0.131733
      vertex 47.0494 17.5005 0.131733
    endloop
  endfacet
  facet normal 0.997041 0 -0.0768729
    outer loop
      vertex 47.0494 10.8041 0.131733
      vertex 47.0495 17.5005 0.13303
      vertex 47.0495 10.8034 0.13303
    endloop
  endfacet
  facet normal 0.988442 0 -0.151601
    outer loop
      vertex 47.0497 0.000499725 0.134334
      vertex 47.0495 6.69658 0.13303
      vertex 47.0497 6.69731 0.134334
    endloop
  endfacet
  facet normal 0.988442 0 -0.151601
    outer loop
      vertex 47.0495 6.69658 0.13303
      vertex 47.0497 0.000499725 0.134334
      vertex 47.0495 0.000499725 0.13303
    endloop
  endfacet
  facet normal 0.988442 0 -0.151601
    outer loop
      vertex 47.0497 17.5005 0.134334
      vertex 47.0495 10.8034 0.13303
      vertex 47.0495 17.5005 0.13303
    endloop
  endfacet
  facet normal 0.988442 0 -0.151601
    outer loop
      vertex 47.0495 10.8034 0.13303
      vertex 47.0497 17.5005 0.134334
      vertex 47.0497 10.8027 0.134334
    endloop
  endfacet
  facet normal 0.997036 0 -0.0769318
    outer loop
      vertex 47.0498 0.000499725 0.13563
      vertex 47.0497 6.69731 0.134334
      vertex 47.0498 6.69805 0.13563
    endloop
  endfacet
  facet normal 0.997036 0 -0.0769318
    outer loop
      vertex 47.0497 6.69731 0.134334
      vertex 47.0498 0.000499725 0.13563
      vertex 47.0497 0.000499725 0.134334
    endloop
  endfacet
  facet normal 0.997036 0 -0.0769318
    outer loop
      vertex 47.0498 17.5005 0.13563
      vertex 47.0497 10.8027 0.134334
      vertex 47.0497 17.5005 0.134334
    endloop
  endfacet
  facet normal 0.997036 0 -0.0769318
    outer loop
      vertex 47.0497 10.8027 0.134334
      vertex 47.0498 17.5005 0.13563
      vertex 47.0498 10.8019 0.13563
    endloop
  endfacet
  facet normal 0.997068 0 -0.0765209
    outer loop
      vertex 47.0499 0.000499725 0.136933
      vertex 47.0498 6.69805 0.13563
      vertex 47.0499 6.6988 0.136933
    endloop
  endfacet
  facet normal 0.997068 0 -0.0765209
    outer loop
      vertex 47.0498 6.69805 0.13563
      vertex 47.0499 0.000499725 0.136933
      vertex 47.0498 0.000499725 0.13563
    endloop
  endfacet
  facet normal 0.997068 0 -0.0765209
    outer loop
      vertex 47.0499 17.5005 0.136933
      vertex 47.0498 10.8019 0.13563
      vertex 47.0498 17.5005 0.13563
    endloop
  endfacet
  facet normal 0.997068 0 -0.0765209
    outer loop
      vertex 47.0498 10.8019 0.13563
      vertex 47.0499 17.5005 0.136933
      vertex 47.0499 10.8012 0.136933
    endloop
  endfacet
  facet normal 0.997077 0 -0.0764044
    outer loop
      vertex 47.05 0.000499725 0.138238
      vertex 47.0499 6.6988 0.136933
      vertex 47.05 6.69955 0.138238
    endloop
  endfacet
  facet normal 0.997077 0 -0.0764044
    outer loop
      vertex 47.0499 6.6988 0.136933
      vertex 47.05 0.000499725 0.138238
      vertex 47.0499 0.000499725 0.136933
    endloop
  endfacet
  facet normal 0.997077 0 -0.0764044
    outer loop
      vertex 47.05 17.5005 0.138238
      vertex 47.0499 10.8012 0.136933
      vertex 47.0499 17.5005 0.136933
    endloop
  endfacet
  facet normal 0.997077 0 -0.0764044
    outer loop
      vertex 47.0499 10.8012 0.136933
      vertex 47.05 17.5005 0.138238
      vertex 47.05 10.8004 0.138238
    endloop
  endfacet
  facet normal 0.997072 0 -0.0764626
    outer loop
      vertex 47.0501 0.000499725 0.139542
      vertex 47.05 6.69955 0.138238
      vertex 47.0501 6.70031 0.139542
    endloop
  endfacet
  facet normal 0.997072 0 -0.0764626
    outer loop
      vertex 47.05 6.69955 0.138238
      vertex 47.0501 0.000499725 0.139542
      vertex 47.05 0.000499725 0.138238
    endloop
  endfacet
  facet normal 0.997072 0 -0.0764626
    outer loop
      vertex 47.0501 17.5005 0.139542
      vertex 47.05 10.8004 0.138238
      vertex 47.05 17.5005 0.138238
    endloop
  endfacet
  facet normal 0.997072 0 -0.0764626
    outer loop
      vertex 47.05 10.8004 0.138238
      vertex 47.0501 17.5005 0.139542
      vertex 47.0501 10.7997 0.139542
    endloop
  endfacet
  facet normal 0.997068 0 -0.0765209
    outer loop
      vertex 47.0502 0.000499725 0.140845
      vertex 47.0501 6.70031 0.139542
      vertex 47.0502 6.70107 0.140845
    endloop
  endfacet
  facet normal 0.997068 0 -0.0765209
    outer loop
      vertex 47.0501 6.70031 0.139542
      vertex 47.0502 0.000499725 0.140845
      vertex 47.0501 0.000499725 0.139542
    endloop
  endfacet
  facet normal 0.997068 0 -0.0765209
    outer loop
      vertex 47.0502 17.5005 0.140845
      vertex 47.0501 10.7997 0.139542
      vertex 47.0501 17.5005 0.139542
    endloop
  endfacet
  facet normal 0.997068 0 -0.0765209
    outer loop
      vertex 47.0501 10.7997 0.139542
      vertex 47.0502 17.5005 0.140845
      vertex 47.0502 10.7989 0.140845
    endloop
  endfacet
  facet normal 0.997108 0 -0.0759991
    outer loop
      vertex 47.0503 0.000499725 0.142157
      vertex 47.0502 6.70107 0.140845
      vertex 47.0503 6.70185 0.142157
    endloop
  endfacet
  facet normal 0.997108 0 -0.0759991
    outer loop
      vertex 47.0502 6.70107 0.140845
      vertex 47.0503 0.000499725 0.142157
      vertex 47.0502 0.000499725 0.140845
    endloop
  endfacet
  facet normal 0.997108 0 -0.0759991
    outer loop
      vertex 47.0503 17.5005 0.142157
      vertex 47.0502 10.7989 0.140845
      vertex 47.0502 17.5005 0.140845
    endloop
  endfacet
  facet normal 0.997108 0 -0.0759991
    outer loop
      vertex 47.0502 10.7989 0.140845
      vertex 47.0503 17.5005 0.142157
      vertex 47.0503 10.7982 0.142157
    endloop
  endfacet
  facet normal 1 -0 0
    outer loop
      vertex 47.0503 0.000499725 0.14346
      vertex 47.0503 6.70185 0.142157
      vertex 47.0503 6.70262 0.14346
    endloop
  endfacet
  facet normal 1 0 0
    outer loop
      vertex 47.0503 6.70185 0.142157
      vertex 47.0503 0.000499725 0.14346
      vertex 47.0503 0.000499725 0.142157
    endloop
  endfacet
  facet normal 1 0 0
    outer loop
      vertex 47.0503 17.5005 0.14346
      vertex 47.0503 10.7982 0.142157
      vertex 47.0503 17.5005 0.142157
    endloop
  endfacet
  facet normal 1 0 -0
    outer loop
      vertex 47.0503 10.7982 0.142157
      vertex 47.0503 17.5005 0.14346
      vertex 47.0503 10.7974 0.14346
    endloop
  endfacet
  facet normal 0.997108 0 -0.0759991
    outer loop
      vertex 47.0504 0.000499725 0.144772
      vertex 47.0503 6.70262 0.14346
      vertex 47.0504 6.70341 0.144772
    endloop
  endfacet
  facet normal 0.997108 0 -0.0759991
    outer loop
      vertex 47.0503 6.70262 0.14346
      vertex 47.0504 0.000499725 0.144772
      vertex 47.0503 0.000499725 0.14346
    endloop
  endfacet
  facet normal 0.997108 0 -0.0759991
    outer loop
      vertex 47.0504 17.5005 0.144772
      vertex 47.0503 10.7974 0.14346
      vertex 47.0503 17.5005 0.14346
    endloop
  endfacet
  facet normal 0.997108 0 -0.0759991
    outer loop
      vertex 47.0503 10.7974 0.14346
      vertex 47.0504 17.5005 0.144772
      vertex 47.0504 10.7966 0.144772
    endloop
  endfacet
  facet normal 1 -0 0
    outer loop
      vertex 47.0504 0.000499725 0.146075
      vertex 47.0504 6.70341 0.144772
      vertex 47.0504 6.7042 0.146075
    endloop
  endfacet
  facet normal 1 0 0
    outer loop
      vertex 47.0504 6.70341 0.144772
      vertex 47.0504 0.000499725 0.146075
      vertex 47.0504 0.000499725 0.144772
    endloop
  endfacet
  facet normal 1 0 0
    outer loop
      vertex 47.0504 17.5005 0.146075
      vertex 47.0504 10.7966 0.144772
      vertex 47.0504 17.5005 0.144772
    endloop
  endfacet
  facet normal 1 0 -0
    outer loop
      vertex 47.0504 10.7966 0.144772
      vertex 47.0504 17.5005 0.146075
      vertex 47.0504 10.7958 0.146075
    endloop
  endfacet
  facet normal 0.997108 0 -0.0759991
    outer loop
      vertex 47.0505 0.000499725 0.147387
      vertex 47.0504 6.7042 0.146075
      vertex 47.0505 6.705 0.147387
    endloop
  endfacet
  facet normal 0.997108 0 -0.0759991
    outer loop
      vertex 47.0504 6.7042 0.146075
      vertex 47.0505 0.000499725 0.147387
      vertex 47.0504 0.000499725 0.146075
    endloop
  endfacet
  facet normal 0.997108 0 -0.0759991
    outer loop
      vertex 47.0505 17.5005 0.147387
      vertex 47.0504 10.7958 0.146075
      vertex 47.0504 17.5005 0.146075
    endloop
  endfacet
  facet normal 0.997108 0 -0.0759991
    outer loop
      vertex 47.0504 10.7958 0.146075
      vertex 47.0505 17.5005 0.147387
      vertex 47.0505 10.795 0.147387
    endloop
  endfacet
  facet normal 1 -0 0
    outer loop
      vertex 47.0505 0.000499725 0.148691
      vertex 47.0505 6.705 0.147387
      vertex 47.0505 6.70581 0.148691
    endloop
  endfacet
  facet normal 1 0 0
    outer loop
      vertex 47.0505 6.705 0.147387
      vertex 47.0505 0.000499725 0.148691
      vertex 47.0505 0.000499725 0.147387
    endloop
  endfacet
  facet normal 1 0 0
    outer loop
      vertex 47.0505 17.5005 0.148691
      vertex 47.0505 10.795 0.147387
      vertex 47.0505 17.5005 0.147387
    endloop
  endfacet
  facet normal 1 0 -0
    outer loop
      vertex 47.0505 10.795 0.147387
      vertex 47.0505 17.5005 0.148691
      vertex 47.0505 10.7942 0.148691
    endloop
  endfacet
  facet normal 1 -0 0
    outer loop
      vertex 47.0505 0.000499725 0.150002
      vertex 47.0505 6.70581 0.148691
      vertex 47.0505 6.70662 0.150002
    endloop
  endfacet
  facet normal 1 0 0
    outer loop
      vertex 47.0505 6.70581 0.148691
      vertex 47.0505 0.000499725 0.150002
      vertex 47.0505 0.000499725 0.148691
    endloop
  endfacet
  facet normal 1 0 0
    outer loop
      vertex 47.0505 17.5005 0.150002
      vertex 47.0505 10.7942 0.148691
      vertex 47.0505 17.5005 0.148691
    endloop
  endfacet
  facet normal 1 0 -0
    outer loop
      vertex 47.0505 10.7942 0.148691
      vertex 47.0505 17.5005 0.150002
      vertex 47.0505 10.7934 0.150002
    endloop
  endfacet
  facet normal -0.426904 0 -0.904297
    outer loop
      vertex 46.8349 0.000499725 0.0150871
      vertex 46.8361 6.73724 0.0145206
      vertex 46.8361 0.000499725 0.0145206
    endloop
  endfacet
  facet normal -0.426904 0 -0.904297
    outer loop
      vertex 46.8361 6.73724 0.0145206
      vertex 46.8349 0.000499725 0.0150871
      vertex 46.8349 6.73822 0.0150871
    endloop
  endfacet
  facet normal -0.426904 -0 -0.904297
    outer loop
      vertex 46.8349 17.5005 0.0150871
      vertex 46.8361 10.7628 0.0145206
      vertex 46.8349 10.7618 0.0150871
    endloop
  endfacet
  facet normal -0.426904 0 -0.904297
    outer loop
      vertex 46.8361 10.7628 0.0145206
      vertex 46.8349 17.5005 0.0150871
      vertex 46.8361 17.5005 0.0145206
    endloop
  endfacet
  facet normal -0.417406 0 -0.90872
    outer loop
      vertex 46.8361 0.000499725 0.0145206
      vertex 46.8373 6.73626 0.0139694
      vertex 46.8373 0.000499725 0.0139694
    endloop
  endfacet
  facet normal -0.417406 0 -0.90872
    outer loop
      vertex 46.8373 6.73626 0.0139694
      vertex 46.8361 0.000499725 0.0145206
      vertex 46.8361 6.73724 0.0145206
    endloop
  endfacet
  facet normal -0.417406 -0 -0.90872
    outer loop
      vertex 46.8361 17.5005 0.0145206
      vertex 46.8373 10.7637 0.0139694
      vertex 46.8361 10.7628 0.0145206
    endloop
  endfacet
  facet normal -0.417406 0 -0.90872
    outer loop
      vertex 46.8373 10.7637 0.0139694
      vertex 46.8361 17.5005 0.0145206
      vertex 46.8373 17.5005 0.0139694
    endloop
  endfacet
  facet normal -0.417406 0 -0.90872
    outer loop
      vertex 46.8373 0.000499725 0.0139694
      vertex 46.8385 6.73528 0.0134182
      vertex 46.8385 0.000499725 0.0134182
    endloop
  endfacet
  facet normal -0.417406 0 -0.90872
    outer loop
      vertex 46.8385 6.73528 0.0134182
      vertex 46.8373 0.000499725 0.0139694
      vertex 46.8373 6.73626 0.0139694
    endloop
  endfacet
  facet normal -0.417406 -0 -0.90872
    outer loop
      vertex 46.8373 17.5005 0.0139694
      vertex 46.8385 10.7647 0.0134182
      vertex 46.8373 10.7637 0.0139694
    endloop
  endfacet
  facet normal -0.417406 0 -0.90872
    outer loop
      vertex 46.8385 10.7647 0.0134182
      vertex 46.8373 17.5005 0.0139694
      vertex 46.8385 17.5005 0.0134182
    endloop
  endfacet
  facet normal -0.408403 0 -0.912802
    outer loop
      vertex 46.8385 0.000499725 0.0134182
      vertex 46.8397 6.73431 0.0128813
      vertex 46.8397 0.000499725 0.0128813
    endloop
  endfacet
  facet normal -0.408403 0 -0.912802
    outer loop
      vertex 46.8397 6.73431 0.0128813
      vertex 46.8385 0.000499725 0.0134182
      vertex 46.8385 6.73528 0.0134182
    endloop
  endfacet
  facet normal -0.408403 -0 -0.912802
    outer loop
      vertex 46.8385 17.5005 0.0134182
      vertex 46.8397 10.7657 0.0128813
      vertex 46.8385 10.7647 0.0134182
    endloop
  endfacet
  facet normal -0.408403 0 -0.912802
    outer loop
      vertex 46.8397 10.7657 0.0128813
      vertex 46.8385 17.5005 0.0134182
      vertex 46.8397 17.5005 0.0128813
    endloop
  endfacet
  facet normal -0.398701 0 -0.917081
    outer loop
      vertex 46.8397 0.000499725 0.0128813
      vertex 46.8409 6.73334 0.0123596
      vertex 46.8409 0.000499725 0.0123596
    endloop
  endfacet
  facet normal -0.398701 0 -0.917081
    outer loop
      vertex 46.8409 6.73334 0.0123596
      vertex 46.8397 0.000499725 0.0128813
      vertex 46.8397 6.73431 0.0128813
    endloop
  endfacet
  facet normal -0.398701 -0 -0.917081
    outer loop
      vertex 46.8397 17.5005 0.0128813
      vertex 46.8409 10.7667 0.0123596
      vertex 46.8397 10.7657 0.0128813
    endloop
  endfacet
  facet normal -0.398701 0 -0.917081
    outer loop
      vertex 46.8409 10.7667 0.0123596
      vertex 46.8397 17.5005 0.0128813
      vertex 46.8409 17.5005 0.0123596
    endloop
  endfacet
  facet normal -0.393734 0 -0.919224
    outer loop
      vertex 46.8409 0.000499725 0.0123596
      vertex 46.8421 6.73238 0.0118456
      vertex 46.8421 0.000499725 0.0118456
    endloop
  endfacet
  facet normal -0.393734 0 -0.919224
    outer loop
      vertex 46.8421 6.73238 0.0118456
      vertex 46.8409 0.000499725 0.0123596
      vertex 46.8409 6.73334 0.0123596
    endloop
  endfacet
  facet normal -0.393734 -0 -0.919224
    outer loop
      vertex 46.8409 17.5005 0.0123596
      vertex 46.8421 10.7676 0.0118456
      vertex 46.8409 10.7667 0.0123596
    endloop
  endfacet
  facet normal -0.393734 0 -0.919224
    outer loop
      vertex 46.8421 10.7676 0.0118456
      vertex 46.8409 17.5005 0.0123596
      vertex 46.8421 17.5005 0.0118456
    endloop
  endfacet
  facet normal -0.388798 0 -0.921323
    outer loop
      vertex 46.8421 0.000499725 0.0118456
      vertex 46.8433 6.73142 0.0113392
      vertex 46.8433 0.000499725 0.0113392
    endloop
  endfacet
  facet normal -0.388798 0 -0.921323
    outer loop
      vertex 46.8433 6.73142 0.0113392
      vertex 46.8421 0.000499725 0.0118456
      vertex 46.8421 6.73238 0.0118456
    endloop
  endfacet
  facet normal -0.388798 -0 -0.921323
    outer loop
      vertex 46.8421 17.5005 0.0118456
      vertex 46.8433 10.7686 0.0113392
      vertex 46.8421 10.7676 0.0118456
    endloop
  endfacet
  facet normal -0.388798 0 -0.921323
    outer loop
      vertex 46.8433 10.7686 0.0113392
      vertex 46.8421 17.5005 0.0118456
      vertex 46.8433 17.5005 0.0113392
    endloop
  endfacet
  facet normal -0.378825 0 -0.925468
    outer loop
      vertex 46.8433 0.000499725 0.0113392
      vertex 46.8445 6.73046 0.010848
      vertex 46.8445 0.000499725 0.010848
    endloop
  endfacet
  facet normal -0.378825 0 -0.925468
    outer loop
      vertex 46.8445 6.73046 0.010848
      vertex 46.8433 0.000499725 0.0113392
      vertex 46.8433 6.73142 0.0113392
    endloop
  endfacet
  facet normal -0.378825 -0 -0.925468
    outer loop
      vertex 46.8433 17.5005 0.0113392
      vertex 46.8445 10.7695 0.010848
      vertex 46.8433 10.7686 0.0113392
    endloop
  endfacet
  facet normal -0.378825 0 -0.925468
    outer loop
      vertex 46.8445 10.7695 0.010848
      vertex 46.8433 17.5005 0.0113392
      vertex 46.8445 17.5005 0.010848
    endloop
  endfacet
  facet normal -0.37432 0 -0.9273
    outer loop
      vertex 46.8445 0.000499725 0.010848
      vertex 46.8457 6.72951 0.0103636
      vertex 46.8457 0.000499725 0.0103636
    endloop
  endfacet
  facet normal -0.37432 0 -0.9273
    outer loop
      vertex 46.8457 6.72951 0.0103636
      vertex 46.8445 0.000499725 0.010848
      vertex 46.8445 6.73046 0.010848
    endloop
  endfacet
  facet normal -0.37432 -0 -0.9273
    outer loop
      vertex 46.8445 17.5005 0.010848
      vertex 46.8457 10.7705 0.0103636
      vertex 46.8445 10.7695 0.010848
    endloop
  endfacet
  facet normal -0.37432 0 -0.9273
    outer loop
      vertex 46.8457 10.7705 0.0103636
      vertex 46.8445 17.5005 0.010848
      vertex 46.8457 17.5005 0.0103636
    endloop
  endfacet
  facet normal -0.364174 0 -0.931331
    outer loop
      vertex 46.8457 0.000499725 0.0103636
      vertex 46.8469 6.72857 0.00989437
      vertex 46.8469 0.000499725 0.00989437
    endloop
  endfacet
  facet normal -0.364174 0 -0.931331
    outer loop
      vertex 46.8469 6.72857 0.00989437
      vertex 46.8457 0.000499725 0.0103636
      vertex 46.8457 6.72951 0.0103636
    endloop
  endfacet
  facet normal -0.364174 -0 -0.931331
    outer loop
      vertex 46.8457 17.5005 0.0103636
      vertex 46.8469 10.7714 0.00989437
      vertex 46.8457 10.7705 0.0103636
    endloop
  endfacet
  facet normal -0.364174 0 -0.931331
    outer loop
      vertex 46.8469 10.7714 0.00989437
      vertex 46.8457 17.5005 0.0103636
      vertex 46.8469 17.5005 0.00989437
    endloop
  endfacet
  facet normal -0.359651 0 -0.933087
    outer loop
      vertex 46.8469 0.000499725 0.00989437
      vertex 46.8481 6.72762 0.00943184
      vertex 46.8481 0.000499725 0.00943184
    endloop
  endfacet
  facet normal -0.359651 0 -0.933087
    outer loop
      vertex 46.8481 6.72762 0.00943184
      vertex 46.8469 0.000499725 0.00989437
      vertex 46.8469 6.72857 0.00989437
    endloop
  endfacet
  facet normal -0.359651 -0 -0.933087
    outer loop
      vertex 46.8469 17.5005 0.00989437
      vertex 46.8481 10.7724 0.00943184
      vertex 46.8469 10.7714 0.00989437
    endloop
  endfacet
  facet normal -0.359651 0 -0.933087
    outer loop
      vertex 46.8481 10.7724 0.00943184
      vertex 46.8469 17.5005 0.00989437
      vertex 46.8481 17.5005 0.00943184
    endloop
  endfacet
  facet normal -0.329671 0 -0.944096
    outer loop
      vertex 46.8481 0.000499725 0.00943184
      vertex 46.8494 6.72668 0.00897789
      vertex 46.8494 0.000499725 0.00897789
    endloop
  endfacet
  facet normal -0.329671 0 -0.944096
    outer loop
      vertex 46.8494 6.72668 0.00897789
      vertex 46.8481 0.000499725 0.00943184
      vertex 46.8481 6.72762 0.00943184
    endloop
  endfacet
  facet normal -0.329671 -0 -0.944096
    outer loop
      vertex 46.8481 17.5005 0.00943184
      vertex 46.8494 10.7733 0.00897789
      vertex 46.8481 10.7724 0.00943184
    endloop
  endfacet
  facet normal -0.329671 0 -0.944096
    outer loop
      vertex 46.8494 10.7733 0.00897789
      vertex 46.8481 17.5005 0.00943184
      vertex 46.8494 17.5005 0.00897789
    endloop
  endfacet
  facet normal -0.344006 0 -0.938967
    outer loop
      vertex 46.8494 0.000499725 0.00897789
      vertex 46.8506 6.72575 0.00853825
      vertex 46.8506 0.000499725 0.00853825
    endloop
  endfacet
  facet normal -0.344006 0 -0.938967
    outer loop
      vertex 46.8506 6.72575 0.00853825
      vertex 46.8494 0.000499725 0.00897789
      vertex 46.8494 6.72668 0.00897789
    endloop
  endfacet
  facet normal -0.344006 -0 -0.938967
    outer loop
      vertex 46.8494 17.5005 0.00897789
      vertex 46.8506 10.7742 0.00853825
      vertex 46.8494 10.7733 0.00897789
    endloop
  endfacet
  facet normal -0.344006 0 -0.938967
    outer loop
      vertex 46.8506 10.7742 0.00853825
      vertex 46.8494 17.5005 0.00897789
      vertex 46.8506 17.5005 0.00853825
    endloop
  endfacet
  facet normal -0.338733 0 -0.940882
    outer loop
      vertex 46.8506 0.000499725 0.00853825
      vertex 46.8518 6.72482 0.00810623
      vertex 46.8518 0.000499725 0.00810623
    endloop
  endfacet
  facet normal -0.338733 0 -0.940882
    outer loop
      vertex 46.8518 6.72482 0.00810623
      vertex 46.8506 0.000499725 0.00853825
      vertex 46.8506 6.72575 0.00853825
    endloop
  endfacet
  facet normal -0.338733 -0 -0.940882
    outer loop
      vertex 46.8506 17.5005 0.00853825
      vertex 46.8518 10.7752 0.00810623
      vertex 46.8506 10.7742 0.00853825
    endloop
  endfacet
  facet normal -0.338733 0 -0.940882
    outer loop
      vertex 46.8518 10.7752 0.00810623
      vertex 46.8506 17.5005 0.00853825
      vertex 46.8518 17.5005 0.00810623
    endloop
  endfacet
  facet normal -0.305912 0 -0.95206
    outer loop
      vertex 46.8518 0.000499725 0.00810623
      vertex 46.8531 6.7239 0.00768852
      vertex 46.8531 0.000499725 0.00768852
    endloop
  endfacet
  facet normal -0.305912 0 -0.95206
    outer loop
      vertex 46.8531 6.7239 0.00768852
      vertex 46.8518 0.000499725 0.00810623
      vertex 46.8518 6.72482 0.00810623
    endloop
  endfacet
  facet normal -0.305912 -0 -0.95206
    outer loop
      vertex 46.8518 17.5005 0.00810623
      vertex 46.8531 10.7761 0.00768852
      vertex 46.8518 10.7752 0.00810623
    endloop
  endfacet
  facet normal -0.305912 0 -0.95206
    outer loop
      vertex 46.8531 10.7761 0.00768852
      vertex 46.8518 17.5005 0.00810623
      vertex 46.8531 17.5005 0.00768852
    endloop
  endfacet
  facet normal -0.323373 0 -0.946272
    outer loop
      vertex 46.8531 0.000499725 0.00768852
      vertex 46.8543 6.72298 0.00727844
      vertex 46.8543 0.000499725 0.00727844
    endloop
  endfacet
  facet normal -0.323373 0 -0.946272
    outer loop
      vertex 46.8543 6.72298 0.00727844
      vertex 46.8531 0.000499725 0.00768852
      vertex 46.8531 6.7239 0.00768852
    endloop
  endfacet
  facet normal -0.323373 -0 -0.946272
    outer loop
      vertex 46.8531 17.5005 0.00768852
      vertex 46.8543 10.777 0.00727844
      vertex 46.8531 10.7761 0.00768852
    endloop
  endfacet
  facet normal -0.323373 0 -0.946272
    outer loop
      vertex 46.8543 10.777 0.00727844
      vertex 46.8531 17.5005 0.00768852
      vertex 46.8543 17.5005 0.00727844
    endloop
  endfacet
  facet normal -0.290601 0 -0.956844
    outer loop
      vertex 46.8543 0.000499725 0.00727844
      vertex 46.8556 6.72206 0.00688362
      vertex 46.8556 0.000499725 0.00688362
    endloop
  endfacet
  facet normal -0.290601 0 -0.956844
    outer loop
      vertex 46.8556 6.72206 0.00688362
      vertex 46.8543 0.000499725 0.00727844
      vertex 46.8543 6.72298 0.00727844
    endloop
  endfacet
  facet normal -0.290601 -0 -0.956844
    outer loop
      vertex 46.8543 17.5005 0.00727844
      vertex 46.8556 10.7779 0.00688362
      vertex 46.8543 10.777 0.00727844
    endloop
  endfacet
  facet normal -0.290601 0 -0.956844
    outer loop
      vertex 46.8556 10.7779 0.00688362
      vertex 46.8543 17.5005 0.00727844
      vertex 46.8556 17.5005 0.00688362
    endloop
  endfacet
  facet normal -0.30707 0 -0.951687
    outer loop
      vertex 46.8556 0.000499725 0.00688362
      vertex 46.8568 6.72115 0.00649643
      vertex 46.8568 0.000499725 0.00649643
    endloop
  endfacet
  facet normal -0.30707 0 -0.951687
    outer loop
      vertex 46.8568 6.72115 0.00649643
      vertex 46.8556 0.000499725 0.00688362
      vertex 46.8556 6.72206 0.00688362
    endloop
  endfacet
  facet normal -0.30707 -0 -0.951687
    outer loop
      vertex 46.8556 17.5005 0.00688362
      vertex 46.8568 10.7788 0.00649643
      vertex 46.8556 10.7779 0.00688362
    endloop
  endfacet
  facet normal -0.30707 0 -0.951687
    outer loop
      vertex 46.8568 10.7788 0.00649643
      vertex 46.8556 17.5005 0.00688362
      vertex 46.8568 17.5005 0.00649643
    endloop
  endfacet
  facet normal -0.27572 0 -0.961238
    outer loop
      vertex 46.8568 0.000499725 0.00649643
      vertex 46.8581 6.72025 0.00612354
      vertex 46.8581 0.000499725 0.00612354
    endloop
  endfacet
  facet normal -0.27572 0 -0.961238
    outer loop
      vertex 46.8581 6.72025 0.00612354
      vertex 46.8568 0.000499725 0.00649643
      vertex 46.8568 6.72115 0.00649643
    endloop
  endfacet
  facet normal -0.27572 -0 -0.961238
    outer loop
      vertex 46.8568 17.5005 0.00649643
      vertex 46.8581 10.7798 0.00612354
      vertex 46.8568 10.7788 0.00649643
    endloop
  endfacet
  facet normal -0.27572 0 -0.961238
    outer loop
      vertex 46.8581 10.7798 0.00612354
      vertex 46.8568 17.5005 0.00649643
      vertex 46.8581 17.5005 0.00612354
    endloop
  endfacet
  facet normal -0.290492 0 -0.956877
    outer loop
      vertex 46.8581 0.000499725 0.00612354
      vertex 46.8593 6.71935 0.00575924
      vertex 46.8593 0.000499725 0.00575924
    endloop
  endfacet
  facet normal -0.290492 0 -0.956877
    outer loop
      vertex 46.8593 6.71935 0.00575924
      vertex 46.8581 0.000499725 0.00612354
      vertex 46.8581 6.72025 0.00612354
    endloop
  endfacet
  facet normal -0.290492 -0 -0.956877
    outer loop
      vertex 46.8581 17.5005 0.00612354
      vertex 46.8593 10.7806 0.00575924
      vertex 46.8581 10.7798 0.00612354
    endloop
  endfacet
  facet normal -0.290492 0 -0.956877
    outer loop
      vertex 46.8593 10.7806 0.00575924
      vertex 46.8581 17.5005 0.00612354
      vertex 46.8593 17.5005 0.00575924
    endloop
  endfacet
  facet normal -0.265246 0 -0.964181
    outer loop
      vertex 46.8593 0.000499725 0.00575924
      vertex 46.8606 6.71845 0.00540161
      vertex 46.8606 0.000499725 0.00540161
    endloop
  endfacet
  facet normal -0.265246 0 -0.964181
    outer loop
      vertex 46.8606 6.71845 0.00540161
      vertex 46.8593 0.000499725 0.00575924
      vertex 46.8593 6.71935 0.00575924
    endloop
  endfacet
  facet normal -0.265246 -0 -0.964181
    outer loop
      vertex 46.8593 17.5005 0.00575924
      vertex 46.8606 10.7815 0.00540161
      vertex 46.8593 10.7806 0.00575924
    endloop
  endfacet
  facet normal -0.265246 0 -0.964181
    outer loop
      vertex 46.8606 10.7815 0.00540161
      vertex 46.8593 17.5005 0.00575924
      vertex 46.8606 17.5005 0.00540161
    endloop
  endfacet
  facet normal -0.275064 0 -0.961426
    outer loop
      vertex 46.8606 0.000499725 0.00540161
      vertex 46.8618 6.71756 0.00505829
      vertex 46.8618 0.000499725 0.00505829
    endloop
  endfacet
  facet normal -0.275064 0 -0.961426
    outer loop
      vertex 46.8618 6.71756 0.00505829
      vertex 46.8606 0.000499725 0.00540161
      vertex 46.8606 6.71845 0.00540161
    endloop
  endfacet
  facet normal -0.275064 -0 -0.961426
    outer loop
      vertex 46.8606 17.5005 0.00540161
      vertex 46.8618 10.7824 0.00505829
      vertex 46.8606 10.7815 0.00540161
    endloop
  endfacet
  facet normal -0.275064 0 -0.961426
    outer loop
      vertex 46.8618 10.7824 0.00505829
      vertex 46.8606 17.5005 0.00540161
      vertex 46.8618 17.5005 0.00505829
    endloop
  endfacet
  facet normal -0.24469 0 -0.969601
    outer loop
      vertex 46.8618 0.000499725 0.00505829
      vertex 46.8631 6.71668 0.00473022
      vertex 46.8631 0.000499725 0.00473022
    endloop
  endfacet
  facet normal -0.24469 0 -0.969601
    outer loop
      vertex 46.8631 6.71668 0.00473022
      vertex 46.8618 0.000499725 0.00505829
      vertex 46.8618 6.71756 0.00505829
    endloop
  endfacet
  facet normal -0.24469 -0 -0.969601
    outer loop
      vertex 46.8618 17.5005 0.00505829
      vertex 46.8631 10.7833 0.00473022
      vertex 46.8618 10.7824 0.00505829
    endloop
  endfacet
  facet normal -0.24469 0 -0.969601
    outer loop
      vertex 46.8631 10.7833 0.00473022
      vertex 46.8618 17.5005 0.00505829
      vertex 46.8631 17.5005 0.00473022
    endloop
  endfacet
  facet normal -0.238653 0 -0.971105
    outer loop
      vertex 46.8631 0.000499725 0.00473022
      vertex 46.8644 6.7158 0.00441074
      vertex 46.8644 0.000499725 0.00441074
    endloop
  endfacet
  facet normal -0.238653 0 -0.971105
    outer loop
      vertex 46.8644 6.7158 0.00441074
      vertex 46.8631 0.000499725 0.00473022
      vertex 46.8631 6.71668 0.00473022
    endloop
  endfacet
  facet normal -0.238653 -0 -0.971105
    outer loop
      vertex 46.8631 17.5005 0.00473022
      vertex 46.8644 10.7842 0.00441074
      vertex 46.8631 10.7833 0.00473022
    endloop
  endfacet
  facet normal -0.238653 0 -0.971105
    outer loop
      vertex 46.8644 10.7842 0.00441074
      vertex 46.8631 17.5005 0.00473022
      vertex 46.8644 17.5005 0.00441074
    endloop
  endfacet
  facet normal -0.234617 0 -0.972088
    outer loop
      vertex 46.8644 0.000499725 0.00441074
      vertex 46.8657 6.71493 0.00409698
      vertex 46.8657 0.000499725 0.00409698
    endloop
  endfacet
  facet normal -0.234617 0 -0.972088
    outer loop
      vertex 46.8657 6.71493 0.00409698
      vertex 46.8644 0.000499725 0.00441074
      vertex 46.8644 6.7158 0.00441074
    endloop
  endfacet
  facet normal -0.234617 -0 -0.972088
    outer loop
      vertex 46.8644 17.5005 0.00441074
      vertex 46.8657 10.7851 0.00409698
      vertex 46.8644 10.7842 0.00441074
    endloop
  endfacet
  facet normal -0.234617 0 -0.972088
    outer loop
      vertex 46.8657 10.7851 0.00409698
      vertex 46.8644 17.5005 0.00441074
      vertex 46.8657 17.5005 0.00409698
    endloop
  endfacet
  facet normal -0.240662 0 -0.970609
    outer loop
      vertex 46.8657 0.000499725 0.00409698
      vertex 46.8669 6.71406 0.00379944
      vertex 46.8669 0.000499725 0.00379944
    endloop
  endfacet
  facet normal -0.240662 0 -0.970609
    outer loop
      vertex 46.8669 6.71406 0.00379944
      vertex 46.8657 0.000499725 0.00409698
      vertex 46.8657 6.71493 0.00409698
    endloop
  endfacet
  facet normal -0.240662 -0 -0.970609
    outer loop
      vertex 46.8657 17.5005 0.00409698
      vertex 46.8669 10.7859 0.00379944
      vertex 46.8657 10.7851 0.00409698
    endloop
  endfacet
  facet normal -0.240662 0 -0.970609
    outer loop
      vertex 46.8669 10.7859 0.00379944
      vertex 46.8657 17.5005 0.00409698
      vertex 46.8669 17.5005 0.00379944
    endloop
  endfacet
  facet normal -0.212883 0 -0.977078
    outer loop
      vertex 46.8669 0.000499725 0.00379944
      vertex 46.8682 6.7132 0.0035162
      vertex 46.8682 0.000499725 0.0035162
    endloop
  endfacet
  facet normal -0.212883 0 -0.977078
    outer loop
      vertex 46.8682 6.7132 0.0035162
      vertex 46.8669 0.000499725 0.00379944
      vertex 46.8669 6.71406 0.00379944
    endloop
  endfacet
  facet normal -0.212883 -0 -0.977078
    outer loop
      vertex 46.8669 17.5005 0.00379944
      vertex 46.8682 10.7868 0.0035162
      vertex 46.8669 10.7859 0.00379944
    endloop
  endfacet
  facet normal -0.212883 0 -0.977078
    outer loop
      vertex 46.8682 10.7868 0.0035162
      vertex 46.8669 17.5005 0.00379944
      vertex 46.8682 17.5005 0.0035162
    endloop
  endfacet
  facet normal -0.207398 0 -0.978257
    outer loop
      vertex 46.8682 0.000499725 0.0035162
      vertex 46.8695 6.71234 0.00324059
      vertex 46.8695 0.000499725 0.00324059
    endloop
  endfacet
  facet normal -0.207398 0 -0.978257
    outer loop
      vertex 46.8695 6.71234 0.00324059
      vertex 46.8682 0.000499725 0.0035162
      vertex 46.8682 6.7132 0.0035162
    endloop
  endfacet
  facet normal -0.207398 -0 -0.978257
    outer loop
      vertex 46.8682 17.5005 0.0035162
      vertex 46.8695 10.7877 0.00324059
      vertex 46.8682 10.7868 0.0035162
    endloop
  endfacet
  facet normal -0.207398 0 -0.978257
    outer loop
      vertex 46.8695 10.7877 0.00324059
      vertex 46.8682 17.5005 0.0035162
      vertex 46.8695 17.5005 0.00324059
    endloop
  endfacet
  facet normal -0.201901 0 -0.979406
    outer loop
      vertex 46.8695 0.000499725 0.00324059
      vertex 46.8708 6.71149 0.0029726
      vertex 46.8708 0.000499725 0.0029726
    endloop
  endfacet
  facet normal -0.201901 0 -0.979406
    outer loop
      vertex 46.8708 6.71149 0.0029726
      vertex 46.8695 0.000499725 0.00324059
      vertex 46.8695 6.71234 0.00324059
    endloop
  endfacet
  facet normal -0.201901 -0 -0.979406
    outer loop
      vertex 46.8695 17.5005 0.00324059
      vertex 46.8708 10.7885 0.0029726
      vertex 46.8695 10.7877 0.00324059
    endloop
  endfacet
  facet normal -0.201901 0 -0.979406
    outer loop
      vertex 46.8708 10.7885 0.0029726
      vertex 46.8695 17.5005 0.00324059
      vertex 46.8708 17.5005 0.0029726
    endloop
  endfacet
  facet normal -0.206821 0 -0.978379
    outer loop
      vertex 46.8708 0.000499725 0.0029726
      vertex 46.872 6.71065 0.00271893
      vertex 46.872 0.000499725 0.00271893
    endloop
  endfacet
  facet normal -0.206821 0 -0.978379
    outer loop
      vertex 46.872 6.71065 0.00271893
      vertex 46.8708 0.000499725 0.0029726
      vertex 46.8708 6.71149 0.0029726
    endloop
  endfacet
  facet normal -0.206821 -0 -0.978379
    outer loop
      vertex 46.8708 17.5005 0.0029726
      vertex 46.872 10.7894 0.00271893
      vertex 46.8708 10.7885 0.0029726
    endloop
  endfacet
  facet normal -0.206821 0 -0.978379
    outer loop
      vertex 46.872 10.7894 0.00271893
      vertex 46.8708 17.5005 0.0029726
      vertex 46.872 17.5005 0.00271893
    endloop
  endfacet
  facet normal -0.180391 0 -0.983595
    outer loop
      vertex 46.872 0.000499725 0.00271893
      vertex 46.8733 6.70981 0.00248051
      vertex 46.8733 0.000499725 0.00248051
    endloop
  endfacet
  facet normal -0.180391 0 -0.983595
    outer loop
      vertex 46.8733 6.70981 0.00248051
      vertex 46.872 0.000499725 0.00271893
      vertex 46.872 6.71065 0.00271893
    endloop
  endfacet
  facet normal -0.180391 -0 -0.983595
    outer loop
      vertex 46.872 17.5005 0.00271893
      vertex 46.8733 10.7902 0.00248051
      vertex 46.872 10.7894 0.00271893
    endloop
  endfacet
  facet normal -0.180391 0 -0.983595
    outer loop
      vertex 46.8733 10.7902 0.00248051
      vertex 46.872 17.5005 0.00271893
      vertex 46.8733 17.5005 0.00248051
    endloop
  endfacet
  facet normal -0.174798 0 -0.984604
    outer loop
      vertex 46.8733 0.000499725 0.00248051
      vertex 46.8746 6.70898 0.00224972
      vertex 46.8746 0.000499725 0.00224972
    endloop
  endfacet
  facet normal -0.174798 0 -0.984604
    outer loop
      vertex 46.8746 6.70898 0.00224972
      vertex 46.8733 0.000499725 0.00248051
      vertex 46.8733 6.70981 0.00248051
    endloop
  endfacet
  facet normal -0.174798 -0 -0.984604
    outer loop
      vertex 46.8733 17.5005 0.00248051
      vertex 46.8746 10.791 0.00224972
      vertex 46.8733 10.7902 0.00248051
    endloop
  endfacet
  facet normal -0.174798 0 -0.984604
    outer loop
      vertex 46.8746 10.791 0.00224972
      vertex 46.8733 17.5005 0.00248051
      vertex 46.8746 17.5005 0.00224972
    endloop
  endfacet
  facet normal -0.169187 0 -0.985584
    outer loop
      vertex 46.8746 0.000499725 0.00224972
      vertex 46.8759 6.70815 0.00202656
      vertex 46.8759 0.000499725 0.00202656
    endloop
  endfacet
  facet normal -0.169187 0 -0.985584
    outer loop
      vertex 46.8759 6.70815 0.00202656
      vertex 46.8746 0.000499725 0.00224972
      vertex 46.8746 6.70898 0.00224972
    endloop
  endfacet
  facet normal -0.169187 -0 -0.985584
    outer loop
      vertex 46.8746 17.5005 0.00224972
      vertex 46.8759 10.7919 0.00202656
      vertex 46.8746 10.791 0.00224972
    endloop
  endfacet
  facet normal -0.169187 0 -0.985584
    outer loop
      vertex 46.8759 10.7919 0.00202656
      vertex 46.8746 17.5005 0.00224972
      vertex 46.8759 17.5005 0.00202656
    endloop
  endfacet
  facet normal -0.158627 0 -0.987339
    outer loop
      vertex 46.8759 0.000499725 0.00202656
      vertex 46.8772 6.70732 0.0018177
      vertex 46.8772 0.000499725 0.0018177
    endloop
  endfacet
  facet normal -0.158627 0 -0.987339
    outer loop
      vertex 46.8772 6.70732 0.0018177
      vertex 46.8759 0.000499725 0.00202656
      vertex 46.8759 6.70815 0.00202656
    endloop
  endfacet
  facet normal -0.158627 -0 -0.987339
    outer loop
      vertex 46.8759 17.5005 0.00202656
      vertex 46.8772 10.7927 0.0018177
      vertex 46.8759 10.7919 0.00202656
    endloop
  endfacet
  facet normal -0.158627 0 -0.987339
    outer loop
      vertex 46.8772 10.7927 0.0018177
      vertex 46.8759 17.5005 0.00202656
      vertex 46.8772 17.5005 0.0018177
    endloop
  endfacet
  facet normal -0.147291 0 -0.989093
    outer loop
      vertex 46.8772 0.000499725 0.0018177
      vertex 46.8785 6.70651 0.00162411
      vertex 46.8785 0.000499725 0.00162411
    endloop
  endfacet
  facet normal -0.147291 0 -0.989093
    outer loop
      vertex 46.8785 6.70651 0.00162411
      vertex 46.8772 0.000499725 0.0018177
      vertex 46.8772 6.70732 0.0018177
    endloop
  endfacet
  facet normal -0.147291 -0 -0.989093
    outer loop
      vertex 46.8772 17.5005 0.0018177
      vertex 46.8785 10.7935 0.00162411
      vertex 46.8772 10.7927 0.0018177
    endloop
  endfacet
  facet normal -0.147291 0 -0.989093
    outer loop
      vertex 46.8785 10.7935 0.00162411
      vertex 46.8772 17.5005 0.0018177
      vertex 46.8785 17.5005 0.00162411
    endloop
  endfacet
  facet normal -0.142321 0 -0.989821
    outer loop
      vertex 46.8785 0.000499725 0.00162411
      vertex 46.8798 6.7057 0.00143719
      vertex 46.8798 0.000499725 0.00143719
    endloop
  endfacet
  facet normal -0.142321 0 -0.989821
    outer loop
      vertex 46.8798 6.7057 0.00143719
      vertex 46.8785 0.000499725 0.00162411
      vertex 46.8785 6.70651 0.00162411
    endloop
  endfacet
  facet normal -0.142321 -0 -0.989821
    outer loop
      vertex 46.8785 17.5005 0.00162411
      vertex 46.8798 10.7943 0.00143719
      vertex 46.8785 10.7935 0.00162411
    endloop
  endfacet
  facet normal -0.142321 0 -0.989821
    outer loop
      vertex 46.8798 10.7943 0.00143719
      vertex 46.8785 17.5005 0.00162411
      vertex 46.8798 17.5005 0.00143719
    endloop
  endfacet
  facet normal -0.135912 0 -0.990721
    outer loop
      vertex 46.8798 0.000499725 0.00143719
      vertex 46.8811 6.70489 0.00125885
      vertex 46.8811 0.000499725 0.00125885
    endloop
  endfacet
  facet normal -0.135912 0 -0.990721
    outer loop
      vertex 46.8811 6.70489 0.00125885
      vertex 46.8798 0.000499725 0.00143719
      vertex 46.8798 6.7057 0.00143719
    endloop
  endfacet
  facet normal -0.135912 -0 -0.990721
    outer loop
      vertex 46.8798 17.5005 0.00143719
      vertex 46.8811 10.7951 0.00125885
      vertex 46.8798 10.7943 0.00143719
    endloop
  endfacet
  facet normal -0.135912 0 -0.990721
    outer loop
      vertex 46.8811 10.7951 0.00125885
      vertex 46.8798 17.5005 0.00143719
      vertex 46.8811 17.5005 0.00125885
    endloop
  endfacet
  facet normal -0.125184 0 -0.992133
    outer loop
      vertex 46.8811 0.000499725 0.00125885
      vertex 46.8824 6.7041 0.00109482
      vertex 46.8824 0.000499725 0.00109482
    endloop
  endfacet
  facet normal -0.125184 0 -0.992133
    outer loop
      vertex 46.8824 6.7041 0.00109482
      vertex 46.8811 0.000499725 0.00125885
      vertex 46.8811 6.70489 0.00125885
    endloop
  endfacet
  facet normal -0.125184 -0 -0.992133
    outer loop
      vertex 46.8811 17.5005 0.00125885
      vertex 46.8824 10.7959 0.00109482
      vertex 46.8811 10.7951 0.00125885
    endloop
  endfacet
  facet normal -0.125184 0 -0.992133
    outer loop
      vertex 46.8824 10.7959 0.00109482
      vertex 46.8811 17.5005 0.00125885
      vertex 46.8824 17.5005 0.00109482
    endloop
  endfacet
  facet normal -0.1137 0 -0.993515
    outer loop
      vertex 46.8824 0.000499725 0.00109482
      vertex 46.8837 6.70331 0.000946045
      vertex 46.8837 0.000499725 0.000946045
    endloop
  endfacet
  facet normal -0.1137 0 -0.993515
    outer loop
      vertex 46.8837 6.70331 0.000946045
      vertex 46.8824 0.000499725 0.00109482
      vertex 46.8824 6.7041 0.00109482
    endloop
  endfacet
  facet normal -0.1137 -0 -0.993515
    outer loop
      vertex 46.8824 17.5005 0.00109482
      vertex 46.8837 10.7967 0.000946045
      vertex 46.8824 10.7959 0.00109482
    endloop
  endfacet
  facet normal -0.1137 0 -0.993515
    outer loop
      vertex 46.8837 10.7967 0.000946045
      vertex 46.8824 17.5005 0.00109482
      vertex 46.8837 17.5005 0.000946045
    endloop
  endfacet
  facet normal -0.108659 0 -0.994079
    outer loop
      vertex 46.8837 0.000499725 0.000946045
      vertex 46.885 6.70253 0.000803947
      vertex 46.885 0.000499725 0.000803947
    endloop
  endfacet
  facet normal -0.108659 0 -0.994079
    outer loop
      vertex 46.885 6.70253 0.000803947
      vertex 46.8837 0.000499725 0.000946045
      vertex 46.8837 6.70331 0.000946045
    endloop
  endfacet
  facet normal -0.108659 -0 -0.994079
    outer loop
      vertex 46.8837 17.5005 0.000946045
      vertex 46.885 10.7975 0.000803947
      vertex 46.8837 10.7967 0.000946045
    endloop
  endfacet
  facet normal -0.108659 0 -0.994079
    outer loop
      vertex 46.885 10.7975 0.000803947
      vertex 46.8837 17.5005 0.000946045
      vertex 46.885 17.5005 0.000803947
    endloop
  endfacet
  facet normal -0.0971066 0 -0.995274
    outer loop
      vertex 46.885 0.000499725 0.000803947
      vertex 46.8863 6.70175 0.000677109
      vertex 46.8863 0.000499725 0.000677109
    endloop
  endfacet
  facet normal -0.0971066 0 -0.995274
    outer loop
      vertex 46.8863 6.70175 0.000677109
      vertex 46.885 0.000499725 0.000803947
      vertex 46.885 6.70253 0.000803947
    endloop
  endfacet
  facet normal -0.0971066 -0 -0.995274
    outer loop
      vertex 46.885 17.5005 0.000803947
      vertex 46.8863 10.7982 0.000677109
      vertex 46.885 10.7975 0.000803947
    endloop
  endfacet
  facet normal -0.0971066 0 -0.995274
    outer loop
      vertex 46.8863 10.7982 0.000677109
      vertex 46.885 17.5005 0.000803947
      vertex 46.8863 17.5005 0.000677109
    endloop
  endfacet
  facet normal -0.0913169 0 -0.995822
    outer loop
      vertex 46.8863 0.000499725 0.000677109
      vertex 46.8876 6.70098 0.000557899
      vertex 46.8876 0.000499725 0.000557899
    endloop
  endfacet
  facet normal -0.0913169 0 -0.995822
    outer loop
      vertex 46.8876 6.70098 0.000557899
      vertex 46.8863 0.000499725 0.000677109
      vertex 46.8863 6.70175 0.000677109
    endloop
  endfacet
  facet normal -0.0913169 -0 -0.995822
    outer loop
      vertex 46.8863 17.5005 0.000677109
      vertex 46.8876 10.799 0.000557899
      vertex 46.8863 10.7982 0.000677109
    endloop
  endfacet
  facet normal -0.0913169 0 -0.995822
    outer loop
      vertex 46.8876 10.799 0.000557899
      vertex 46.8863 17.5005 0.000677109
      vertex 46.8876 17.5005 0.000557899
    endloop
  endfacet
  facet normal -0.0855156 0 -0.996337
    outer loop
      vertex 46.8876 0.000499725 0.000557899
      vertex 46.8889 6.70021 0.00044632
      vertex 46.8889 0.000499725 0.00044632
    endloop
  endfacet
  facet normal -0.0855156 0 -0.996337
    outer loop
      vertex 46.8889 6.70021 0.00044632
      vertex 46.8876 0.000499725 0.000557899
      vertex 46.8876 6.70098 0.000557899
    endloop
  endfacet
  facet normal -0.0855156 -0 -0.996337
    outer loop
      vertex 46.8876 17.5005 0.000557899
      vertex 46.8889 10.7998 0.00044632
      vertex 46.8876 10.799 0.000557899
    endloop
  endfacet
  facet normal -0.0855156 0 -0.996337
    outer loop
      vertex 46.8889 10.7998 0.00044632
      vertex 46.8876 17.5005 0.000557899
      vertex 46.8889 17.5005 0.00044632
    endloop
  endfacet
  facet normal -0.0738913 0 -0.997266
    outer loop
      vertex 46.8889 0.000499725 0.00044632
      vertex 46.8902 6.69945 0.000349998
      vertex 46.8902 0.000499725 0.000349998
    endloop
  endfacet
  facet normal -0.0738913 0 -0.997266
    outer loop
      vertex 46.8902 6.69945 0.000349998
      vertex 46.8889 0.000499725 0.00044632
      vertex 46.8889 6.70021 0.00044632
    endloop
  endfacet
  facet normal -0.0738913 -0 -0.997266
    outer loop
      vertex 46.8889 17.5005 0.00044632
      vertex 46.8902 10.8005 0.000349998
      vertex 46.8889 10.7998 0.00044632
    endloop
  endfacet
  facet normal -0.0738913 0 -0.997266
    outer loop
      vertex 46.8902 10.8005 0.000349998
      vertex 46.8889 17.5005 0.00044632
      vertex 46.8902 17.5005 0.000349998
    endloop
  endfacet
  facet normal -0.062964 0 -0.998016
    outer loop
      vertex 46.8902 0.000499725 0.000349998
      vertex 46.8915 6.6987 0.000267982
      vertex 46.8915 0.000499725 0.000267982
    endloop
  endfacet
  facet normal -0.062964 0 -0.998016
    outer loop
      vertex 46.8915 6.6987 0.000267982
      vertex 46.8902 0.000499725 0.000349998
      vertex 46.8902 6.69945 0.000349998
    endloop
  endfacet
  facet normal -0.062964 -0 -0.998016
    outer loop
      vertex 46.8902 17.5005 0.000349998
      vertex 46.8915 10.8013 0.000267982
      vertex 46.8902 10.8005 0.000349998
    endloop
  endfacet
  facet normal -0.062964 0 -0.998016
    outer loop
      vertex 46.8915 10.8013 0.000267982
      vertex 46.8902 17.5005 0.000349998
      vertex 46.8915 17.5005 0.000267982
    endloop
  endfacet
  facet normal -0.0571266 0 -0.998367
    outer loop
      vertex 46.8915 0.000499725 0.000267982
      vertex 46.8928 6.69795 0.000193596
      vertex 46.8928 0.000499725 0.000193596
    endloop
  endfacet
  facet normal -0.0571266 0 -0.998367
    outer loop
      vertex 46.8928 6.69795 0.000193596
      vertex 46.8915 0.000499725 0.000267982
      vertex 46.8915 6.6987 0.000267982
    endloop
  endfacet
  facet normal -0.0571266 -0 -0.998367
    outer loop
      vertex 46.8915 17.5005 0.000267982
      vertex 46.8928 10.802 0.000193596
      vertex 46.8915 10.8013 0.000267982
    endloop
  endfacet
  facet normal -0.0571266 0 -0.998367
    outer loop
      vertex 46.8928 10.802 0.000193596
      vertex 46.8915 17.5005 0.000267982
      vertex 46.8928 17.5005 0.000193596
    endloop
  endfacet
  facet normal -0.0461676 0 -0.998934
    outer loop
      vertex 46.8928 0.000499725 0.000193596
      vertex 46.8941 6.69722 0.000133514
      vertex 46.8941 0.000499725 0.000133514
    endloop
  endfacet
  facet normal -0.0461676 0 -0.998934
    outer loop
      vertex 46.8941 6.69722 0.000133514
      vertex 46.8928 0.000499725 0.000193596
      vertex 46.8928 6.69795 0.000193596
    endloop
  endfacet
  facet normal -0.0461676 -0 -0.998934
    outer loop
      vertex 46.8928 17.5005 0.000193596
      vertex 46.8941 10.8028 0.000133514
      vertex 46.8928 10.802 0.000193596
    endloop
  endfacet
  facet normal -0.0461676 0 -0.998934
    outer loop
      vertex 46.8941 10.8028 0.000133514
      vertex 46.8928 17.5005 0.000193596
      vertex 46.8941 17.5005 0.000133514
    endloop
  endfacet
  facet normal -0.0344582 0 -0.999406
    outer loop
      vertex 46.8941 0.000499725 0.000133514
      vertex 46.8954 6.69649 8.86917e-05
      vertex 46.8954 0.000499725 8.86917e-05
    endloop
  endfacet
  facet normal -0.0344582 0 -0.999406
    outer loop
      vertex 46.8954 6.69649 8.86917e-05
      vertex 46.8941 0.000499725 0.000133514
      vertex 46.8941 6.69722 0.000133514
    endloop
  endfacet
  facet normal -0.0344582 -0 -0.999406
    outer loop
      vertex 46.8941 17.5005 0.000133514
      vertex 46.8954 10.8035 8.86917e-05
      vertex 46.8941 10.8028 0.000133514
    endloop
  endfacet
  facet normal -0.0344582 0 -0.999406
    outer loop
      vertex 46.8954 10.8035 8.86917e-05
      vertex 46.8941 17.5005 0.000133514
      vertex 46.8954 17.5005 8.86917e-05
    endloop
  endfacet
  facet normal -0.0344585 0 -0.999406
    outer loop
      vertex 46.8954 0.000499725 8.86917e-05
      vertex 46.8967 6.69576 4.3869e-05
      vertex 46.8967 0.000499725 4.3869e-05
    endloop
  endfacet
  facet normal -0.0344585 0 -0.999406
    outer loop
      vertex 46.8967 6.69576 4.3869e-05
      vertex 46.8954 0.000499725 8.86917e-05
      vertex 46.8954 6.69649 8.86917e-05
    endloop
  endfacet
  facet normal -0.0344585 -0 -0.999406
    outer loop
      vertex 46.8954 17.5005 8.86917e-05
      vertex 46.8967 10.8042 4.3869e-05
      vertex 46.8954 10.8035 8.86917e-05
    endloop
  endfacet
  facet normal -0.0344585 0 -0.999406
    outer loop
      vertex 46.8967 10.8042 4.3869e-05
      vertex 46.8954 17.5005 8.86917e-05
      vertex 46.8967 17.5005 4.3869e-05
    endloop
  endfacet
  facet normal -0.0168703 0 -0.999858
    outer loop
      vertex 46.8967 0.000499725 4.3869e-05
      vertex 46.898 6.69505 2.19345e-05
      vertex 46.898 0.000499725 2.19345e-05
    endloop
  endfacet
  facet normal -0.0168703 0 -0.999858
    outer loop
      vertex 46.898 6.69505 2.19345e-05
      vertex 46.8967 0.000499725 4.3869e-05
      vertex 46.8967 6.69576 4.3869e-05
    endloop
  endfacet
  facet normal -0.0168703 -0 -0.999858
    outer loop
      vertex 46.8967 17.5005 4.3869e-05
      vertex 46.898 10.805 2.19345e-05
      vertex 46.8967 10.8042 4.3869e-05
    endloop
  endfacet
  facet normal -0.0168703 0 -0.999858
    outer loop
      vertex 46.898 10.805 2.19345e-05
      vertex 46.8967 17.5005 4.3869e-05
      vertex 46.898 17.5005 2.19345e-05
    endloop
  endfacet
  facet normal -0.0117367 0 -0.999931
    outer loop
      vertex 46.898 0.000499725 2.19345e-05
      vertex 46.8993 6.69434 6.67572e-06
      vertex 46.8993 0.000499725 6.67572e-06
    endloop
  endfacet
  facet normal -0.0117367 0 -0.999931
    outer loop
      vertex 46.8993 6.69434 6.67572e-06
      vertex 46.898 0.000499725 2.19345e-05
      vertex 46.898 6.69505 2.19345e-05
    endloop
  endfacet
  facet normal -0.0117367 -0 -0.999931
    outer loop
      vertex 46.898 17.5005 2.19345e-05
      vertex 46.8993 10.8057 6.67572e-06
      vertex 46.898 10.805 2.19345e-05
    endloop
  endfacet
  facet normal -0.0117367 0 -0.999931
    outer loop
      vertex 46.8993 10.8057 6.67572e-06
      vertex 46.898 17.5005 2.19345e-05
      vertex 46.8993 17.5005 6.67572e-06
    endloop
  endfacet
  facet normal -0.00476832 0 -0.999989
    outer loop
      vertex 46.8993 0.000499725 6.67572e-06
      vertex 46.9007 6.69363 0
      vertex 46.9007 0.000499725 0
    endloop
  endfacet
  facet normal -0.00476832 0 -0.999989
    outer loop
      vertex 46.9007 6.69363 0
      vertex 46.8993 0.000499725 6.67572e-06
      vertex 46.8993 6.69434 6.67572e-06
    endloop
  endfacet
  facet normal -0.00476832 -0 -0.999989
    outer loop
      vertex 46.8993 17.5005 6.67572e-06
      vertex 46.9007 10.8064 0
      vertex 46.8993 10.8057 6.67572e-06
    endloop
  endfacet
  facet normal -0.00476832 0 -0.999989
    outer loop
      vertex 46.9007 10.8064 0
      vertex 46.8993 17.5005 6.67572e-06
      vertex 46.9007 17.5005 0
    endloop
  endfacet
  facet normal 0.0051351 0 -0.999987
    outer loop
      vertex 46.9007 0.000499725 0
      vertex 46.902 6.69294 6.67572e-06
      vertex 46.902 0.000499725 6.67572e-06
    endloop
  endfacet
  facet normal 0.0051351 0 -0.999987
    outer loop
      vertex 46.902 6.69294 6.67572e-06
      vertex 46.9007 0.000499725 0
      vertex 46.9007 6.69363 0
    endloop
  endfacet
  facet normal 0.0051351 0 -0.999987
    outer loop
      vertex 46.9007 17.5005 0
      vertex 46.902 10.8071 6.67572e-06
      vertex 46.9007 10.8064 0
    endloop
  endfacet
  facet normal 0.0051351 0 -0.999987
    outer loop
      vertex 46.902 10.8071 6.67572e-06
      vertex 46.9007 17.5005 0
      vertex 46.902 17.5005 6.67572e-06
    endloop
  endfacet
  facet normal 0.0117367 0 -0.999931
    outer loop
      vertex 46.902 0.000499725 6.67572e-06
      vertex 46.9033 6.69224 2.19345e-05
      vertex 46.9033 0.000499725 2.19345e-05
    endloop
  endfacet
  facet normal 0.0117367 0 -0.999931
    outer loop
      vertex 46.9033 6.69224 2.19345e-05
      vertex 46.902 0.000499725 6.67572e-06
      vertex 46.902 6.69294 6.67572e-06
    endloop
  endfacet
  facet normal 0.0117367 0 -0.999931
    outer loop
      vertex 46.902 17.5005 6.67572e-06
      vertex 46.9033 10.8078 2.19345e-05
      vertex 46.902 10.8071 6.67572e-06
    endloop
  endfacet
  facet normal 0.0117367 0 -0.999931
    outer loop
      vertex 46.9033 10.8078 2.19345e-05
      vertex 46.902 17.5005 6.67572e-06
      vertex 46.9033 17.5005 2.19345e-05
    endloop
  endfacet
  facet normal 0.0227356 0 -0.999742
    outer loop
      vertex 46.9033 0.000499725 2.19345e-05
      vertex 46.9046 6.69156 5.14984e-05
      vertex 46.9046 0.000499725 5.14984e-05
    endloop
  endfacet
  facet normal 0.0227356 0 -0.999742
    outer loop
      vertex 46.9046 6.69156 5.14984e-05
      vertex 46.9033 0.000499725 2.19345e-05
      vertex 46.9033 6.69224 2.19345e-05
    endloop
  endfacet
  facet normal 0.0227356 0 -0.999742
    outer loop
      vertex 46.9033 17.5005 2.19345e-05
      vertex 46.9046 10.8084 5.14984e-05
      vertex 46.9033 10.8078 2.19345e-05
    endloop
  endfacet
  facet normal 0.0227356 0 -0.999742
    outer loop
      vertex 46.9046 10.8084 5.14984e-05
      vertex 46.9033 17.5005 2.19345e-05
      vertex 46.9046 17.5005 5.14984e-05
    endloop
  endfacet
  facet normal 0.0344585 0 -0.999406
    outer loop
      vertex 46.9046 0.000499725 5.14984e-05
      vertex 46.9059 6.69089 9.63211e-05
      vertex 46.9059 0.000499725 9.63211e-05
    endloop
  endfacet
  facet normal 0.0344585 0 -0.999406
    outer loop
      vertex 46.9059 6.69089 9.63211e-05
      vertex 46.9046 0.000499725 5.14984e-05
      vertex 46.9046 6.69156 5.14984e-05
    endloop
  endfacet
  facet normal 0.0344585 0 -0.999406
    outer loop
      vertex 46.9046 17.5005 5.14984e-05
      vertex 46.9059 10.8091 9.63211e-05
      vertex 46.9046 10.8084 5.14984e-05
    endloop
  endfacet
  facet normal 0.0344585 0 -0.999406
    outer loop
      vertex 46.9059 10.8091 9.63211e-05
      vertex 46.9046 17.5005 5.14984e-05
      vertex 46.9059 17.5005 9.63211e-05
    endloop
  endfacet
  facet normal 0.0403148 0 -0.999187
    outer loop
      vertex 46.9059 0.000499725 9.63211e-05
      vertex 46.9072 6.69022 0.000148773
      vertex 46.9072 0.000499725 0.000148773
    endloop
  endfacet
  facet normal 0.0403148 0 -0.999187
    outer loop
      vertex 46.9072 6.69022 0.000148773
      vertex 46.9059 0.000499725 9.63211e-05
      vertex 46.9059 6.69089 9.63211e-05
    endloop
  endfacet
  facet normal 0.0403148 0 -0.999187
    outer loop
      vertex 46.9059 17.5005 9.63211e-05
      vertex 46.9072 10.8098 0.000148773
      vertex 46.9059 10.8091 9.63211e-05
    endloop
  endfacet
  facet normal 0.0403148 0 -0.999187
    outer loop
      vertex 46.9072 10.8098 0.000148773
      vertex 46.9059 17.5005 9.63211e-05
      vertex 46.9072 17.5005 0.000148773
    endloop
  endfacet
  facet normal 0.051284 0 -0.998684
    outer loop
      vertex 46.9072 0.000499725 0.000148773
      vertex 46.9085 6.68956 0.00021553
      vertex 46.9085 0.000499725 0.00021553
    endloop
  endfacet
  facet normal 0.051284 0 -0.998684
    outer loop
      vertex 46.9085 6.68956 0.00021553
      vertex 46.9072 0.000499725 0.000148773
      vertex 46.9072 6.69022 0.000148773
    endloop
  endfacet
  facet normal 0.051284 0 -0.998684
    outer loop
      vertex 46.9072 17.5005 0.000148773
      vertex 46.9085 10.8104 0.00021553
      vertex 46.9072 10.8098 0.000148773
    endloop
  endfacet
  facet normal 0.051284 0 -0.998684
    outer loop
      vertex 46.9085 10.8104 0.00021553
      vertex 46.9072 17.5005 0.000148773
      vertex 46.9085 17.5005 0.00021553
    endloop
  endfacet
  facet normal 0.0571273 0 -0.998367
    outer loop
      vertex 46.9085 0.000499725 0.00021553
      vertex 46.9098 6.68891 0.000289917
      vertex 46.9098 0.000499725 0.000289917
    endloop
  endfacet
  facet normal 0.0571273 0 -0.998367
    outer loop
      vertex 46.9098 6.68891 0.000289917
      vertex 46.9085 0.000499725 0.00021553
      vertex 46.9085 6.68956 0.00021553
    endloop
  endfacet
  facet normal 0.0571273 0 -0.998367
    outer loop
      vertex 46.9085 17.5005 0.00021553
      vertex 46.9098 10.8111 0.000289917
      vertex 46.9085 10.8104 0.00021553
    endloop
  endfacet
  facet normal 0.0571273 0 -0.998367
    outer loop
      vertex 46.9098 10.8111 0.000289917
      vertex 46.9085 17.5005 0.00021553
      vertex 46.9098 17.5005 0.000289917
    endloop
  endfacet
  facet normal 0.0687943 0 -0.997631
    outer loop
      vertex 46.9098 0.000499725 0.000289917
      vertex 46.9111 6.68826 0.000379562
      vertex 46.9111 0.000499725 0.000379562
    endloop
  endfacet
  facet normal 0.0687943 0 -0.997631
    outer loop
      vertex 46.9111 6.68826 0.000379562
      vertex 46.9098 0.000499725 0.000289917
      vertex 46.9098 6.68891 0.000289917
    endloop
  endfacet
  facet normal 0.0687943 0 -0.997631
    outer loop
      vertex 46.9098 17.5005 0.000289917
      vertex 46.9111 10.8117 0.000379562
      vertex 46.9098 10.8111 0.000289917
    endloop
  endfacet
  facet normal 0.0687943 0 -0.997631
    outer loop
      vertex 46.9111 10.8117 0.000379562
      vertex 46.9098 17.5005 0.000289917
      vertex 46.9111 17.5005 0.000379562
    endloop
  endfacet
  facet normal 0.0746183 0 -0.997212
    outer loop
      vertex 46.9111 0.000499725 0.000379562
      vertex 46.9124 6.68763 0.000476837
      vertex 46.9124 0.000499725 0.000476837
    endloop
  endfacet
  facet normal 0.0746183 0 -0.997212
    outer loop
      vertex 46.9124 6.68763 0.000476837
      vertex 46.9111 0.000499725 0.000379562
      vertex 46.9111 6.68826 0.000379562
    endloop
  endfacet
  facet normal 0.0746183 0 -0.997212
    outer loop
      vertex 46.9111 17.5005 0.000379562
      vertex 46.9124 10.8124 0.000476837
      vertex 46.9111 10.8117 0.000379562
    endloop
  endfacet
  facet normal 0.0746183 0 -0.997212
    outer loop
      vertex 46.9124 10.8124 0.000476837
      vertex 46.9111 17.5005 0.000379562
      vertex 46.9124 17.5005 0.000476837
    endloop
  endfacet
  facet normal 0.0797079 0 -0.996818
    outer loop
      vertex 46.9124 0.000499725 0.000476837
      vertex 46.9137 6.68699 0.000580788
      vertex 46.9137 0.000499725 0.000580788
    endloop
  endfacet
  facet normal 0.0797079 0 -0.996818
    outer loop
      vertex 46.9137 6.68699 0.000580788
      vertex 46.9124 0.000499725 0.000476837
      vertex 46.9124 6.68763 0.000476837
    endloop
  endfacet
  facet normal 0.0797079 0 -0.996818
    outer loop
      vertex 46.9124 17.5005 0.000476837
      vertex 46.9137 10.813 0.000580788
      vertex 46.9124 10.8124 0.000476837
    endloop
  endfacet
  facet normal 0.0797079 0 -0.996818
    outer loop
      vertex 46.9137 10.813 0.000580788
      vertex 46.9124 17.5005 0.000476837
      vertex 46.9137 17.5005 0.000580788
    endloop
  endfacet
  facet normal 0.0971066 0 -0.995274
    outer loop
      vertex 46.9137 0.000499725 0.000580788
      vertex 46.915 6.68638 0.000707626
      vertex 46.915 0.000499725 0.000707626
    endloop
  endfacet
  facet normal 0.0971066 0 -0.995274
    outer loop
      vertex 46.915 6.68638 0.000707626
      vertex 46.9137 0.000499725 0.000580788
      vertex 46.9137 6.68699 0.000580788
    endloop
  endfacet
  facet normal 0.0971066 0 -0.995274
    outer loop
      vertex 46.9137 17.5005 0.000580788
      vertex 46.915 10.8136 0.000707626
      vertex 46.9137 10.813 0.000580788
    endloop
  endfacet
  facet normal 0.0971066 0 -0.995274
    outer loop
      vertex 46.915 10.8136 0.000707626
      vertex 46.9137 17.5005 0.000580788
      vertex 46.915 17.5005 0.000707626
    endloop
  endfacet
  facet normal 0.0971073 0 -0.995274
    outer loop
      vertex 46.915 0.000499725 0.000707626
      vertex 46.9163 6.68576 0.000834465
      vertex 46.9163 0.000499725 0.000834465
    endloop
  endfacet
  facet normal 0.0971073 0 -0.995274
    outer loop
      vertex 46.9163 6.68576 0.000834465
      vertex 46.915 0.000499725 0.000707626
      vertex 46.915 6.68638 0.000707626
    endloop
  endfacet
  facet normal 0.0971073 0 -0.995274
    outer loop
      vertex 46.915 17.5005 0.000707626
      vertex 46.9163 10.8142 0.000834465
      vertex 46.915 10.8136 0.000707626
    endloop
  endfacet
  facet normal 0.0971073 0 -0.995274
    outer loop
      vertex 46.9163 10.8142 0.000834465
      vertex 46.915 17.5005 0.000707626
      vertex 46.9163 17.5005 0.000834465
    endloop
  endfacet
  facet normal 0.113699 0 -0.993515
    outer loop
      vertex 46.9163 0.000499725 0.000834465
      vertex 46.9176 6.68515 0.000983238
      vertex 46.9176 0.000499725 0.000983238
    endloop
  endfacet
  facet normal 0.113699 0 -0.993515
    outer loop
      vertex 46.9176 6.68515 0.000983238
      vertex 46.9163 0.000499725 0.000834465
      vertex 46.9163 6.68576 0.000834465
    endloop
  endfacet
  facet normal 0.113699 0 -0.993515
    outer loop
      vertex 46.9163 17.5005 0.000834465
      vertex 46.9176 10.8148 0.000983238
      vertex 46.9163 10.8142 0.000834465
    endloop
  endfacet
  facet normal 0.113699 0 -0.993515
    outer loop
      vertex 46.9176 10.8148 0.000983238
      vertex 46.9163 17.5005 0.000834465
      vertex 46.9176 17.5005 0.000983238
    endloop
  endfacet
  facet normal 0.119448 0 -0.99284
    outer loop
      vertex 46.9176 0.000499725 0.000983238
      vertex 46.9189 6.68455 0.00113964
      vertex 46.9189 0.000499725 0.00113964
    endloop
  endfacet
  facet normal 0.119448 0 -0.99284
    outer loop
      vertex 46.9189 6.68455 0.00113964
      vertex 46.9176 0.000499725 0.000983238
      vertex 46.9176 6.68515 0.000983238
    endloop
  endfacet
  facet normal 0.119448 0 -0.99284
    outer loop
      vertex 46.9176 17.5005 0.000983238
      vertex 46.9189 10.8154 0.00113964
      vertex 46.9176 10.8148 0.000983238
    endloop
  endfacet
  facet normal 0.119448 0 -0.99284
    outer loop
      vertex 46.9189 10.8154 0.00113964
      vertex 46.9176 17.5005 0.000983238
      vertex 46.9189 17.5005 0.00113964
    endloop
  endfacet
  facet normal 0.125184 0 -0.992133
    outer loop
      vertex 46.9189 0.000499725 0.00113964
      vertex 46.9202 6.68396 0.00130367
      vertex 46.9202 0.000499725 0.00130367
    endloop
  endfacet
  facet normal 0.125184 0 -0.992133
    outer loop
      vertex 46.9202 6.68396 0.00130367
      vertex 46.9189 0.000499725 0.00113964
      vertex 46.9189 6.68455 0.00113964
    endloop
  endfacet
  facet normal 0.125184 0 -0.992133
    outer loop
      vertex 46.9189 17.5005 0.00113964
      vertex 46.9202 10.816 0.00130367
      vertex 46.9189 10.8154 0.00113964
    endloop
  endfacet
  facet normal 0.125184 0 -0.992133
    outer loop
      vertex 46.9202 10.816 0.00130367
      vertex 46.9189 17.5005 0.00113964
      vertex 46.9202 17.5005 0.00130367
    endloop
  endfacet
  facet normal 0.135912 0 -0.990721
    outer loop
      vertex 46.9202 0.000499725 0.00130367
      vertex 46.9215 6.68338 0.00148201
      vertex 46.9215 0.000499725 0.00148201
    endloop
  endfacet
  facet normal 0.135912 0 -0.990721
    outer loop
      vertex 46.9215 6.68338 0.00148201
      vertex 46.9202 0.000499725 0.00130367
      vertex 46.9202 6.68396 0.00130367
    endloop
  endfacet
  facet normal 0.135912 0 -0.990721
    outer loop
      vertex 46.9202 17.5005 0.00130367
      vertex 46.9215 10.8166 0.00148201
      vertex 46.9202 10.816 0.00130367
    endloop
  endfacet
  facet normal 0.135912 0 -0.990721
    outer loop
      vertex 46.9215 10.8166 0.00148201
      vertex 46.9202 17.5005 0.00130367
      vertex 46.9215 17.5005 0.00148201
    endloop
  endfacet
  facet normal 0.142321 0 -0.989821
    outer loop
      vertex 46.9215 0.000499725 0.00148201
      vertex 46.9228 6.6828 0.00166893
      vertex 46.9228 0.000499725 0.00166893
    endloop
  endfacet
  facet normal 0.142321 0 -0.989821
    outer loop
      vertex 46.9228 6.6828 0.00166893
      vertex 46.9215 0.000499725 0.00148201
      vertex 46.9215 6.68338 0.00148201
    endloop
  endfacet
  facet normal 0.142321 0 -0.989821
    outer loop
      vertex 46.9215 17.5005 0.00148201
      vertex 46.9228 10.8172 0.00166893
      vertex 46.9215 10.8166 0.00148201
    endloop
  endfacet
  facet normal 0.142321 0 -0.989821
    outer loop
      vertex 46.9228 10.8172 0.00166893
      vertex 46.9215 17.5005 0.00148201
      vertex 46.9228 17.5005 0.00166893
    endloop
  endfacet
  facet normal 0.152258 0 -0.988341
    outer loop
      vertex 46.9228 0.000499725 0.00166893
      vertex 46.9241 6.68223 0.0018692
      vertex 46.9241 0.000499725 0.0018692
    endloop
  endfacet
  facet normal 0.152258 0 -0.988341
    outer loop
      vertex 46.9241 6.68223 0.0018692
      vertex 46.9228 0.000499725 0.00166893
      vertex 46.9228 6.6828 0.00166893
    endloop
  endfacet
  facet normal 0.152258 0 -0.988341
    outer loop
      vertex 46.9228 17.5005 0.00166893
      vertex 46.9241 10.8178 0.0018692
      vertex 46.9228 10.8172 0.00166893
    endloop
  endfacet
  facet normal 0.152258 0 -0.988341
    outer loop
      vertex 46.9241 10.8178 0.0018692
      vertex 46.9228 17.5005 0.00166893
      vertex 46.9241 17.5005 0.0018692
    endloop
  endfacet
  facet normal 0.158627 0 -0.987339
    outer loop
      vertex 46.9241 0.000499725 0.0018692
      vertex 46.9254 6.68167 0.00207806
      vertex 46.9254 0.000499725 0.00207806
    endloop
  endfacet
  facet normal 0.158627 0 -0.987339
    outer loop
      vertex 46.9254 6.68167 0.00207806
      vertex 46.9241 0.000499725 0.0018692
      vertex 46.9241 6.68223 0.0018692
    endloop
  endfacet
  facet normal 0.158627 0 -0.987339
    outer loop
      vertex 46.9241 17.5005 0.0018692
      vertex 46.9254 10.8183 0.00207806
      vertex 46.9241 10.8178 0.0018692
    endloop
  endfacet
  facet normal 0.158627 0 -0.987339
    outer loop
      vertex 46.9254 10.8183 0.00207806
      vertex 46.9241 17.5005 0.0018692
      vertex 46.9254 17.5005 0.00207806
    endloop
  endfacet
  facet normal 0.169886 0 -0.985464
    outer loop
      vertex 46.9254 0.000499725 0.00207806
      vertex 46.9267 6.68112 0.00230217
      vertex 46.9267 0.000499725 0.00230217
    endloop
  endfacet
  facet normal 0.169886 0 -0.985464
    outer loop
      vertex 46.9267 6.68112 0.00230217
      vertex 46.9254 0.000499725 0.00207806
      vertex 46.9254 6.68167 0.00207806
    endloop
  endfacet
  facet normal 0.169886 0 -0.985464
    outer loop
      vertex 46.9254 17.5005 0.00207806
      vertex 46.9267 10.8189 0.00230217
      vertex 46.9254 10.8183 0.00207806
    endloop
  endfacet
  facet normal 0.169886 0 -0.985464
    outer loop
      vertex 46.9267 10.8189 0.00230217
      vertex 46.9254 17.5005 0.00207806
      vertex 46.9267 17.5005 0.00230217
    endloop
  endfacet
  facet normal 0.180391 0 -0.983595
    outer loop
      vertex 46.9267 0.000499725 0.00230217
      vertex 46.928 6.68058 0.00254059
      vertex 46.928 0.000499725 0.00254059
    endloop
  endfacet
  facet normal 0.180391 0 -0.983595
    outer loop
      vertex 46.928 6.68058 0.00254059
      vertex 46.9267 0.000499725 0.00230217
      vertex 46.9267 6.68112 0.00230217
    endloop
  endfacet
  facet normal 0.180391 0 -0.983595
    outer loop
      vertex 46.9267 17.5005 0.00230217
      vertex 46.928 10.8194 0.00254059
      vertex 46.9267 10.8189 0.00230217
    endloop
  endfacet
  facet normal 0.180391 0 -0.983595
    outer loop
      vertex 46.928 10.8194 0.00254059
      vertex 46.9267 17.5005 0.00230217
      vertex 46.928 17.5005 0.00254059
    endloop
  endfacet
  facet normal 0.200111 0 -0.979773
    outer loop
      vertex 46.928 0.000499725 0.00254059
      vertex 46.9292 6.68004 0.00278568
      vertex 46.9292 0.000499725 0.00278568
    endloop
  endfacet
  facet normal 0.200111 0 -0.979773
    outer loop
      vertex 46.9292 6.68004 0.00278568
      vertex 46.928 0.000499725 0.00254059
      vertex 46.928 6.68058 0.00254059
    endloop
  endfacet
  facet normal 0.200111 0 -0.979773
    outer loop
      vertex 46.928 17.5005 0.00254059
      vertex 46.9292 10.82 0.00278568
      vertex 46.928 10.8194 0.00254059
    endloop
  endfacet
  facet normal 0.200111 0 -0.979773
    outer loop
      vertex 46.9292 10.82 0.00278568
      vertex 46.928 17.5005 0.00254059
      vertex 46.9292 17.5005 0.00278568
    endloop
  endfacet
  facet normal 0.191526 0 -0.981488
    outer loop
      vertex 46.9292 0.000499725 0.00278568
      vertex 46.9305 6.67951 0.00303936
      vertex 46.9305 0.000499725 0.00303936
    endloop
  endfacet
  facet normal 0.191526 0 -0.981488
    outer loop
      vertex 46.9305 6.67951 0.00303936
      vertex 46.9292 0.000499725 0.00278568
      vertex 46.9292 6.68004 0.00278568
    endloop
  endfacet
  facet normal 0.191526 0 -0.981488
    outer loop
      vertex 46.9292 17.5005 0.00278568
      vertex 46.9305 10.8205 0.00303936
      vertex 46.9292 10.82 0.00278568
    endloop
  endfacet
  facet normal 0.191526 0 -0.981488
    outer loop
      vertex 46.9305 10.8205 0.00303936
      vertex 46.9292 17.5005 0.00278568
      vertex 46.9305 17.5005 0.00303936
    endloop
  endfacet
  facet normal 0.201894 0 -0.979407
    outer loop
      vertex 46.9305 0.000499725 0.00303936
      vertex 46.9318 6.67899 0.00330734
      vertex 46.9318 0.000499725 0.00330734
    endloop
  endfacet
  facet normal 0.201894 0 -0.979407
    outer loop
      vertex 46.9318 6.67899 0.00330734
      vertex 46.9305 0.000499725 0.00303936
      vertex 46.9305 6.67951 0.00303936
    endloop
  endfacet
  facet normal 0.201894 0 -0.979407
    outer loop
      vertex 46.9305 17.5005 0.00303936
      vertex 46.9318 10.821 0.00330734
      vertex 46.9305 10.8205 0.00303936
    endloop
  endfacet
  facet normal 0.201894 0 -0.979407
    outer loop
      vertex 46.9318 10.821 0.00330734
      vertex 46.9305 17.5005 0.00303936
      vertex 46.9318 17.5005 0.00330734
    endloop
  endfacet
  facet normal 0.207398 0 -0.978257
    outer loop
      vertex 46.9318 0.000499725 0.00330734
      vertex 46.9331 6.67848 0.00358295
      vertex 46.9331 0.000499725 0.00358295
    endloop
  endfacet
  facet normal 0.207398 0 -0.978257
    outer loop
      vertex 46.9331 6.67848 0.00358295
      vertex 46.9318 0.000499725 0.00330734
      vertex 46.9318 6.67899 0.00330734
    endloop
  endfacet
  facet normal 0.207398 0 -0.978257
    outer loop
      vertex 46.9318 17.5005 0.00330734
      vertex 46.9331 10.8215 0.00358295
      vertex 46.9318 10.821 0.00330734
    endloop
  endfacet
  facet normal 0.207398 0 -0.978257
    outer loop
      vertex 46.9331 10.8215 0.00358295
      vertex 46.9318 17.5005 0.00330734
      vertex 46.9331 17.5005 0.00358295
    endloop
  endfacet
  facet normal 0.218355 0 -0.97587
    outer loop
      vertex 46.9331 0.000499725 0.00358295
      vertex 46.9344 6.67798 0.00387383
      vertex 46.9344 0.000499725 0.00387383
    endloop
  endfacet
  facet normal 0.218355 0 -0.97587
    outer loop
      vertex 46.9344 6.67798 0.00387383
      vertex 46.9331 0.000499725 0.00358295
      vertex 46.9331 6.67848 0.00358295
    endloop
  endfacet
  facet normal 0.218355 0 -0.97587
    outer loop
      vertex 46.9331 17.5005 0.00358295
      vertex 46.9344 10.822 0.00387383
      vertex 46.9331 10.8215 0.00358295
    endloop
  endfacet
  facet normal 0.218355 0 -0.97587
    outer loop
      vertex 46.9344 10.822 0.00387383
      vertex 46.9331 17.5005 0.00358295
      vertex 46.9344 17.5005 0.00387383
    endloop
  endfacet
  facet normal 0.246463 0 -0.969152
    outer loop
      vertex 46.9344 0.000499725 0.00387383
      vertex 46.9356 6.67748 0.004179
      vertex 46.9356 0.000499725 0.004179
    endloop
  endfacet
  facet normal 0.246463 0 -0.969152
    outer loop
      vertex 46.9356 6.67748 0.004179
      vertex 46.9344 0.000499725 0.00387383
      vertex 46.9344 6.67798 0.00387383
    endloop
  endfacet
  facet normal 0.246463 0 -0.969152
    outer loop
      vertex 46.9344 17.5005 0.00387383
      vertex 46.9356 10.8225 0.004179
      vertex 46.9344 10.822 0.00387383
    endloop
  endfacet
  facet normal 0.246463 0 -0.969152
    outer loop
      vertex 46.9356 10.8225 0.004179
      vertex 46.9344 17.5005 0.00387383
      vertex 46.9356 17.5005 0.004179
    endloop
  endfacet
  facet normal 0.229215 0 -0.973376
    outer loop
      vertex 46.9356 0.000499725 0.004179
      vertex 46.9369 6.67699 0.00448513
      vertex 46.9369 0.000499725 0.00448513
    endloop
  endfacet
  facet normal 0.229215 0 -0.973376
    outer loop
      vertex 46.9369 6.67699 0.00448513
      vertex 46.9356 0.000499725 0.004179
      vertex 46.9356 6.67748 0.004179
    endloop
  endfacet
  facet normal 0.229215 0 -0.973376
    outer loop
      vertex 46.9356 17.5005 0.004179
      vertex 46.9369 10.823 0.00448513
      vertex 46.9356 10.8225 0.004179
    endloop
  endfacet
  facet normal 0.229215 0 -0.973376
    outer loop
      vertex 46.9369 10.823 0.00448513
      vertex 46.9356 17.5005 0.004179
      vertex 46.9369 17.5005 0.00448513
    endloop
  endfacet
  facet normal 0.244017 0 -0.969771
    outer loop
      vertex 46.9369 0.000499725 0.00448513
      vertex 46.9382 6.67652 0.00481224
      vertex 46.9382 0.000499725 0.00481224
    endloop
  endfacet
  facet normal 0.244017 0 -0.969771
    outer loop
      vertex 46.9382 6.67652 0.00481224
      vertex 46.9369 0.000499725 0.00448513
      vertex 46.9369 6.67699 0.00448513
    endloop
  endfacet
  facet normal 0.244017 0 -0.969771
    outer loop
      vertex 46.9369 17.5005 0.00448513
      vertex 46.9382 10.8235 0.00481224
      vertex 46.9369 10.823 0.00448513
    endloop
  endfacet
  facet normal 0.244017 0 -0.969771
    outer loop
      vertex 46.9382 10.8235 0.00481224
      vertex 46.9369 17.5005 0.00448513
      vertex 46.9382 17.5005 0.00481224
    endloop
  endfacet
  facet normal 0.269399 0 -0.963029
    outer loop
      vertex 46.9382 0.000499725 0.00481224
      vertex 46.9394 6.67605 0.00514793
      vertex 46.9394 0.000499725 0.00514793
    endloop
  endfacet
  facet normal 0.269399 0 -0.963029
    outer loop
      vertex 46.9394 6.67605 0.00514793
      vertex 46.9382 0.000499725 0.00481224
      vertex 46.9382 6.67652 0.00481224
    endloop
  endfacet
  facet normal 0.269399 0 -0.963029
    outer loop
      vertex 46.9382 17.5005 0.00481224
      vertex 46.9394 10.8239 0.00514793
      vertex 46.9382 10.8235 0.00481224
    endloop
  endfacet
  facet normal 0.269399 0 -0.963029
    outer loop
      vertex 46.9394 10.8239 0.00514793
      vertex 46.9382 17.5005 0.00481224
      vertex 46.9394 17.5005 0.00514793
    endloop
  endfacet
  facet normal 0.254677 0 -0.967026
    outer loop
      vertex 46.9394 0.000499725 0.00514793
      vertex 46.9407 6.67559 0.0054903
      vertex 46.9407 0.000499725 0.0054903
    endloop
  endfacet
  facet normal 0.254677 0 -0.967026
    outer loop
      vertex 46.9407 6.67559 0.0054903
      vertex 46.9394 0.000499725 0.00514793
      vertex 46.9394 6.67605 0.00514793
    endloop
  endfacet
  facet normal 0.254677 0 -0.967026
    outer loop
      vertex 46.9394 17.5005 0.00514793
      vertex 46.9407 10.8244 0.0054903
      vertex 46.9394 10.8239 0.00514793
    endloop
  endfacet
  facet normal 0.254677 0 -0.967026
    outer loop
      vertex 46.9407 10.8244 0.0054903
      vertex 46.9394 17.5005 0.00514793
      vertex 46.9407 17.5005 0.0054903
    endloop
  endfacet
  facet normal 0.265246 0 -0.964181
    outer loop
      vertex 46.9407 0.000499725 0.0054903
      vertex 46.942 6.67513 0.00584793
      vertex 46.942 0.000499725 0.00584793
    endloop
  endfacet
  facet normal 0.265246 0 -0.964181
    outer loop
      vertex 46.942 6.67513 0.00584793
      vertex 46.9407 0.000499725 0.0054903
      vertex 46.9407 6.67559 0.0054903
    endloop
  endfacet
  facet normal 0.265246 0 -0.964181
    outer loop
      vertex 46.9407 17.5005 0.0054903
      vertex 46.942 10.8249 0.00584793
      vertex 46.9407 10.8244 0.0054903
    endloop
  endfacet
  facet normal 0.265246 0 -0.964181
    outer loop
      vertex 46.942 10.8249 0.00584793
      vertex 46.9407 17.5005 0.0054903
      vertex 46.942 17.5005 0.00584793
    endloop
  endfacet
  facet normal 0.291193 0 -0.956664
    outer loop
      vertex 46.942 0.000499725 0.00584793
      vertex 46.9432 6.67469 0.00621319
      vertex 46.9432 0.000499725 0.00621319
    endloop
  endfacet
  facet normal 0.291193 0 -0.956664
    outer loop
      vertex 46.9432 6.67469 0.00621319
      vertex 46.942 0.000499725 0.00584793
      vertex 46.942 6.67513 0.00584793
    endloop
  endfacet
  facet normal 0.291193 0 -0.956664
    outer loop
      vertex 46.942 17.5005 0.00584793
      vertex 46.9432 10.8253 0.00621319
      vertex 46.942 10.8249 0.00584793
    endloop
  endfacet
  facet normal 0.291193 0 -0.956664
    outer loop
      vertex 46.9432 10.8253 0.00621319
      vertex 46.942 17.5005 0.00584793
      vertex 46.9432 17.5005 0.00621319
    endloop
  endfacet
  facet normal 0.280914 0 -0.959733
    outer loop
      vertex 46.9432 0.000499725 0.00621319
      vertex 46.9445 6.67425 0.0065937
      vertex 46.9445 0.000499725 0.0065937
    endloop
  endfacet
  facet normal 0.280914 0 -0.959733
    outer loop
      vertex 46.9445 6.67425 0.0065937
      vertex 46.9432 0.000499725 0.00621319
      vertex 46.9432 6.67469 0.00621319
    endloop
  endfacet
  facet normal 0.280914 0 -0.959733
    outer loop
      vertex 46.9432 17.5005 0.00621319
      vertex 46.9445 10.8257 0.0065937
      vertex 46.9432 10.8253 0.00621319
    endloop
  endfacet
  facet normal 0.280914 0 -0.959733
    outer loop
      vertex 46.9445 10.8257 0.0065937
      vertex 46.9432 17.5005 0.00621319
      vertex 46.9445 17.5005 0.0065937
    endloop
  endfacet
  facet normal 0.307077 0 -0.951685
    outer loop
      vertex 46.9445 0.000499725 0.0065937
      vertex 46.9457 6.67383 0.0069809
      vertex 46.9457 0.000499725 0.0069809
    endloop
  endfacet
  facet normal 0.307077 0 -0.951685
    outer loop
      vertex 46.9457 6.67383 0.0069809
      vertex 46.9445 0.000499725 0.0065937
      vertex 46.9445 6.67425 0.0065937
    endloop
  endfacet
  facet normal 0.307077 0 -0.951685
    outer loop
      vertex 46.9445 17.5005 0.0065937
      vertex 46.9457 10.8262 0.0069809
      vertex 46.9445 10.8257 0.0065937
    endloop
  endfacet
  facet normal 0.307077 0 -0.951685
    outer loop
      vertex 46.9457 10.8262 0.0069809
      vertex 46.9445 17.5005 0.0065937
      vertex 46.9457 17.5005 0.0069809
    endloop
  endfacet
  facet normal 0.29573 0 -0.955272
    outer loop
      vertex 46.9457 0.000499725 0.0069809
      vertex 46.947 6.67341 0.00738335
      vertex 46.947 0.000499725 0.00738335
    endloop
  endfacet
  facet normal 0.29573 0 -0.955272
    outer loop
      vertex 46.947 6.67341 0.00738335
      vertex 46.9457 0.000499725 0.0069809
      vertex 46.9457 6.67383 0.0069809
    endloop
  endfacet
  facet normal 0.29573 0 -0.955272
    outer loop
      vertex 46.9457 17.5005 0.0069809
      vertex 46.947 10.8266 0.00738335
      vertex 46.9457 10.8262 0.0069809
    endloop
  endfacet
  facet normal 0.29573 0 -0.955272
    outer loop
      vertex 46.947 10.8266 0.00738335
      vertex 46.9457 17.5005 0.0069809
      vertex 46.947 17.5005 0.00738335
    endloop
  endfacet
  facet normal 0.322694 0 -0.946503
    outer loop
      vertex 46.947 0.000499725 0.00738335
      vertex 46.9482 6.673 0.00779247
      vertex 46.9482 0.000499725 0.00779247
    endloop
  endfacet
  facet normal 0.322694 0 -0.946503
    outer loop
      vertex 46.9482 6.673 0.00779247
      vertex 46.947 0.000499725 0.00738335
      vertex 46.947 6.67341 0.00738335
    endloop
  endfacet
  facet normal 0.322694 0 -0.946503
    outer loop
      vertex 46.947 17.5005 0.00738335
      vertex 46.9482 10.827 0.00779247
      vertex 46.947 10.8266 0.00738335
    endloop
  endfacet
  facet normal 0.322694 0 -0.946503
    outer loop
      vertex 46.9482 10.827 0.00779247
      vertex 46.947 17.5005 0.00738335
      vertex 46.9482 17.5005 0.00779247
    endloop
  endfacet
  facet normal 0.328744 0 -0.944419
    outer loop
      vertex 46.9482 0.000499725 0.00779247
      vertex 46.9494 6.6726 0.00821018
      vertex 46.9494 0.000499725 0.00821018
    endloop
  endfacet
  facet normal 0.328744 0 -0.944419
    outer loop
      vertex 46.9494 6.6726 0.00821018
      vertex 46.9482 0.000499725 0.00779247
      vertex 46.9482 6.673 0.00779247
    endloop
  endfacet
  facet normal 0.328744 0 -0.944419
    outer loop
      vertex 46.9482 17.5005 0.00779247
      vertex 46.9494 10.8274 0.00821018
      vertex 46.9482 10.827 0.00779247
    endloop
  endfacet
  facet normal 0.328744 0 -0.944419
    outer loop
      vertex 46.9494 10.8274 0.00821018
      vertex 46.9482 17.5005 0.00779247
      vertex 46.9494 17.5005 0.00821018
    endloop
  endfacet
  facet normal 0.315365 0 -0.948971
    outer loop
      vertex 46.9494 0.000499725 0.00821018
      vertex 46.9507 6.6722 0.0086422
      vertex 46.9507 0.000499725 0.0086422
    endloop
  endfacet
  facet normal 0.315365 0 -0.948971
    outer loop
      vertex 46.9507 6.6722 0.0086422
      vertex 46.9494 0.000499725 0.00821018
      vertex 46.9494 6.6726 0.00821018
    endloop
  endfacet
  facet normal 0.315365 0 -0.948971
    outer loop
      vertex 46.9494 17.5005 0.00821018
      vertex 46.9507 10.8278 0.0086422
      vertex 46.9494 10.8274 0.00821018
    endloop
  endfacet
  facet normal 0.315365 0 -0.948971
    outer loop
      vertex 46.9507 10.8278 0.0086422
      vertex 46.9494 17.5005 0.00821018
      vertex 46.9507 17.5005 0.0086422
    endloop
  endfacet
  facet normal 0.349254 0 -0.937028
    outer loop
      vertex 46.9507 0.000499725 0.0086422
      vertex 46.9519 6.67182 0.00908947
      vertex 46.9519 0.000499725 0.00908947
    endloop
  endfacet
  facet normal 0.349254 0 -0.937028
    outer loop
      vertex 46.9519 6.67182 0.00908947
      vertex 46.9507 0.000499725 0.0086422
      vertex 46.9507 6.6722 0.0086422
    endloop
  endfacet
  facet normal 0.349254 0 -0.937028
    outer loop
      vertex 46.9507 17.5005 0.0086422
      vertex 46.9519 10.8282 0.00908947
      vertex 46.9507 10.8278 0.0086422
    endloop
  endfacet
  facet normal 0.349254 0 -0.937028
    outer loop
      vertex 46.9519 10.8282 0.00908947
      vertex 46.9507 17.5005 0.0086422
      vertex 46.9519 17.5005 0.00908947
    endloop
  endfacet
  facet normal 0.353821 0 -0.935313
    outer loop
      vertex 46.9519 0.000499725 0.00908947
      vertex 46.9531 6.67145 0.00954342
      vertex 46.9531 0.000499725 0.00954342
    endloop
  endfacet
  facet normal 0.353821 0 -0.935313
    outer loop
      vertex 46.9531 6.67145 0.00954342
      vertex 46.9519 0.000499725 0.00908947
      vertex 46.9519 6.67182 0.00908947
    endloop
  endfacet
  facet normal 0.353821 0 -0.935313
    outer loop
      vertex 46.9519 17.5005 0.00908947
      vertex 46.9531 10.8286 0.00954342
      vertex 46.9519 10.8282 0.00908947
    endloop
  endfacet
  facet normal 0.353821 0 -0.935313
    outer loop
      vertex 46.9531 10.8286 0.00954342
      vertex 46.9519 17.5005 0.00908947
      vertex 46.9531 17.5005 0.00954342
    endloop
  endfacet
  facet normal 0.33524 0 -0.942133
    outer loop
      vertex 46.9531 0.000499725 0.00954342
      vertex 46.9544 6.67116 0.010006
      vertex 46.9544 0.000499725 0.010006
    endloop
  endfacet
  facet normal 0.326033 2.01784e-06 -0.945358
    outer loop
      vertex 46.9544 6.67116 0.010006
      vertex 46.9531 0.000499725 0.00954342
      vertex 46.9535 6.67133 0.00969561
    endloop
  endfacet
  facet normal 0.355606 0 -0.934636
    outer loop
      vertex 46.9535 6.67133 0.00969561
      vertex 46.9531 0.000499725 0.00954342
      vertex 46.9531 6.67145 0.00954342
    endloop
  endfacet
  facet normal 0.326033 -2.01756e-06 -0.945358
    outer loop
      vertex 46.9531 17.5005 0.00954342
      vertex 46.9544 10.8288 0.010006
      vertex 46.9535 10.8287 0.00969561
    endloop
  endfacet
  facet normal 0.355606 0 -0.934636
    outer loop
      vertex 46.9531 17.5005 0.00954342
      vertex 46.9535 10.8287 0.00969561
      vertex 46.9531 10.8286 0.00954342
    endloop
  endfacet
  facet normal 0.33524 0 -0.942133
    outer loop
      vertex 46.9544 10.8288 0.010006
      vertex 46.9531 17.5005 0.00954342
      vertex 46.9544 17.5005 0.010006
    endloop
  endfacet
  facet normal 0.369253 0 -0.929329
    outer loop
      vertex 46.9544 0.000499725 0.010006
      vertex 46.9556 6.67093 0.0104828
      vertex 46.9556 0.000499725 0.0104828
    endloop
  endfacet
  facet normal 0.369253 0 -0.929329
    outer loop
      vertex 46.9556 6.67093 0.0104828
      vertex 46.9544 0.000499725 0.010006
      vertex 46.9544 6.67116 0.010006
    endloop
  endfacet
  facet normal 0.369253 0 -0.929329
    outer loop
      vertex 46.9544 17.5005 0.010006
      vertex 46.9556 10.8291 0.0104828
      vertex 46.9544 10.8288 0.010006
    endloop
  endfacet
  facet normal 0.369253 0 -0.929329
    outer loop
      vertex 46.9556 10.8291 0.0104828
      vertex 46.9544 17.5005 0.010006
      vertex 46.9556 17.5005 0.0104828
    endloop
  endfacet
  facet normal 0.374386 0 -0.927273
    outer loop
      vertex 46.9556 0.000499725 0.0104828
      vertex 46.9568 6.67071 0.0109673
      vertex 46.9568 0.000499725 0.0109673
    endloop
  endfacet
  facet normal 0.374386 0 -0.927273
    outer loop
      vertex 46.9568 6.67071 0.0109673
      vertex 46.9556 0.000499725 0.0104828
      vertex 46.9556 6.67093 0.0104828
    endloop
  endfacet
  facet normal 0.374386 0 -0.927273
    outer loop
      vertex 46.9556 17.5005 0.0104828
      vertex 46.9568 10.8293 0.0109673
      vertex 46.9556 10.8291 0.0104828
    endloop
  endfacet
  facet normal 0.374386 0 -0.927273
    outer loop
      vertex 46.9568 10.8293 0.0109673
      vertex 46.9556 17.5005 0.0104828
      vertex 46.9568 17.5005 0.0109673
    endloop
  endfacet
  facet normal 0.383763 0 -0.923432
    outer loop
      vertex 46.9568 0.000499725 0.0109673
      vertex 46.958 6.67048 0.011466
      vertex 46.958 0.000499725 0.011466
    endloop
  endfacet
  facet normal 0.383763 0 -0.923432
    outer loop
      vertex 46.958 6.67048 0.011466
      vertex 46.9568 0.000499725 0.0109673
      vertex 46.9568 6.67071 0.0109673
    endloop
  endfacet
  facet normal 0.383763 0 -0.923432
    outer loop
      vertex 46.9568 17.5005 0.0109673
      vertex 46.958 10.8295 0.011466
      vertex 46.9568 10.8293 0.0109673
    endloop
  endfacet
  facet normal 0.383763 0 -0.923432
    outer loop
      vertex 46.958 10.8295 0.011466
      vertex 46.9568 17.5005 0.0109673
      vertex 46.958 17.5005 0.011466
    endloop
  endfacet
  facet normal 0.388798 0 -0.921323
    outer loop
      vertex 46.958 0.000499725 0.011466
      vertex 46.9592 6.67027 0.0119724
      vertex 46.9592 0.000499725 0.0119724
    endloop
  endfacet
  facet normal 0.388798 0 -0.921323
    outer loop
      vertex 46.9592 6.67027 0.0119724
      vertex 46.958 0.000499725 0.011466
      vertex 46.958 6.67048 0.011466
    endloop
  endfacet
  facet normal 0.388798 0 -0.921323
    outer loop
      vertex 46.958 17.5005 0.011466
      vertex 46.9592 10.8297 0.0119724
      vertex 46.958 10.8295 0.011466
    endloop
  endfacet
  facet normal 0.388798 0 -0.921323
    outer loop
      vertex 46.9592 10.8297 0.0119724
      vertex 46.958 17.5005 0.011466
      vertex 46.9592 17.5005 0.0119724
    endloop
  endfacet
  facet normal 0.393799 0 -0.919197
    outer loop
      vertex 46.9592 0.000499725 0.0119724
      vertex 46.9604 6.67006 0.0124865
      vertex 46.9604 0.000499725 0.0124865
    endloop
  endfacet
  facet normal 0.393799 0 -0.919197
    outer loop
      vertex 46.9604 6.67006 0.0124865
      vertex 46.9592 0.000499725 0.0119724
      vertex 46.9592 6.67027 0.0119724
    endloop
  endfacet
  facet normal 0.393799 0 -0.919197
    outer loop
      vertex 46.9592 17.5005 0.0119724
      vertex 46.9604 10.8299 0.0124865
      vertex 46.9592 10.8297 0.0119724
    endloop
  endfacet
  facet normal 0.393799 0 -0.919197
    outer loop
      vertex 46.9604 10.8299 0.0124865
      vertex 46.9592 17.5005 0.0119724
      vertex 46.9604 17.5005 0.0124865
    endloop
  endfacet
  facet normal 0.403505 0 -0.914977
    outer loop
      vertex 46.9604 0.000499725 0.0124865
      vertex 46.9616 6.66986 0.0130157
      vertex 46.9616 0.000499725 0.0130157
    endloop
  endfacet
  facet normal 0.403505 0 -0.914977
    outer loop
      vertex 46.9616 6.66986 0.0130157
      vertex 46.9604 0.000499725 0.0124865
      vertex 46.9604 6.67006 0.0124865
    endloop
  endfacet
  facet normal 0.403505 0 -0.914977
    outer loop
      vertex 46.9604 17.5005 0.0124865
      vertex 46.9616 10.8301 0.0130157
      vertex 46.9604 10.8299 0.0124865
    endloop
  endfacet
  facet normal 0.403505 0 -0.914977
    outer loop
      vertex 46.9616 10.8301 0.0130157
      vertex 46.9604 17.5005 0.0124865
      vertex 46.9616 17.5005 0.0130157
    endloop
  endfacet
  facet normal 0.407832 0 -0.913057
    outer loop
      vertex 46.9616 0.000499725 0.0130157
      vertex 46.9628 6.66966 0.0135517
      vertex 46.9628 0.000499725 0.0135517
    endloop
  endfacet
  facet normal 0.407832 0 -0.913057
    outer loop
      vertex 46.9628 6.66966 0.0135517
      vertex 46.9616 0.000499725 0.0130157
      vertex 46.9616 6.66986 0.0130157
    endloop
  endfacet
  facet normal 0.407832 0 -0.913057
    outer loop
      vertex 46.9616 17.5005 0.0130157
      vertex 46.9628 10.8303 0.0135517
      vertex 46.9616 10.8301 0.0130157
    endloop
  endfacet
  facet normal 0.407832 0 -0.913057
    outer loop
      vertex 46.9628 10.8303 0.0135517
      vertex 46.9616 17.5005 0.0130157
      vertex 46.9628 17.5005 0.0135517
    endloop
  endfacet
  facet normal 0.418031 0 -0.908433
    outer loop
      vertex 46.9628 0.000499725 0.0135517
      vertex 46.964 6.66947 0.0141039
      vertex 46.964 0.000499725 0.0141039
    endloop
  endfacet
  facet normal 0.418031 0 -0.908433
    outer loop
      vertex 46.964 6.66947 0.0141039
      vertex 46.9628 0.000499725 0.0135517
      vertex 46.9628 6.66966 0.0135517
    endloop
  endfacet
  facet normal 0.418031 0 -0.908433
    outer loop
      vertex 46.9628 17.5005 0.0135517
      vertex 46.964 10.8305 0.0141039
      vertex 46.9628 10.8303 0.0135517
    endloop
  endfacet
  facet normal 0.418031 0 -0.908433
    outer loop
      vertex 46.964 10.8305 0.0141039
      vertex 46.9628 17.5005 0.0135517
      vertex 46.964 17.5005 0.0141039
    endloop
  endfacet
  facet normal 0.422141 0 -0.90653
    outer loop
      vertex 46.964 0.000499725 0.0141039
      vertex 46.9652 6.66928 0.0146627
      vertex 46.9652 0.000499725 0.0146627
    endloop
  endfacet
  facet normal 0.422141 0 -0.90653
    outer loop
      vertex 46.9652 6.66928 0.0146627
      vertex 46.964 0.000499725 0.0141039
      vertex 46.964 6.66947 0.0141039
    endloop
  endfacet
  facet normal 0.422141 0 -0.90653
    outer loop
      vertex 46.964 17.5005 0.0141039
      vertex 46.9652 10.8307 0.0146627
      vertex 46.964 10.8305 0.0141039
    endloop
  endfacet
  facet normal 0.422141 0 -0.90653
    outer loop
      vertex 46.9652 10.8307 0.0146627
      vertex 46.964 17.5005 0.0141039
      vertex 46.9652 17.5005 0.0146627
    endloop
  endfacet
  facet normal 0.457275 0 -0.889325
    outer loop
      vertex 46.9652 0.000499725 0.0146627
      vertex 46.9663 6.6691 0.0152283
      vertex 46.9663 0.000499725 0.0152283
    endloop
  endfacet
  facet normal 0.457275 0 -0.889325
    outer loop
      vertex 46.9663 6.6691 0.0152283
      vertex 46.9652 0.000499725 0.0146627
      vertex 46.9652 6.66928 0.0146627
    endloop
  endfacet
  facet normal 0.457275 0 -0.889325
    outer loop
      vertex 46.9652 17.5005 0.0146627
      vertex 46.9663 10.8309 0.0152283
      vertex 46.9652 10.8307 0.0146627
    endloop
  endfacet
  facet normal 0.457275 0 -0.889325
    outer loop
      vertex 46.9663 10.8309 0.0152283
      vertex 46.9652 17.5005 0.0146627
      vertex 46.9663 17.5005 0.0152283
    endloop
  endfacet
  facet normal 0.436202 0 -0.899849
    outer loop
      vertex 46.9663 0.000499725 0.0152283
      vertex 46.9675 6.66892 0.01581
      vertex 46.9675 0.000499725 0.01581
    endloop
  endfacet
  facet normal 0.436202 0 -0.899849
    outer loop
      vertex 46.9675 6.66892 0.01581
      vertex 46.9663 0.000499725 0.0152283
      vertex 46.9663 6.6691 0.0152283
    endloop
  endfacet
  facet normal 0.436202 0 -0.899849
    outer loop
      vertex 46.9663 17.5005 0.0152283
      vertex 46.9675 10.8311 0.01581
      vertex 46.9663 10.8309 0.0152283
    endloop
  endfacet
  facet normal 0.436202 0 -0.899849
    outer loop
      vertex 46.9675 10.8311 0.01581
      vertex 46.9663 17.5005 0.0152283
      vertex 46.9675 17.5005 0.01581
    endloop
  endfacet
  facet normal 0.440257 0 -0.897872
    outer loop
      vertex 46.9675 0.000499725 0.01581
      vertex 46.9687 6.66875 0.0163984
      vertex 46.9687 0.000499725 0.0163984
    endloop
  endfacet
  facet normal 0.440257 0 -0.897872
    outer loop
      vertex 46.9687 6.66875 0.0163984
      vertex 46.9675 0.000499725 0.01581
      vertex 46.9675 6.66892 0.01581
    endloop
  endfacet
  facet normal 0.440257 0 -0.897872
    outer loop
      vertex 46.9675 17.5005 0.01581
      vertex 46.9687 10.8312 0.0163984
      vertex 46.9675 10.8311 0.01581
    endloop
  endfacet
  facet normal 0.440257 0 -0.897872
    outer loop
      vertex 46.9687 10.8312 0.0163984
      vertex 46.9675 17.5005 0.01581
      vertex 46.9687 17.5005 0.0163984
    endloop
  endfacet
  facet normal 0.481123 0 -0.876653
    outer loop
      vertex 46.9687 0.000499725 0.0163984
      vertex 46.9698 6.66859 0.0170021
      vertex 46.9698 0.000499725 0.0170021
    endloop
  endfacet
  facet normal 0.481123 0 -0.876653
    outer loop
      vertex 46.9698 6.66859 0.0170021
      vertex 46.9687 0.000499725 0.0163984
      vertex 46.9687 6.66875 0.0163984
    endloop
  endfacet
  facet normal 0.481123 0 -0.876653
    outer loop
      vertex 46.9687 17.5005 0.0163984
      vertex 46.9698 10.8314 0.0170021
      vertex 46.9687 10.8312 0.0163984
    endloop
  endfacet
  facet normal 0.481123 0 -0.876653
    outer loop
      vertex 46.9698 10.8314 0.0170021
      vertex 46.9687 17.5005 0.0163984
      vertex 46.9698 17.5005 0.0170021
    endloop
  endfacet
  facet normal 0.453383 0 -0.891316
    outer loop
      vertex 46.9698 0.000499725 0.0170021
      vertex 46.971 6.66844 0.0176125
      vertex 46.971 0.000499725 0.0176125
    endloop
  endfacet
  facet normal 0.453383 0 -0.891316
    outer loop
      vertex 46.971 6.66844 0.0176125
      vertex 46.9698 0.000499725 0.0170021
      vertex 46.9698 6.66859 0.0170021
    endloop
  endfacet
  facet normal 0.453383 0 -0.891316
    outer loop
      vertex 46.9698 17.5005 0.0170021
      vertex 46.971 10.8316 0.0176125
      vertex 46.9698 10.8314 0.0170021
    endloop
  endfacet
  facet normal 0.453383 0 -0.891316
    outer loop
      vertex 46.971 10.8316 0.0176125
      vertex 46.9698 17.5005 0.0170021
      vertex 46.971 17.5005 0.0176125
    endloop
  endfacet
  facet normal 0.458377 0 -0.888758
    outer loop
      vertex 46.971 0.000499725 0.0176125
      vertex 46.9722 6.66828 0.0182314
      vertex 46.9722 0.000499725 0.0182314
    endloop
  endfacet
  facet normal 0.458377 0 -0.888758
    outer loop
      vertex 46.9722 6.66828 0.0182314
      vertex 46.971 0.000499725 0.0176125
      vertex 46.971 6.66844 0.0176125
    endloop
  endfacet
  facet normal 0.458377 0 -0.888758
    outer loop
      vertex 46.971 17.5005 0.0176125
      vertex 46.9722 10.8317 0.0182314
      vertex 46.971 10.8316 0.0176125
    endloop
  endfacet
  facet normal 0.458377 0 -0.888758
    outer loop
      vertex 46.9722 10.8317 0.0182314
      vertex 46.971 17.5005 0.0176125
      vertex 46.9722 17.5005 0.0182314
    endloop
  endfacet
  facet normal 0.494368 0 -0.869253
    outer loop
      vertex 46.9722 0.000499725 0.0182314
      vertex 46.9733 6.66814 0.018857
      vertex 46.9733 0.000499725 0.018857
    endloop
  endfacet
  facet normal 0.494368 0 -0.869253
    outer loop
      vertex 46.9733 6.66814 0.018857
      vertex 46.9722 0.000499725 0.0182314
      vertex 46.9722 6.66828 0.0182314
    endloop
  endfacet
  facet normal 0.494368 0 -0.869253
    outer loop
      vertex 46.9722 17.5005 0.0182314
      vertex 46.9733 10.8319 0.018857
      vertex 46.9722 10.8317 0.0182314
    endloop
  endfacet
  facet normal 0.494368 0 -0.869253
    outer loop
      vertex 46.9733 10.8319 0.018857
      vertex 46.9722 17.5005 0.0182314
      vertex 46.9733 17.5005 0.018857
    endloop
  endfacet
  facet normal 0.503422 0 -0.864041
    outer loop
      vertex 46.9733 0.000499725 0.018857
      vertex 46.9744 6.668 0.0194979
      vertex 46.9744 0.000499725 0.0194979
    endloop
  endfacet
  facet normal 0.503422 0 -0.864041
    outer loop
      vertex 46.9744 6.668 0.0194979
      vertex 46.9733 0.000499725 0.018857
      vertex 46.9733 6.66814 0.018857
    endloop
  endfacet
  facet normal 0.503422 0 -0.864041
    outer loop
      vertex 46.9733 17.5005 0.018857
      vertex 46.9744 10.832 0.0194979
      vertex 46.9733 10.8319 0.018857
    endloop
  endfacet
  facet normal 0.503422 0 -0.864041
    outer loop
      vertex 46.9744 10.832 0.0194979
      vertex 46.9733 17.5005 0.018857
      vertex 46.9744 17.5005 0.0194979
    endloop
  endfacet
  facet normal 0.479165 0 -0.877725
    outer loop
      vertex 46.9744 0.000499725 0.0194979
      vertex 46.9756 6.66787 0.020153
      vertex 46.9756 0.000499725 0.020153
    endloop
  endfacet
  facet normal 0.479165 0 -0.877725
    outer loop
      vertex 46.9756 6.66787 0.020153
      vertex 46.9744 0.000499725 0.0194979
      vertex 46.9744 6.668 0.0194979
    endloop
  endfacet
  facet normal 0.479165 0 -0.877725
    outer loop
      vertex 46.9744 17.5005 0.0194979
      vertex 46.9756 10.8321 0.020153
      vertex 46.9744 10.832 0.0194979
    endloop
  endfacet
  facet normal 0.479165 0 -0.877725
    outer loop
      vertex 46.9756 10.8321 0.020153
      vertex 46.9744 17.5005 0.0194979
      vertex 46.9756 17.5005 0.020153
    endloop
  endfacet
  facet normal 0.512313 0 -0.858799
    outer loop
      vertex 46.9756 0.000499725 0.020153
      vertex 46.9767 6.66774 0.0208092
      vertex 46.9767 0.000499725 0.0208092
    endloop
  endfacet
  facet normal 0.512313 0 -0.858799
    outer loop
      vertex 46.9767 6.66774 0.0208092
      vertex 46.9756 0.000499725 0.020153
      vertex 46.9756 6.66787 0.020153
    endloop
  endfacet
  facet normal 0.512313 0 -0.858799
    outer loop
      vertex 46.9756 17.5005 0.020153
      vertex 46.9767 10.8323 0.0208092
      vertex 46.9756 10.8321 0.020153
    endloop
  endfacet
  facet normal 0.512313 0 -0.858799
    outer loop
      vertex 46.9767 10.8323 0.0208092
      vertex 46.9756 17.5005 0.020153
      vertex 46.9767 17.5005 0.0208092
    endloop
  endfacet
  facet normal 0.52042 0 -0.853911
    outer loop
      vertex 46.9767 0.000499725 0.0208092
      vertex 46.9778 6.66762 0.0214796
      vertex 46.9778 0.000499725 0.0214796
    endloop
  endfacet
  facet normal 0.52042 0 -0.853911
    outer loop
      vertex 46.9778 6.66762 0.0214796
      vertex 46.9767 0.000499725 0.0208092
      vertex 46.9767 6.66774 0.0208092
    endloop
  endfacet
  facet normal 0.52042 0 -0.853911
    outer loop
      vertex 46.9767 17.5005 0.0208092
      vertex 46.9778 10.8324 0.0214796
      vertex 46.9767 10.8323 0.0208092
    endloop
  endfacet
  facet normal 0.52042 0 -0.853911
    outer loop
      vertex 46.9778 10.8324 0.0214796
      vertex 46.9767 17.5005 0.0208092
      vertex 46.9778 17.5005 0.0214796
    endloop
  endfacet
  facet normal 0.491969 0 -0.870613
    outer loop
      vertex 46.9778 0.000499725 0.0214796
      vertex 46.979 6.6675 0.0221577
      vertex 46.979 0.000499725 0.0221577
    endloop
  endfacet
  facet normal 0.491969 0 -0.870613
    outer loop
      vertex 46.979 6.6675 0.0221577
      vertex 46.9778 0.000499725 0.0214796
      vertex 46.9778 6.66762 0.0214796
    endloop
  endfacet
  facet normal 0.491969 0 -0.870613
    outer loop
      vertex 46.9778 17.5005 0.0214796
      vertex 46.979 10.8325 0.0221577
      vertex 46.9778 10.8324 0.0214796
    endloop
  endfacet
  facet normal 0.491969 0 -0.870613
    outer loop
      vertex 46.979 10.8325 0.0221577
      vertex 46.9778 17.5005 0.0214796
      vertex 46.979 17.5005 0.0221577
    endloop
  endfacet
  facet normal 0.532652 0 -0.846334
    outer loop
      vertex 46.979 0.000499725 0.0221577
      vertex 46.9801 6.6674 0.02285
      vertex 46.9801 0.000499725 0.02285
    endloop
  endfacet
  facet normal 0.532652 0 -0.846334
    outer loop
      vertex 46.9801 6.6674 0.02285
      vertex 46.979 0.000499725 0.0221577
      vertex 46.979 6.6675 0.0221577
    endloop
  endfacet
  facet normal 0.532652 0 -0.846334
    outer loop
      vertex 46.979 17.5005 0.0221577
      vertex 46.9801 10.8326 0.02285
      vertex 46.979 10.8325 0.0221577
    endloop
  endfacet
  facet normal 0.532652 0 -0.846334
    outer loop
      vertex 46.9801 10.8326 0.02285
      vertex 46.979 17.5005 0.0221577
      vertex 46.9801 17.5005 0.02285
    endloop
  endfacet
  facet normal 0.533258 0 -0.845953
    outer loop
      vertex 46.9801 0.000499725 0.02285
      vertex 46.9812 6.66729 0.0235434
      vertex 46.9812 0.000499725 0.0235434
    endloop
  endfacet
  facet normal 0.533258 0 -0.845953
    outer loop
      vertex 46.9812 6.66729 0.0235434
      vertex 46.9801 0.000499725 0.02285
      vertex 46.9801 6.6674 0.02285
    endloop
  endfacet
  facet normal 0.533258 0 -0.845953
    outer loop
      vertex 46.9801 17.5005 0.02285
      vertex 46.9812 10.8327 0.0235434
      vertex 46.9801 10.8326 0.02285
    endloop
  endfacet
  facet normal 0.533258 0 -0.845953
    outer loop
      vertex 46.9812 10.8327 0.0235434
      vertex 46.9801 17.5005 0.02285
      vertex 46.9812 17.5005 0.0235434
    endloop
  endfacet
  facet normal 0.541005 0 -0.841019
    outer loop
      vertex 46.9812 0.000499725 0.0235434
      vertex 46.9823 6.66719 0.024251
      vertex 46.9823 0.000499725 0.024251
    endloop
  endfacet
  facet normal 0.541005 0 -0.841019
    outer loop
      vertex 46.9823 6.66719 0.024251
      vertex 46.9812 0.000499725 0.0235434
      vertex 46.9812 6.66729 0.0235434
    endloop
  endfacet
  facet normal 0.541005 0 -0.841019
    outer loop
      vertex 46.9812 17.5005 0.0235434
      vertex 46.9823 10.8328 0.024251
      vertex 46.9812 10.8327 0.0235434
    endloop
  endfacet
  facet normal 0.541005 0 -0.841019
    outer loop
      vertex 46.9823 10.8328 0.024251
      vertex 46.9812 17.5005 0.0235434
      vertex 46.9823 17.5005 0.024251
    endloop
  endfacet
  facet normal 0.549201 0 -0.835691
    outer loop
      vertex 46.9823 0.000499725 0.024251
      vertex 46.9834 6.66711 0.0249739
      vertex 46.9834 0.000499725 0.0249739
    endloop
  endfacet
  facet normal 0.549201 0 -0.835691
    outer loop
      vertex 46.9834 6.66711 0.0249739
      vertex 46.9823 0.000499725 0.024251
      vertex 46.9823 6.66719 0.024251
    endloop
  endfacet
  facet normal 0.549201 0 -0.835691
    outer loop
      vertex 46.9823 17.5005 0.024251
      vertex 46.9834 10.8329 0.0249739
      vertex 46.9823 10.8328 0.024251
    endloop
  endfacet
  facet normal 0.549201 0 -0.835691
    outer loop
      vertex 46.9834 10.8329 0.0249739
      vertex 46.9823 17.5005 0.024251
      vertex 46.9834 17.5005 0.0249739
    endloop
  endfacet
  facet normal 0.585851 0 -0.810418
    outer loop
      vertex 46.9834 0.000499725 0.0249739
      vertex 46.9844 6.66702 0.0256968
      vertex 46.9844 0.000499725 0.0256968
    endloop
  endfacet
  facet normal 0.585851 0 -0.810418
    outer loop
      vertex 46.9844 6.66702 0.0256968
      vertex 46.9834 0.000499725 0.0249739
      vertex 46.9834 6.66711 0.0249739
    endloop
  endfacet
  facet normal 0.585851 0 -0.810418
    outer loop
      vertex 46.9834 17.5005 0.0249739
      vertex 46.9844 10.833 0.0256968
      vertex 46.9834 10.8329 0.0249739
    endloop
  endfacet
  facet normal 0.585851 0 -0.810418
    outer loop
      vertex 46.9844 10.833 0.0256968
      vertex 46.9834 17.5005 0.0249739
      vertex 46.9844 17.5005 0.0256968
    endloop
  endfacet
  facet normal 0.556668 0 -0.830735
    outer loop
      vertex 46.9844 0.000499725 0.0256968
      vertex 46.9855 6.66694 0.0264339
      vertex 46.9855 0.000499725 0.0264339
    endloop
  endfacet
  facet normal 0.556668 0 -0.830735
    outer loop
      vertex 46.9855 6.66694 0.0264339
      vertex 46.9844 0.000499725 0.0256968
      vertex 46.9844 6.66702 0.0256968
    endloop
  endfacet
  facet normal 0.556668 0 -0.830735
    outer loop
      vertex 46.9844 17.5005 0.0256968
      vertex 46.9855 10.8331 0.0264339
      vertex 46.9844 10.833 0.0256968
    endloop
  endfacet
  facet normal 0.556668 0 -0.830735
    outer loop
      vertex 46.9855 10.8331 0.0264339
      vertex 46.9844 17.5005 0.0256968
      vertex 46.9855 17.5005 0.0264339
    endloop
  endfacet
  facet normal 0.564617 0 -0.825353
    outer loop
      vertex 46.9855 0.000499725 0.0264339
      vertex 46.9866 6.66687 0.0271864
      vertex 46.9866 0.000499725 0.0271864
    endloop
  endfacet
  facet normal 0.564617 0 -0.825353
    outer loop
      vertex 46.9866 6.66687 0.0271864
      vertex 46.9855 0.000499725 0.0264339
      vertex 46.9855 6.66694 0.0264339
    endloop
  endfacet
  facet normal 0.564617 0 -0.825353
    outer loop
      vertex 46.9855 17.5005 0.0264339
      vertex 46.9866 10.8331 0.0271864
      vertex 46.9855 10.8331 0.0264339
    endloop
  endfacet
  facet normal 0.564617 0 -0.825353
    outer loop
      vertex 46.9866 10.8331 0.0271864
      vertex 46.9855 17.5005 0.0264339
      vertex 46.9866 17.5005 0.0271864
    endloop
  endfacet
  facet normal 0.564566 0 -0.825388
    outer loop
      vertex 46.9866 0.000499725 0.0271864
      vertex 46.9877 6.6668 0.0279388
      vertex 46.9877 0.000499725 0.0279388
    endloop
  endfacet
  facet normal 0.564566 0 -0.825388
    outer loop
      vertex 46.9877 6.6668 0.0279388
      vertex 46.9866 0.000499725 0.0271864
      vertex 46.9866 6.66687 0.0271864
    endloop
  endfacet
  facet normal 0.564566 0 -0.825388
    outer loop
      vertex 46.9866 17.5005 0.0271864
      vertex 46.9877 10.8332 0.0279388
      vertex 46.9866 10.8331 0.0271864
    endloop
  endfacet
  facet normal 0.564566 0 -0.825388
    outer loop
      vertex 46.9877 10.8332 0.0279388
      vertex 46.9866 17.5005 0.0271864
      vertex 46.9877 17.5005 0.0279388
    endloop
  endfacet
  facet normal 0.608998 0 -0.793172
    outer loop
      vertex 46.9877 0.000499725 0.0279388
      vertex 46.9887 6.66674 0.0287066
      vertex 46.9887 0.000499725 0.0287066
    endloop
  endfacet
  facet normal 0.608998 0 -0.793172
    outer loop
      vertex 46.9887 6.66674 0.0287066
      vertex 46.9877 0.000499725 0.0279388
      vertex 46.9877 6.6668 0.0279388
    endloop
  endfacet
  facet normal 0.608998 0 -0.793172
    outer loop
      vertex 46.9877 17.5005 0.0279388
      vertex 46.9887 10.8333 0.0287066
      vertex 46.9877 10.8332 0.0279388
    endloop
  endfacet
  facet normal 0.608998 0 -0.793172
    outer loop
      vertex 46.9887 10.8333 0.0287066
      vertex 46.9877 17.5005 0.0279388
      vertex 46.9887 17.5005 0.0287066
    endloop
  endfacet
  facet normal 0.576102 0 -0.817377
    outer loop
      vertex 46.9887 0.000499725 0.0287066
      vertex 46.9898 6.66669 0.0294819
      vertex 46.9898 0.000499725 0.0294819
    endloop
  endfacet
  facet normal 0.576102 0 -0.817377
    outer loop
      vertex 46.9898 6.66669 0.0294819
      vertex 46.9887 0.000499725 0.0287066
      vertex 46.9887 6.66674 0.0287066
    endloop
  endfacet
  facet normal 0.576102 0 -0.817377
    outer loop
      vertex 46.9887 17.5005 0.0287066
      vertex 46.9898 10.8333 0.0294819
      vertex 46.9887 10.8333 0.0287066
    endloop
  endfacet
  facet normal 0.576102 0 -0.817377
    outer loop
      vertex 46.9898 10.8333 0.0294819
      vertex 46.9887 17.5005 0.0287066
      vertex 46.9898 17.5005 0.0294819
    endloop
  endfacet
  facet normal 0.616011 0 -0.787738
    outer loop
      vertex 46.9898 0.000499725 0.0294819
      vertex 46.9908 6.66664 0.0302639
      vertex 46.9908 0.000499725 0.0302639
    endloop
  endfacet
  facet normal 0.616011 0 -0.787738
    outer loop
      vertex 46.9908 6.66664 0.0302639
      vertex 46.9898 0.000499725 0.0294819
      vertex 46.9898 6.66669 0.0294819
    endloop
  endfacet
  facet normal 0.616011 0 -0.787738
    outer loop
      vertex 46.9898 17.5005 0.0294819
      vertex 46.9908 10.8334 0.0302639
      vertex 46.9898 10.8333 0.0294819
    endloop
  endfacet
  facet normal 0.616011 0 -0.787738
    outer loop
      vertex 46.9908 10.8334 0.0302639
      vertex 46.9898 17.5005 0.0294819
      vertex 46.9908 17.5005 0.0302639
    endloop
  endfacet
  facet normal 0.583137 0 -0.812374
    outer loop
      vertex 46.9908 0.000499725 0.0302639
      vertex 46.9919 6.6666 0.0310535
      vertex 46.9919 0.000499725 0.0310535
    endloop
  endfacet
  facet normal 0.583137 0 -0.812374
    outer loop
      vertex 46.9919 6.6666 0.0310535
      vertex 46.9908 0.000499725 0.0302639
      vertex 46.9908 6.66664 0.0302639
    endloop
  endfacet
  facet normal 0.583137 0 -0.812374
    outer loop
      vertex 46.9908 17.5005 0.0302639
      vertex 46.9919 10.8334 0.0310535
      vertex 46.9908 10.8334 0.0302639
    endloop
  endfacet
  facet normal 0.583137 0 -0.812374
    outer loop
      vertex 46.9919 10.8334 0.0310535
      vertex 46.9908 17.5005 0.0302639
      vertex 46.9919 17.5005 0.0310535
    endloop
  endfacet
  facet normal 0.62702 0 -0.779003
    outer loop
      vertex 46.9919 0.000499725 0.0310535
      vertex 46.9939 6.66653 0.0326633
      vertex 46.9939 0.000499725 0.0326633
    endloop
  endfacet
  facet normal 0.62702 0 -0.779003
    outer loop
      vertex 46.9939 6.66653 0.0326633
      vertex 46.9919 0.000499725 0.0310535
      vertex 46.9919 6.6666 0.0310535
    endloop
  endfacet
  facet normal 0.62702 0 -0.779003
    outer loop
      vertex 46.9919 17.5005 0.0310535
      vertex 46.9939 10.8335 0.0326633
      vertex 46.9919 10.8334 0.0310535
    endloop
  endfacet
  facet normal 0.62702 0 -0.779003
    outer loop
      vertex 46.9939 10.8335 0.0326633
      vertex 46.9919 17.5005 0.0310535
      vertex 46.9939 17.5005 0.0326633
    endloop
  endfacet
  facet normal -0.65278 0 0.757548
    outer loop
      vertex 15.1497 17.5005 30.173
      vertex 31.4051 0.000499725 44.1803
      vertex 31.4051 17.5005 44.1803
    endloop
  endfacet
  facet normal -0.65278 0 0.757548
    outer loop
      vertex 31.4051 0.000499725 44.1803
      vertex 15.1497 17.5005 30.173
      vertex 15.1497 0.000499725 30.173
    endloop
  endfacet
  facet normal -0.652736 0 0.757586
    outer loop
      vertex 32.1936 17.5005 44.8598
      vertex 33.5621 0.000499725 46.0389
      vertex 33.5621 17.5005 46.0389
    endloop
  endfacet
  facet normal -0.652736 0 0.757586
    outer loop
      vertex 33.5621 0.000499725 46.0389
      vertex 32.1936 17.5005 44.8598
      vertex 32.1936 0.000499725 44.8598
    endloop
  endfacet
  facet normal -0.757548 5.1875e-06 -0.652779
    outer loop
      vertex 35.7143 8.75455 6.30776
      vertex 15.1497 17.5005 30.173
      vertex 35.7133 17.5005 6.30899
    endloop
  endfacet
  facet normal -0.757548 -6.22535e-06 -0.652779
    outer loop
      vertex 15.1497 0.000499725 30.173
      vertex 35.7143 8.75455 6.30776
      vertex 35.7139 5.0005 6.30826
    endloop
  endfacet
  facet normal -0.757549 0 -0.652778
    outer loop
      vertex 15.1497 0.000499725 30.173
      vertex 35.7139 5.0005 6.30826
      vertex 35.7139 1.50875 6.30826
    endloop
  endfacet
  facet normal -0.757549 0 -0.652778
    outer loop
      vertex 15.1497 0.000499725 30.173
      vertex 35.7139 1.50875 6.30826
      vertex 35.7139 0.000499725 6.30826
    endloop
  endfacet
  facet normal -0.757549 0 -0.652778
    outer loop
      vertex 35.7143 8.75455 6.30776
      vertex 15.1497 0.000499725 30.173
      vertex 15.1497 17.5005 30.173
    endloop
  endfacet
  facet normal 0.753975 -0.0969815 0.649705
    outer loop
      vertex 63.0682 8.30892 12.0623
      vertex 59.7031 3.4 15.2347
      vertex 65.7087 3.4 8.26528
    endloop
  endfacet
  facet normal -0.652751 0 0.757573
    outer loop
      vertex 59.7031 14.1 15.2347
      vertex 58.8698 8.75 14.5167
      vertex 59.7031 3.4 15.2347
    endloop
  endfacet
  facet normal -0.652886 3.67184e-05 0.757456
    outer loop
      vertex 59.7031 14.1 15.2347
      vertex 58.8567 8.92558 14.5054
      vertex 58.8698 8.75 14.5167
    endloop
  endfacet
  facet normal -0.652205 -0.000157444 0.758043
    outer loop
      vertex 59.7031 14.1 15.2347
      vertex 58.8261 9.05854 14.4791
      vertex 58.8567 8.92558 14.5054
    endloop
  endfacet
  facet normal -0.653779 0.000319937 0.756685
    outer loop
      vertex 59.7031 14.1 15.2347
      vertex 58.8179 9.09441 14.472
      vertex 58.8261 9.05854 14.4791
    endloop
  endfacet
  facet normal -0.65283 2.71845e-05 0.757505
    outer loop
      vertex 59.7031 14.1 15.2347
      vertex 58.7549 9.25001 14.4177
      vertex 58.8179 9.09441 14.472
    endloop
  endfacet
  facet normal -0.65441 0.000566025 0.75614
    outer loop
      vertex 59.7031 14.1 15.2347
      vertex 58.7369 9.27899 14.4021
      vertex 58.7549 9.25001 14.4177
    endloop
  endfacet
  facet normal -0.652479 -0.000108878 0.757807
    outer loop
      vertex 59.7031 14.1 15.2347
      vertex 58.6701 9.3864 14.3446
      vertex 58.7369 9.27899 14.4021
    endloop
  endfacet
  facet normal -0.652593 -6.51832e-05 0.757708
    outer loop
      vertex 59.7031 14.1 15.2347
      vertex 58.5887 9.47454 14.2745
      vertex 58.6701 9.3864 14.3446
    endloop
  endfacet
  facet normal -0.653225 0.000200136 0.757164
    outer loop
      vertex 59.7031 14.1 15.2347
      vertex 58.5668 9.49832 14.2556
      vertex 58.5887 9.47454 14.2745
    endloop
  endfacet
  facet normal -0.652794 1.44956e-05 0.757536
    outer loop
      vertex 59.7031 14.1 15.2347
      vertex 58.4489 9.58149 14.154
      vertex 58.5668 9.49832 14.2556
    endloop
  endfacet
  facet normal -0.652227 -0.000259578 0.758024
    outer loop
      vertex 59.7031 14.1 15.2347
      vertex 58.4217 9.59237 14.1306
      vertex 58.4489 9.58149 14.154
    endloop
  endfacet
  facet normal -0.65288 6.38945e-05 0.757461
    outer loop
      vertex 59.7031 14.1 15.2347
      vertex 58.321 9.63271 14.0438
      vertex 58.4217 9.59237 14.1306
    endloop
  endfacet
  facet normal -0.652759 -1.27477e-06 0.757565
    outer loop
      vertex 59.7031 14.1 15.2347
      vertex 58.188 9.65 13.9292
      vertex 58.321 9.63271 14.0438
    endloop
  endfacet
  facet normal -0.652784 1.31479e-05 0.757544
    outer loop
      vertex 59.7031 14.1 15.2347
      vertex 54.4003 9.65 10.6653
      vertex 58.188 9.65 13.9292
    endloop
  endfacet
  facet normal -0.652776 -2.22748e-06 0.757551
    outer loop
      vertex 49.0974 14.1 6.09584
      vertex 54.4003 9.65 10.6653
      vertex 59.7031 14.1 15.2347
    endloop
  endfacet
  facet normal -0.652963 -0.000390903 0.757389
    outer loop
      vertex 54.4003 9.65 10.6653
      vertex 49.0974 14.1 6.09584
      vertex 54.372 9.64633 10.6409
    endloop
  endfacet
  facet normal -0.652707 0.000139181 0.757611
    outer loop
      vertex 54.372 9.64633 10.6409
      vertex 49.0974 14.1 6.09584
      vertex 54.2673 9.63271 10.5507
    endloop
  endfacet
  facet normal -0.652603 0.00034796 0.7577
    outer loop
      vertex 54.2673 9.63271 10.5507
      vertex 49.0974 14.1 6.09584
      vertex 54.1665 9.59237 10.4639
    endloop
  endfacet
  facet normal -0.652358 0.000828401 0.757911
    outer loop
      vertex 54.1665 9.59237 10.4639
      vertex 49.0974 14.1 6.09584
      vertex 54.1393 9.58149 10.4405
    endloop
  endfacet
  facet normal -0.652807 -4.70556e-05 0.757525
    outer loop
      vertex 53.7316 8.92558 10.0891
      vertex 49.0974 14.1 6.09584
      vertex 53.7185 8.75 10.0778
    endloop
  endfacet
  facet normal -0.653144 -0.000573582 0.757234
    outer loop
      vertex 53.7398 8.96146 10.0962
      vertex 49.0974 14.1 6.09584
      vertex 53.7316 8.92558 10.0891
    endloop
  endfacet
  facet normal -0.652583 0.000309072 0.757717
    outer loop
      vertex 53.7704 9.09441 10.1225
      vertex 49.0974 14.1 6.09584
      vertex 53.7398 8.96146 10.0962
    endloop
  endfacet
  facet normal -0.652933 -0.000260248 0.757415
    outer loop
      vertex 53.82 9.21695 10.1653
      vertex 49.0974 14.1 6.09584
      vertex 53.7704 9.09441 10.1225
    endloop
  endfacet
  facet normal -0.65233 0.000755547 0.757934
    outer loop
      vertex 53.8334 9.25001 10.1768
      vertex 49.0974 14.1 6.09584
      vertex 53.82 9.21695 10.1653
    endloop
  endfacet
  facet normal -0.652677 0.000166272 0.757636
    outer loop
      vertex 53.8514 9.27899 10.1923
      vertex 49.0974 14.1 6.09584
      vertex 53.8334 9.25001 10.1768
    endloop
  endfacet
  facet normal -0.652873 -0.000169995 0.757468
    outer loop
      vertex 53.9182 9.3864 10.2499
      vertex 49.0974 14.1 6.09584
      vertex 53.8514 9.27899 10.1923
    endloop
  endfacet
  facet normal -0.652751 4.6643e-05 0.757573
    outer loop
      vertex 54.0215 9.49832 10.3389
      vertex 49.0974 14.1 6.09584
      vertex 53.9182 9.3864 10.2499
    endloop
  endfacet
  facet normal -0.652971 -0.000363 0.757383
    outer loop
      vertex 54.1393 9.58149 10.4405
      vertex 49.0974 14.1 6.09584
      vertex 54.0215 9.49832 10.3389
    endloop
  endfacet
  facet normal -0.652886 -3.67184e-05 0.757456
    outer loop
      vertex 58.8567 8.57442 14.5054
      vertex 59.7031 3.4 15.2347
      vertex 58.8698 8.75 14.5167
    endloop
  endfacet
  facet normal -0.652205 0.000157444 0.758043
    outer loop
      vertex 58.8261 8.44146 14.4791
      vertex 59.7031 3.4 15.2347
      vertex 58.8567 8.57442 14.5054
    endloop
  endfacet
  facet normal -0.653779 -0.000319899 0.756685
    outer loop
      vertex 58.8179 8.40558 14.472
      vertex 59.7031 3.4 15.2347
      vertex 58.8261 8.44146 14.4791
    endloop
  endfacet
  facet normal -0.65283 -2.71851e-05 0.757505
    outer loop
      vertex 58.7549 8.24999 14.4177
      vertex 59.7031 3.4 15.2347
      vertex 58.8179 8.40558 14.472
    endloop
  endfacet
  facet normal -0.65441 -0.000566025 0.75614
    outer loop
      vertex 58.7369 8.22101 14.4021
      vertex 59.7031 3.4 15.2347
      vertex 58.7549 8.24999 14.4177
    endloop
  endfacet
  facet normal -0.652479 0.000108878 0.757807
    outer loop
      vertex 58.6701 8.1136 14.3446
      vertex 59.7031 3.4 15.2347
      vertex 58.7369 8.22101 14.4021
    endloop
  endfacet
  facet normal -0.652593 6.51832e-05 0.757708
    outer loop
      vertex 58.5887 8.02546 14.2745
      vertex 59.7031 3.4 15.2347
      vertex 58.6701 8.1136 14.3446
    endloop
  endfacet
  facet normal -0.653225 -0.000200136 0.757164
    outer loop
      vertex 58.5668 8.00168 14.2556
      vertex 59.7031 3.4 15.2347
      vertex 58.5887 8.02546 14.2745
    endloop
  endfacet
  facet normal -0.652794 -1.44956e-05 0.757536
    outer loop
      vertex 58.4489 7.91851 14.154
      vertex 59.7031 3.4 15.2347
      vertex 58.5668 8.00168 14.2556
    endloop
  endfacet
  facet normal -0.652227 0.000259554 0.758024
    outer loop
      vertex 58.4217 7.90762 14.1306
      vertex 59.7031 3.4 15.2347
      vertex 58.4489 7.91851 14.154
    endloop
  endfacet
  facet normal -0.65288 -6.38963e-05 0.757461
    outer loop
      vertex 58.321 7.86729 14.0438
      vertex 59.7031 3.4 15.2347
      vertex 58.4217 7.90762 14.1306
    endloop
  endfacet
  facet normal -0.652759 1.27477e-06 0.757565
    outer loop
      vertex 58.188 7.85 13.9292
      vertex 59.7031 3.4 15.2347
      vertex 58.321 7.86729 14.0438
    endloop
  endfacet
  facet normal -0.652784 -1.31479e-05 0.757544
    outer loop
      vertex 54.4003 7.85 10.6653
      vertex 59.7031 3.4 15.2347
      vertex 58.188 7.85 13.9292
    endloop
  endfacet
  facet normal -0.652963 0.000390903 0.757389
    outer loop
      vertex 49.0974 3.4 6.09584
      vertex 54.4003 7.85 10.6653
      vertex 54.372 7.85367 10.6409
    endloop
  endfacet
  facet normal -0.652707 -0.000139181 0.757611
    outer loop
      vertex 49.0974 3.4 6.09584
      vertex 54.372 7.85367 10.6409
      vertex 54.2673 7.86729 10.5507
    endloop
  endfacet
  facet normal -0.652603 -0.000347987 0.7577
    outer loop
      vertex 49.0974 3.4 6.09584
      vertex 54.2673 7.86729 10.5507
      vertex 54.1665 7.90762 10.4639
    endloop
  endfacet
  facet normal -0.652358 -0.000828166 0.757911
    outer loop
      vertex 49.0974 3.4 6.09584
      vertex 54.1665 7.90762 10.4639
      vertex 54.1393 7.91851 10.4405
    endloop
  endfacet
  facet normal -0.652971 0.000363 0.757383
    outer loop
      vertex 49.0974 3.4 6.09584
      vertex 54.1393 7.91851 10.4405
      vertex 54.0215 8.00168 10.3389
    endloop
  endfacet
  facet normal -0.652775 0 0.757552
    outer loop
      vertex 49.0974 3.4 6.09584
      vertex 53.7185 8.75 10.0778
      vertex 49.0974 14.1 6.09584
    endloop
  endfacet
  facet normal -0.652807 4.70556e-05 0.757525
    outer loop
      vertex 53.7185 8.75 10.0778
      vertex 49.0974 3.4 6.09584
      vertex 53.7316 8.57442 10.0891
    endloop
  endfacet
  facet normal -0.653144 0.000573582 0.757234
    outer loop
      vertex 53.7316 8.57442 10.0891
      vertex 49.0974 3.4 6.09584
      vertex 53.7398 8.53854 10.0962
    endloop
  endfacet
  facet normal -0.652583 -0.000309054 0.757717
    outer loop
      vertex 53.7398 8.53854 10.0962
      vertex 49.0974 3.4 6.09584
      vertex 53.7704 8.40558 10.1225
    endloop
  endfacet
  facet normal -0.652933 0.000260263 0.757415
    outer loop
      vertex 53.7704 8.40558 10.1225
      vertex 49.0974 3.4 6.09584
      vertex 53.82 8.28305 10.1653
    endloop
  endfacet
  facet normal -0.65233 -0.000755547 0.757934
    outer loop
      vertex 53.82 8.28305 10.1653
      vertex 49.0974 3.4 6.09584
      vertex 53.8334 8.24999 10.1768
    endloop
  endfacet
  facet normal -0.652677 -0.000166272 0.757636
    outer loop
      vertex 53.8334 8.24999 10.1768
      vertex 49.0974 3.4 6.09584
      vertex 53.8514 8.22101 10.1923
    endloop
  endfacet
  facet normal -0.652776 2.22748e-06 0.757551
    outer loop
      vertex 54.4003 7.85 10.6653
      vertex 49.0974 3.4 6.09584
      vertex 59.7031 3.4 15.2347
    endloop
  endfacet
  facet normal -0.652751 -4.6643e-05 0.757573
    outer loop
      vertex 53.9182 8.1136 10.2499
      vertex 49.0974 3.4 6.09584
      vertex 54.0215 8.00168 10.3389
    endloop
  endfacet
  facet normal -0.652873 0.000169995 0.757468
    outer loop
      vertex 53.8514 8.22101 10.1923
      vertex 49.0974 3.4 6.09584
      vertex 53.9182 8.1136 10.2499
    endloop
  endfacet
  facet normal 0.756721 0.00156799 0.653736
    outer loop
      vertex 63.3076 8.50495 11.7844
      vertex 63.2282 8.38326 11.8766
      vertex 63.2718 8.43811 11.826
    endloop
  endfacet
  facet normal 0 1 0
    outer loop
      vertex 65.7087 14.1 8.26528
      vertex 49.0974 14.1 6.09584
      vertex 59.7031 14.1 15.2347
    endloop
  endfacet
  facet normal -0 1 0
    outer loop
      vertex 49.0974 14.1 6.09584
      vertex 65.7087 14.1 8.26528
      vertex 55.103 14.1 -0.873612
    endloop
  endfacet
  facet normal 0.827173 0 0.561948
    outer loop
      vertex 65.7087 14.1 8.26528
      vertex 63.3562 8.75 11.7281
      vertex 65.7087 3.4 8.26528
    endloop
  endfacet
  facet normal 0 -1 0
    outer loop
      vertex 49.0974 3.4 6.09584
      vertex 65.7087 3.4 8.26528
      vertex 59.7031 3.4 15.2347
    endloop
  endfacet
  facet normal 0 -1 0
    outer loop
      vertex 65.7087 3.4 8.26528
      vertex 49.0974 3.4 6.09584
      vertex 55.103 3.4 -0.873612
    endloop
  endfacet
  facet normal 0.753975 0.0969815 0.649705
    outer loop
      vertex 65.7087 14.1 8.26528
      vertex 59.7031 14.1 15.2347
      vertex 63.0682 9.19108 12.0623
    endloop
  endfacet
  facet normal 0.809074 0.0245495 0.587194
    outer loop
      vertex 65.7087 14.1 8.26528
      vertex 63.3343 8.91879 11.7535
      vertex 63.3506 8.83605 11.7345
    endloop
  endfacet
  facet normal 0.819369 -0.0106937 0.573167
    outer loop
      vertex 63.3562 8.75 11.7281
      vertex 63.3506 8.66395 11.7345
      vertex 65.7087 3.4 8.26528
    endloop
  endfacet
  facet normal 0.652782 0 -0.757546
    outer loop
      vertex 65.7087 3.4 8.26528
      vertex 64.8754 8.75 7.54722
      vertex 65.7087 14.1 8.26528
    endloop
  endfacet
  facet normal 0.652692 -2.43747e-05 -0.757623
    outer loop
      vertex 65.7087 3.4 8.26528
      vertex 64.8623 8.57442 7.53594
      vertex 64.8754 8.75 7.54722
    endloop
  endfacet
  facet normal 0.651484 -0.000368567 -0.758663
    outer loop
      vertex 65.7087 3.4 8.26528
      vertex 64.854 8.53854 7.52883
      vertex 64.8623 8.57442 7.53594
    endloop
  endfacet
  facet normal 0.653167 0.000119102 -0.757214
    outer loop
      vertex 65.7087 3.4 8.26528
      vertex 64.8235 8.40558 7.5025
      vertex 64.854 8.53854 7.52883
    endloop
  endfacet
  facet normal 0.652794 3.95922e-06 -0.757536
    outer loop
      vertex 65.7087 3.4 8.26528
      vertex 64.7605 8.24999 7.44821
      vertex 64.8235 8.40558 7.5025
    endloop
  endfacet
  facet normal 0.652624 -5.39669e-05 -0.757682
    outer loop
      vertex 65.7087 3.4 8.26528
      vertex 64.6937 8.14258 7.39068
      vertex 64.7605 8.24999 7.44821
    endloop
  endfacet
  facet normal 0.653125 0.000132936 -0.75725
    outer loop
      vertex 65.7087 3.4 8.26528
      vertex 64.6757 8.1136 7.37515
      vertex 64.6937 8.14258 7.39068
    endloop
  endfacet
  facet normal 0.652181 -0.000227542 -0.758064
    outer loop
      vertex 65.7087 3.4 8.26528
      vertex 64.6537 8.08982 7.35623
      vertex 64.6757 8.1136 7.37515
    endloop
  endfacet
  facet normal 0.652637 -4.88687e-05 -0.757671
    outer loop
      vertex 65.7087 3.4 8.26528
      vertex 64.5723 8.00168 7.28612
      vertex 64.6537 8.08982 7.35623
    endloop
  endfacet
  facet normal 0.652969 9.41091e-05 -0.757385
    outer loop
      vertex 65.7087 3.4 8.26528
      vertex 64.4545 7.91851 7.18455
      vertex 64.5723 8.00168 7.28612
    endloop
  endfacet
  facet normal 0.652844 3.37204e-05 -0.757492
    outer loop
      vertex 65.7087 3.4 8.26528
      vertex 64.3538 7.87818 7.09776
      vertex 64.4545 7.91851 7.18455
    endloop
  endfacet
  facet normal 0.652519 -0.000137536 -0.757772
    outer loop
      vertex 65.7087 3.4 8.26528
      vertex 64.3266 7.86729 7.07434
      vertex 64.3538 7.87818 7.09776
    endloop
  endfacet
  facet normal 0.652823 2.60844e-05 -0.757511
    outer loop
      vertex 65.7087 3.4 8.26528
      vertex 64.1936 7.85 6.95972
      vertex 64.3266 7.86729 7.07434
    endloop
  endfacet
  facet normal 0.652773 -3.61476e-06 -0.757554
    outer loop
      vertex 65.7087 3.4 8.26528
      vertex 60.4058 7.85 3.69583
      vertex 64.1936 7.85 6.95972
    endloop
  endfacet
  facet normal 0.652778 6.65364e-06 -0.75755
    outer loop
      vertex 55.103 3.4 -0.873612
      vertex 60.4058 7.85 3.69583
      vertex 65.7087 3.4 8.26528
    endloop
  endfacet
  facet normal 0.652923 -0.000295784 -0.757424
    outer loop
      vertex 60.4058 7.85 3.69583
      vertex 55.103 3.4 -0.873612
      vertex 60.3011 7.86362 3.60557
    endloop
  endfacet
  facet normal 0.652296 0.000975442 -0.757963
    outer loop
      vertex 60.3011 7.86362 3.60557
      vertex 55.103 3.4 -0.873612
      vertex 60.2728 7.86729 3.58122
    endloop
  endfacet
  facet normal 0.65258 0.000403617 -0.757719
    outer loop
      vertex 60.2728 7.86729 3.58122
      vertex 55.103 3.4 -0.873612
      vertex 60.2456 7.87818 3.5578
    endloop
  endfacet
  facet normal 0.65283 -9.55756e-05 -0.757505
    outer loop
      vertex 60.2456 7.87818 3.5578
      vertex 55.103 3.4 -0.873612
      vertex 60.1449 7.91851 3.47101
    endloop
  endfacet
  facet normal 0.652958 -0.000313939 -0.757394
    outer loop
      vertex 55.103 3.4 -0.873612
      vertex 59.9057 8.14258 3.26488
      vertex 59.9237 8.1136 3.28041
    endloop
  endfacet
  facet normal 0.652786 -6.57452e-06 -0.757542
    outer loop
      vertex 59.7371 8.57442 3.11962
      vertex 55.103 3.4 -0.873612
      vertex 59.724 8.75 3.10833
    endloop
  endfacet
  facet normal 0.652671 0.000173195 -0.757642
    outer loop
      vertex 59.7677 8.44146 3.14595
      vertex 55.103 3.4 -0.873612
      vertex 59.7371 8.57442 3.11962
    endloop
  endfacet
  facet normal 0.653136 -0.000576745 -0.757241
    outer loop
      vertex 59.7759 8.40558 3.15305
      vertex 55.103 3.4 -0.873612
      vertex 59.7677 8.44146 3.14595
    endloop
  endfacet
  facet normal 0.652714 0.000109437 -0.757604
    outer loop
      vertex 59.7893 8.37252 3.16459
      vertex 55.103 3.4 -0.873612
      vertex 59.7759 8.40558 3.15305
    endloop
  endfacet
  facet normal 0.652832 -8.43177e-05 -0.757503
    outer loop
      vertex 59.8389 8.24999 3.20735
      vertex 55.103 3.4 -0.873612
      vertex 59.7893 8.37252 3.16459
    endloop
  endfacet
  facet normal 0.652701 0.000138241 -0.757615
    outer loop
      vertex 59.9057 8.14258 3.26488
      vertex 55.103 3.4 -0.873612
      vertex 59.8389 8.24999 3.20735
    endloop
  endfacet
  facet normal 0.652813 -5.6419e-05 -0.757519
    outer loop
      vertex 60.027 8.00168 3.36944
      vertex 55.103 3.4 -0.873612
      vertex 59.9237 8.1136 3.28041
    endloop
  endfacet
  facet normal 0.652729 9.95866e-05 -0.757591
    outer loop
      vertex 60.1449 7.91851 3.47101
      vertex 55.103 3.4 -0.873612
      vertex 60.027 8.00168 3.36944
    endloop
  endfacet
  facet normal 0.652692 2.43747e-05 -0.757623
    outer loop
      vertex 64.8623 8.92558 7.53594
      vertex 65.7087 14.1 8.26528
      vertex 64.8754 8.75 7.54722
    endloop
  endfacet
  facet normal 0.651484 0.000368567 -0.758663
    outer loop
      vertex 64.854 8.96146 7.52883
      vertex 65.7087 14.1 8.26528
      vertex 64.8623 8.92558 7.53594
    endloop
  endfacet
  facet normal 0.653167 -0.000119106 -0.757214
    outer loop
      vertex 64.8235 9.09441 7.5025
      vertex 65.7087 14.1 8.26528
      vertex 64.854 8.96146 7.52883
    endloop
  endfacet
  facet normal 0.652794 -3.95914e-06 -0.757536
    outer loop
      vertex 64.7605 9.25001 7.44821
      vertex 65.7087 14.1 8.26528
      vertex 64.8235 9.09441 7.5025
    endloop
  endfacet
  facet normal 0.652624 5.39682e-05 -0.757682
    outer loop
      vertex 64.6937 9.35741 7.39068
      vertex 65.7087 14.1 8.26528
      vertex 64.7605 9.25001 7.44821
    endloop
  endfacet
  facet normal 0.653125 -0.000132924 -0.75725
    outer loop
      vertex 64.6757 9.3864 7.37515
      vertex 65.7087 14.1 8.26528
      vertex 64.6937 9.35741 7.39068
    endloop
  endfacet
  facet normal 0.652181 0.000227542 -0.758064
    outer loop
      vertex 64.6537 9.41018 7.35623
      vertex 65.7087 14.1 8.26528
      vertex 64.6757 9.3864 7.37515
    endloop
  endfacet
  facet normal 0.652637 4.88687e-05 -0.757671
    outer loop
      vertex 64.5723 9.49832 7.28612
      vertex 65.7087 14.1 8.26528
      vertex 64.6537 9.41018 7.35623
    endloop
  endfacet
  facet normal 0.652969 -9.41091e-05 -0.757385
    outer loop
      vertex 64.4545 9.58149 7.18455
      vertex 65.7087 14.1 8.26528
      vertex 64.5723 9.49832 7.28612
    endloop
  endfacet
  facet normal 0.652844 -3.37204e-05 -0.757492
    outer loop
      vertex 64.3538 9.62182 7.09776
      vertex 65.7087 14.1 8.26528
      vertex 64.4545 9.58149 7.18455
    endloop
  endfacet
  facet normal 0.652519 0.000137536 -0.757772
    outer loop
      vertex 64.3266 9.63271 7.07434
      vertex 65.7087 14.1 8.26528
      vertex 64.3538 9.62182 7.09776
    endloop
  endfacet
  facet normal 0.652823 -2.60844e-05 -0.757511
    outer loop
      vertex 64.1936 9.65 6.95972
      vertex 65.7087 14.1 8.26528
      vertex 64.3266 9.63271 7.07434
    endloop
  endfacet
  facet normal 0.652773 3.61476e-06 -0.757554
    outer loop
      vertex 60.4058 9.65 3.69583
      vertex 65.7087 14.1 8.26528
      vertex 64.1936 9.65 6.95972
    endloop
  endfacet
  facet normal 0.652923 0.000295784 -0.757424
    outer loop
      vertex 55.103 14.1 -0.873612
      vertex 60.4058 9.65 3.69583
      vertex 60.3011 9.63638 3.60557
    endloop
  endfacet
  facet normal 0.652296 -0.000975442 -0.757963
    outer loop
      vertex 55.103 14.1 -0.873612
      vertex 60.3011 9.63638 3.60557
      vertex 60.2728 9.63271 3.58122
    endloop
  endfacet
  facet normal 0.65258 -0.000403617 -0.757719
    outer loop
      vertex 55.103 14.1 -0.873612
      vertex 60.2728 9.63271 3.58122
      vertex 60.2456 9.62182 3.5578
    endloop
  endfacet
  facet normal 0.65283 9.55756e-05 -0.757505
    outer loop
      vertex 55.103 14.1 -0.873612
      vertex 60.2456 9.62182 3.5578
      vertex 60.1449 9.58149 3.47101
    endloop
  endfacet
  facet normal 0.652729 -9.95866e-05 -0.757591
    outer loop
      vertex 55.103 14.1 -0.873612
      vertex 60.1449 9.58149 3.47101
      vertex 60.027 9.49832 3.36944
    endloop
  endfacet
  facet normal 0.652701 -0.000138249 -0.757615
    outer loop
      vertex 55.103 14.1 -0.873612
      vertex 59.9057 9.35741 3.26488
      vertex 59.8389 9.25001 3.20735
    endloop
  endfacet
  facet normal 0.652782 0 -0.757546
    outer loop
      vertex 55.103 14.1 -0.873612
      vertex 59.724 8.75 3.10833
      vertex 55.103 3.4 -0.873612
    endloop
  endfacet
  facet normal 0.652786 6.57452e-06 -0.757542
    outer loop
      vertex 59.724 8.75 3.10833
      vertex 55.103 14.1 -0.873612
      vertex 59.7371 8.92558 3.11962
    endloop
  endfacet
  facet normal 0.652671 -0.000173195 -0.757642
    outer loop
      vertex 59.7371 8.92558 3.11962
      vertex 55.103 14.1 -0.873612
      vertex 59.7677 9.05854 3.14595
    endloop
  endfacet
  facet normal 0.653136 0.000576874 -0.75724
    outer loop
      vertex 59.7677 9.05854 3.14595
      vertex 55.103 14.1 -0.873612
      vertex 59.7759 9.09441 3.15305
    endloop
  endfacet
  facet normal 0.652714 -0.000109414 -0.757604
    outer loop
      vertex 59.7759 9.09441 3.15305
      vertex 55.103 14.1 -0.873612
      vertex 59.7893 9.12748 3.16459
    endloop
  endfacet
  facet normal 0.652832 8.43177e-05 -0.757503
    outer loop
      vertex 59.7893 9.12748 3.16459
      vertex 55.103 14.1 -0.873612
      vertex 59.8389 9.25001 3.20735
    endloop
  endfacet
  facet normal 0.652778 -6.65364e-06 -0.75755
    outer loop
      vertex 60.4058 9.65 3.69583
      vertex 55.103 14.1 -0.873612
      vertex 65.7087 14.1 8.26528
    endloop
  endfacet
  facet normal 0.652813 5.6419e-05 -0.757519
    outer loop
      vertex 59.9237 9.3864 3.28041
      vertex 55.103 14.1 -0.873612
      vertex 60.027 9.49832 3.36944
    endloop
  endfacet
  facet normal 0.652958 0.000313871 -0.757394
    outer loop
      vertex 59.9057 9.35741 3.26488
      vertex 55.103 14.1 -0.873612
      vertex 59.9237 9.3864 3.28041
    endloop
  endfacet
  facet normal -0.757547 -7.03037e-06 -0.652781
    outer loop
      vertex 55.103 14.1 -0.873612
      vertex 51.5591 10.974 3.23909
      vertex 49.0974 14.1 6.09584
    endloop
  endfacet
  facet normal -0.757553 9.93129e-06 -0.652773
    outer loop
      vertex 55.103 14.1 -0.873612
      vertex 52.7652 10.1389 1.83938
      vertex 51.5591 10.974 3.23909
    endloop
  endfacet
  facet normal -0.757546 0 -0.652782
    outer loop
      vertex 55.103 14.1 -0.873612
      vertex 52.7652 7.36107 1.83938
      vertex 52.7652 10.1389 1.83938
    endloop
  endfacet
  facet normal -0.757553 -9.93158e-06 -0.652773
    outer loop
      vertex 52.7652 7.36107 1.83938
      vertex 55.103 3.4 -0.873612
      vertex 51.5591 6.52604 3.23909
    endloop
  endfacet
  facet normal -0.757546 0 -0.652782
    outer loop
      vertex 55.103 3.4 -0.873612
      vertex 52.7652 7.36107 1.83938
      vertex 55.103 14.1 -0.873612
    endloop
  endfacet
  facet normal -0.757459 0.000156167 -0.652883
    outer loop
      vertex 51.417 10.9705 3.40395
      vertex 49.0974 14.1 6.09584
      vertex 51.5591 10.974 3.23909
    endloop
  endfacet
  facet normal -0.757519 5.17804e-05 -0.652814
    outer loop
      vertex 51.212 10.8438 3.64182
      vertex 49.0974 14.1 6.09584
      vertex 51.417 10.9705 3.40395
    endloop
  endfacet
  facet normal -0.757558 -7.73377e-06 -0.652768
    outer loop
      vertex 51.1935 10.8287 3.66329
      vertex 49.0974 14.1 6.09584
      vertex 51.212 10.8438 3.64182
    endloop
  endfacet
  facet normal -0.758233 -0.00102433 -0.651983
    outer loop
      vertex 51.1741 10.8042 3.68589
      vertex 49.0974 14.1 6.09584
      vertex 51.1935 10.8287 3.66329
    endloop
  endfacet
  facet normal -0.757516 3.67377e-05 -0.652816
    outer loop
      vertex 50.8119 10.2671 4.10615
      vertex 49.0974 14.1 6.09584
      vertex 51.1741 10.8042 3.68589
    endloop
  endfacet
  facet normal -0.75766 -0.000114021 -0.65265
    outer loop
      vertex 50.7433 10.1389 4.18581
      vertex 49.0974 14.1 6.09584
      vertex 50.8119 10.2671 4.10615
    endloop
  endfacet
  facet normal -0.757547 -4.36693e-06 -0.65278
    outer loop
      vertex 50.6653 9.91538 4.27633
      vertex 49.0974 14.1 6.09584
      vertex 50.7433 10.1389 4.18581
    endloop
  endfacet
  facet normal -0.757276 0.000234487 -0.653095
    outer loop
      vertex 50.6472 9.78373 4.29727
      vertex 49.0974 14.1 6.09584
      vertex 50.6653 9.91538 4.27633
    endloop
  endfacet
  facet normal -0.757554 0 -0.652773
    outer loop
      vertex 50.6472 7.71627 4.29727
      vertex 49.0974 14.1 6.09584
      vertex 50.6472 9.78373 4.29727
    endloop
  endfacet
  facet normal -0.757276 -0.000234487 -0.653095
    outer loop
      vertex 49.0974 3.4 6.09584
      vertex 50.6472 7.71627 4.29727
      vertex 50.6653 7.58462 4.27633
    endloop
  endfacet
  facet normal -0.757547 7.03028e-06 -0.652781
    outer loop
      vertex 49.0974 3.4 6.09584
      vertex 51.5591 6.52604 3.23909
      vertex 55.103 3.4 -0.873612
    endloop
  endfacet
  facet normal -0.757459 -0.000156182 -0.652883
    outer loop
      vertex 51.5591 6.52604 3.23909
      vertex 49.0974 3.4 6.09584
      vertex 51.417 6.52952 3.40395
    endloop
  endfacet
  facet normal -0.757519 -5.17853e-05 -0.652814
    outer loop
      vertex 51.417 6.52952 3.40395
      vertex 49.0974 3.4 6.09584
      vertex 51.212 6.65618 3.64182
    endloop
  endfacet
  facet normal -0.757554 0 -0.652773
    outer loop
      vertex 50.6472 7.71627 4.29727
      vertex 49.0974 3.4 6.09584
      vertex 49.0974 14.1 6.09584
    endloop
  endfacet
  facet normal -0.757547 4.36663e-06 -0.65278
    outer loop
      vertex 50.7433 7.36107 4.18581
      vertex 49.0974 3.4 6.09584
      vertex 50.6653 7.58462 4.27633
    endloop
  endfacet
  facet normal -0.75766 0.000114048 -0.65265
    outer loop
      vertex 50.8119 7.23294 4.10615
      vertex 49.0974 3.4 6.09584
      vertex 50.7433 7.36107 4.18581
    endloop
  endfacet
  facet normal -0.757516 -3.67366e-05 -0.652816
    outer loop
      vertex 51.1741 6.69581 3.68589
      vertex 49.0974 3.4 6.09584
      vertex 50.8119 7.23294 4.10615
    endloop
  endfacet
  facet normal -0.758233 0.0010247 -0.651983
    outer loop
      vertex 51.1935 6.67133 3.66329
      vertex 49.0974 3.4 6.09584
      vertex 51.1741 6.69581 3.68589
    endloop
  endfacet
  facet normal -0.757558 7.72494e-06 -0.652768
    outer loop
      vertex 51.212 6.65618 3.64182
      vertex 49.0974 3.4 6.09584
      vertex 51.1935 6.67133 3.66329
    endloop
  endfacet
  facet normal 0.757489 -0.00013905 0.652848
    outer loop
      vertex 63.1244 9.1826 11.9971
      vertex 63.0121 9.1826 12.1274
      vertex 63.3343 8.91879 11.7535
    endloop
  endfacet
  facet normal 0.740272 0.0760367 0.667994
    outer loop
      vertex 63.0121 9.1826 12.1274
      vertex 59.7031 14.1 15.2347
      vertex 62.9581 9.1575 12.1901
    endloop
  endfacet
  facet normal 0.757359 0 0.652999
    outer loop
      vertex 63.3343 8.91879 11.7535
      vertex 63.3343 8.58121 11.7535
      vertex 63.3562 8.75 11.7281
    endloop
  endfacet
  facet normal 0.758997 -0.00192131 0.651091
    outer loop
      vertex 63.3343 8.58121 11.7535
      vertex 63.2282 8.38326 11.8766
      vertex 63.3076 8.50495 11.7844
    endloop
  endfacet
  facet normal 0.760139 0.088974 0.64364
    outer loop
      vertex 65.7087 14.1 8.26528
      vertex 63.0682 9.19108 12.0623
      vertex 63.1244 9.1826 11.9971
    endloop
  endfacet
  facet normal 0.757642 0.000411274 0.65267
    outer loop
      vertex 62.8288 8.99505 12.3401
      vertex 62.7859 8.83605 12.39
      vertex 62.8646 9.06189 12.2985
    endloop
  endfacet
  facet normal 0.677997 0 0.735064
    outer loop
      vertex 59.7031 14.1 15.2347
      vertex 59.7031 3.4 15.2347
      vertex 62.7803 8.75 12.3964
    endloop
  endfacet
  facet normal 0.758501 -0.00314103 0.651664
    outer loop
      vertex 62.9083 9.11674 12.2479
      vertex 62.8646 9.06189 12.2985
      vertex 63.0121 9.1826 12.1274
    endloop
  endfacet
  facet normal 0.785461 -0.0557217 0.616398
    outer loop
      vertex 63.2718 8.43811 11.826
      vertex 63.2282 8.38326 11.8766
      vertex 65.7087 3.4 8.26528
    endloop
  endfacet
  facet normal 0.799605 -0.0370922 0.599379
    outer loop
      vertex 63.3343 8.58121 11.7535
      vertex 63.3076 8.50495 11.7844
      vertex 65.7087 3.4 8.26528
    endloop
  endfacet
  facet normal 0.762051 0.00143391 0.647515
    outer loop
      vertex 63.3506 8.83605 11.7345
      vertex 63.3343 8.91879 11.7535
      vertex 63.3562 8.75 11.7281
    endloop
  endfacet
  facet normal 0.819369 0.0106937 0.573167
    outer loop
      vertex 65.7087 14.1 8.26528
      vertex 63.3506 8.83605 11.7345
      vertex 63.3562 8.75 11.7281
    endloop
  endfacet
  facet normal 0.785461 0.0557217 0.616398
    outer loop
      vertex 65.7087 14.1 8.26528
      vertex 63.2282 9.11674 11.8766
      vertex 63.2718 9.06189 11.826
    endloop
  endfacet
  facet normal 0.757642 -0.000411274 0.65267
    outer loop
      vertex 62.8646 8.43811 12.2985
      vertex 62.7859 8.66395 12.39
      vertex 62.8288 8.50495 12.3401
    endloop
  endfacet
  facet normal 0.725291 0.0552016 0.686226
    outer loop
      vertex 62.9083 9.11674 12.2479
      vertex 59.7031 14.1 15.2347
      vertex 62.8646 9.06189 12.2985
    endloop
  endfacet
  facet normal 0.718763 -0.0467599 0.693681
    outer loop
      vertex 62.8288 8.50495 12.3401
      vertex 59.7031 3.4 15.2347
      vertex 62.8646 8.43811 12.2985
    endloop
  endfacet
  facet normal 0.701117 -0.0255135 0.712589
    outer loop
      vertex 62.7859 8.66395 12.39
      vertex 59.7031 3.4 15.2347
      vertex 62.8022 8.58121 12.371
    endloop
  endfacet
  facet normal 0.762051 -0.00143391 0.647515
    outer loop
      vertex 63.3562 8.75 11.7281
      vertex 63.3343 8.58121 11.7535
      vertex 63.3506 8.66395 11.7345
    endloop
  endfacet
  facet normal 0.809074 -0.0245495 0.587194
    outer loop
      vertex 63.3506 8.66395 11.7345
      vertex 63.3343 8.58121 11.7535
      vertex 65.7087 3.4 8.26528
    endloop
  endfacet
  facet normal 0.740272 -0.0760367 0.667994
    outer loop
      vertex 62.9581 8.3425 12.1901
      vertex 59.7031 3.4 15.2347
      vertex 63.0121 8.3174 12.1274
    endloop
  endfacet
  facet normal 0.748785 -0.0888161 0.656836
    outer loop
      vertex 63.0121 8.3174 12.1274
      vertex 59.7031 3.4 15.2347
      vertex 63.0682 8.30892 12.0623
    endloop
  endfacet
  facet normal 0.75789 -0.0008643 0.652382
    outer loop
      vertex 63.2282 8.38326 11.8766
      vertex 63.1244 8.3174 11.9971
      vertex 63.1784 8.3425 11.9344
    endloop
  endfacet
  facet normal 0.757489 0.00013905 0.652848
    outer loop
      vertex 63.3343 8.58121 11.7535
      vertex 63.0121 8.3174 12.1274
      vertex 63.1244 8.3174 11.9971
    endloop
  endfacet
  facet normal 0.770324 -0.0756597 0.633149
    outer loop
      vertex 63.1784 8.3425 11.9344
      vertex 63.1244 8.3174 11.9971
      vertex 65.7087 3.4 8.26528
    endloop
  endfacet
  facet normal 0.792673 -0.046221 0.607892
    outer loop
      vertex 63.3076 8.50495 11.7844
      vertex 63.2718 8.43811 11.826
      vertex 65.7087 3.4 8.26528
    endloop
  endfacet
  facet normal 0.757751 0.000349866 0.652544
    outer loop
      vertex 63.2282 9.11674 11.8766
      vertex 63.1244 9.1826 11.9971
      vertex 63.3343 8.91879 11.7535
    endloop
  endfacet
  facet normal 0.770324 0.0756597 0.633149
    outer loop
      vertex 65.7087 14.1 8.26528
      vertex 63.1244 9.1826 11.9971
      vertex 63.1784 9.1575 11.9344
    endloop
  endfacet
  facet normal 0.758997 0.00192131 0.651091
    outer loop
      vertex 63.3076 8.99505 11.7844
      vertex 63.2282 9.11674 11.8766
      vertex 63.3343 8.91879 11.7535
    endloop
  endfacet
  facet normal 0.799605 0.0370922 0.599379
    outer loop
      vertex 65.7087 14.1 8.26528
      vertex 63.3076 8.99505 11.7844
      vertex 63.3343 8.91879 11.7535
    endloop
  endfacet
  facet normal 0.757666 -0 0.652643
    outer loop
      vertex 62.7859 8.66395 12.39
      vertex 63.0121 9.1826 12.1274
      vertex 62.7859 8.83605 12.39
    endloop
  endfacet
  facet normal 0.757666 0 0.652643
    outer loop
      vertex 63.0121 9.1826 12.1274
      vertex 62.7859 8.66395 12.39
      vertex 63.0121 8.3174 12.1274
    endloop
  endfacet
  facet normal 0.71068 0.0367799 0.702554
    outer loop
      vertex 62.8288 8.99505 12.3401
      vertex 59.7031 14.1 15.2347
      vertex 62.8022 8.91879 12.371
    endloop
  endfacet
  facet normal 0.686721 0.00936981 0.726861
    outer loop
      vertex 62.7859 8.83605 12.39
      vertex 59.7031 14.1 15.2347
      vertex 62.7803 8.75 12.3964
    endloop
  endfacet
  facet normal 0.757116 -0.00084172 0.65328
    outer loop
      vertex 63.0121 8.3174 12.1274
      vertex 62.7859 8.66395 12.39
      vertex 62.8646 8.43811 12.2985
    endloop
  endfacet
  facet normal 0.757538 0 0.652791
    outer loop
      vertex 63.0121 9.1826 12.1274
      vertex 63.3343 8.58121 11.7535
      vertex 63.3343 8.91879 11.7535
    endloop
  endfacet
  facet normal 0.757538 0 0.652791
    outer loop
      vertex 63.3343 8.58121 11.7535
      vertex 63.0121 9.1826 12.1274
      vertex 63.0121 8.3174 12.1274
    endloop
  endfacet
  facet normal 0.752577 0 0.658505
    outer loop
      vertex 62.7859 8.83605 12.39
      vertex 62.7803 8.75 12.3964
      vertex 62.7859 8.66395 12.39
    endloop
  endfacet
  facet normal 0.686721 -0.00936981 0.726861
    outer loop
      vertex 62.7803 8.75 12.3964
      vertex 59.7031 3.4 15.2347
      vertex 62.7859 8.66395 12.39
    endloop
  endfacet
  facet normal 0.758501 0.00314103 0.651664
    outer loop
      vertex 63.0121 8.3174 12.1274
      vertex 62.8646 8.43811 12.2985
      vertex 62.9083 8.38326 12.2479
    endloop
  endfacet
  facet normal 0.725291 -0.0552016 0.686226
    outer loop
      vertex 62.8646 8.43811 12.2985
      vertex 59.7031 3.4 15.2347
      vertex 62.9083 8.38326 12.2479
    endloop
  endfacet
  facet normal 0.757751 -0.000349866 0.652544
    outer loop
      vertex 63.3343 8.58121 11.7535
      vertex 63.1244 8.3174 11.9971
      vertex 63.2282 8.38326 11.8766
    endloop
  endfacet
  facet normal 0.778257 -0.0652154 0.62455
    outer loop
      vertex 63.2282 8.38326 11.8766
      vertex 63.1784 8.3425 11.9344
      vertex 65.7087 3.4 8.26528
    endloop
  endfacet
  facet normal 0.757489 0.000616991 0.652847
    outer loop
      vertex 63.0682 9.19108 12.0623
      vertex 63.0121 9.1826 12.1274
      vertex 63.1244 9.1826 11.9971
    endloop
  endfacet
  facet normal 0.748785 0.0888161 0.656836
    outer loop
      vertex 63.0682 9.19108 12.0623
      vertex 59.7031 14.1 15.2347
      vertex 63.0121 9.1826 12.1274
    endloop
  endfacet
  facet normal 0.75789 0.0008643 0.652382
    outer loop
      vertex 63.1784 9.1575 11.9344
      vertex 63.1244 9.1826 11.9971
      vertex 63.2282 9.11674 11.8766
    endloop
  endfacet
  facet normal 0.778257 0.0652154 0.62455
    outer loop
      vertex 65.7087 14.1 8.26528
      vertex 63.1784 9.1575 11.9344
      vertex 63.2282 9.11674 11.8766
    endloop
  endfacet
  facet normal 0.756721 -0.00156799 0.653736
    outer loop
      vertex 63.2718 9.06189 11.826
      vertex 63.2282 9.11674 11.8766
      vertex 63.3076 8.99505 11.7844
    endloop
  endfacet
  facet normal 0.792673 0.046221 0.607892
    outer loop
      vertex 65.7087 14.1 8.26528
      vertex 63.2718 9.06189 11.826
      vertex 63.3076 8.99505 11.7844
    endloop
  endfacet
  facet normal 0.757116 0.00084172 0.65328
    outer loop
      vertex 62.8646 9.06189 12.2985
      vertex 62.7859 8.83605 12.39
      vertex 63.0121 9.1826 12.1274
    endloop
  endfacet
  facet normal 0.718763 0.0467599 0.693681
    outer loop
      vertex 62.8646 9.06189 12.2985
      vertex 59.7031 14.1 15.2347
      vertex 62.8288 8.99505 12.3401
    endloop
  endfacet
  facet normal 0.75789 -0.0008643 0.652382
    outer loop
      vertex 62.9581 9.1575 12.1901
      vertex 62.9083 9.11674 12.2479
      vertex 63.0121 9.1826 12.1274
    endloop
  endfacet
  facet normal 0.732739 0.0652996 0.67737
    outer loop
      vertex 62.9581 9.1575 12.1901
      vertex 59.7031 14.1 15.2347
      vertex 62.9083 9.11674 12.2479
    endloop
  endfacet
  facet normal 0.756426 -0.00118135 0.654078
    outer loop
      vertex 62.8288 8.50495 12.3401
      vertex 62.7859 8.66395 12.39
      vertex 62.8022 8.58121 12.371
    endloop
  endfacet
  facet normal 0.71068 -0.0367799 0.702554
    outer loop
      vertex 62.8022 8.58121 12.371
      vertex 59.7031 3.4 15.2347
      vertex 62.8288 8.50495 12.3401
    endloop
  endfacet
  facet normal 0.75789 0.0008643 0.652382
    outer loop
      vertex 63.0121 8.3174 12.1274
      vertex 62.9083 8.38326 12.2479
      vertex 62.9581 8.3425 12.1901
    endloop
  endfacet
  facet normal 0.732739 -0.0652996 0.67737
    outer loop
      vertex 62.9083 8.38326 12.2479
      vertex 59.7031 3.4 15.2347
      vertex 62.9581 8.3425 12.1901
    endloop
  endfacet
  facet normal 0.757489 -0.000616991 0.652847
    outer loop
      vertex 63.1244 8.3174 11.9971
      vertex 63.0121 8.3174 12.1274
      vertex 63.0682 8.30892 12.0623
    endloop
  endfacet
  facet normal 0.760139 -0.088974 0.64364
    outer loop
      vertex 63.1244 8.3174 11.9971
      vertex 63.0682 8.30892 12.0623
      vertex 65.7087 3.4 8.26528
    endloop
  endfacet
  facet normal 0.756426 0.00118135 0.654078
    outer loop
      vertex 62.8022 8.91879 12.371
      vertex 62.7859 8.83605 12.39
      vertex 62.8288 8.99505 12.3401
    endloop
  endfacet
  facet normal 0.701117 0.0255135 0.712589
    outer loop
      vertex 62.8022 8.91879 12.371
      vertex 59.7031 14.1 15.2347
      vertex 62.7859 8.83605 12.39
    endloop
  endfacet
  facet normal 0.649639 0.0979418 -0.753907
    outer loop
      vertex 53.7321 8.75 0.717239
      vertex 49.1555 9.23773 -3.16304
      vertex 53.7008 9.23773 0.75363
    endloop
  endfacet
  facet normal 0.757593 0 0.652727
    outer loop
      vertex 53.4571 10.1389 1.03642
      vertex 53.4571 7.36107 1.03642
      vertex 53.7321 8.75 0.717239
    endloop
  endfacet
  facet normal -0.757087 0.000158471 -0.653314
    outer loop
      vertex 49.1868 8.75 -3.19943
      vertex 49.0626 9.70671 -3.05527
      vertex 49.1555 9.23773 -3.16304
    endloop
  endfacet
  facet normal 0.649639 0.0979403 -0.753907
    outer loop
      vertex 49.1868 8.75 -3.19943
      vertex 49.1555 9.23773 -3.16304
      vertex 53.7321 8.75 0.717239
    endloop
  endfacet
  facet normal -0.757392 3.58474e-05 -0.652961
    outer loop
      vertex 46.1107 7.64762 0.370419
      vertex 46.198 7.36107 0.269141
      vertex 46.1107 7.61119 0.370417
    endloop
  endfacet
  facet normal -0.757888 -0.000319337 -0.652384
    outer loop
      vertex 46.198 7.36107 0.269141
      vertex 46.1107 7.64762 0.370419
      vertex 46.4009 6.98223 0.0336132
    endloop
  endfacet
  facet normal -0.757796 0.000203568 -0.652491
    outer loop
      vertex 46.1106 9.8521 0.370557
      vertex 46.198 10.1389 0.269141
      vertex 46.4009 10.5178 0.0336132
    endloop
  endfacet
  facet normal -0.757562 3.59056e-05 -0.652763
    outer loop
      vertex 46.198 10.1389 0.269141
      vertex 46.1106 9.8521 0.370557
      vertex 46.1106 9.88846 0.370559
    endloop
  endfacet
  facet normal -0.189545 0.956916 0.219967
    outer loop
      vertex 47.2365 11.202 -0.93608
      vertex 46.9304 11.0597 -0.580802
      vertex 51.7818 11.202 2.98059
    endloop
  endfacet
  facet normal 0.575692 0.471417 -0.668091
    outer loop
      vertex 49.0626 9.70671 -3.05527
      vertex 53.4571 10.1389 1.03642
      vertex 53.6079 9.70671 0.861403
    endloop
  endfacet
  facet normal 0.57569 0.47142 -0.668089
    outer loop
      vertex 53.4571 10.1389 1.03642
      vertex 49.0626 9.70671 -3.05527
      vertex 48.9118 10.1389 -2.88025
    endloop
  endfacet
  facet normal 0.757549 -2.03182e-05 0.652778
    outer loop
      vertex 53.6079 9.70671 0.861403
      vertex 53.4571 10.1389 1.03642
      vertex 53.7321 8.75 0.717239
    endloop
  endfacet
  facet normal 0.757582 8.69905e-05 0.65274
    outer loop
      vertex 52.7652 10.1389 1.83938
      vertex 51.7818 11.202 2.98059
      vertex 51.5591 10.974 3.23909
    endloop
  endfacet
  facet normal 0.757553 2.45514e-05 0.652774
    outer loop
      vertex 51.7818 11.202 2.98059
      vertex 52.7652 10.1389 1.83938
      vertex 53.4571 10.1389 1.03642
    endloop
  endfacet
  facet normal -0.189495 -0.956938 0.21991
    outer loop
      vertex 51.4757 6.4403 3.33587
      vertex 46.9304 6.4403 -0.580802
      vertex 51.7818 6.29804 2.98059
    endloop
  endfacet
  facet normal -0.757535 3.96594e-05 -0.652794
    outer loop
      vertex 48.4616 6.67133 -2.35774
      vertex 46.1107 8.514 0.370474
      vertex 46.1107 8.5963 0.370479
    endloop
  endfacet
  facet normal -0.757546 8.43834e-06 -0.652782
    outer loop
      vertex 46.1107 8.514 0.370474
      vertex 48.4616 6.67133 -2.35774
      vertex 47.8733 6.29804 -1.67503
    endloop
  endfacet
  facet normal 0.757553 -0 0.652774
    outer loop
      vertex 52.7652 7.36107 1.83938
      vertex 53.4571 10.1389 1.03642
      vertex 52.7652 10.1389 1.83938
    endloop
  endfacet
  facet normal 0.757553 0 0.652774
    outer loop
      vertex 53.4571 10.1389 1.03642
      vertex 52.7652 7.36107 1.83938
      vertex 53.4571 7.36107 1.03642
    endloop
  endfacet
  facet normal 0.757582 -8.69934e-05 0.65274
    outer loop
      vertex 51.7818 6.29804 2.98059
      vertex 52.7652 7.36107 1.83938
      vertex 51.5591 6.52604 3.23909
    endloop
  endfacet
  facet normal 0.757553 -2.4553e-05 0.652774
    outer loop
      vertex 52.7652 7.36107 1.83938
      vertex 51.7818 6.29804 2.98059
      vertex 53.4571 7.36107 1.03642
    endloop
  endfacet
  facet normal 0.757532 -5.28028e-05 0.652798
    outer loop
      vertex 52.1002 11.25 2.61111
      vertex 51.7818 11.202 2.98059
      vertex 53.4571 10.1389 1.03642
    endloop
  endfacet
  facet normal 0.307669 0.881961 -0.35705
    outer loop
      vertex 48.4616 10.8287 -2.35774
      vertex 48.1794 11.0597 -2.03031
      vertex 52.7247 11.0597 1.88636
    endloop
  endfacet
  facet normal 0.757516 -0.000100472 0.652816
    outer loop
      vertex 53.0069 10.8287 1.55893
      vertex 52.4186 11.202 2.24164
      vertex 53.4571 10.1389 1.03642
    endloop
  endfacet
  facet normal 0.757096 -0.000158447 0.653304
    outer loop
      vertex 53.7008 9.23773 0.75363
      vertex 53.6079 9.70671 0.861403
      vertex 53.7321 8.75 0.717239
    endloop
  endfacet
  facet normal -0.757389 0.000294811 -0.652964
    outer loop
      vertex 48.9118 10.1389 -2.88025
      vertex 48.4616 10.8287 -2.35774
      vertex 48.7089 10.5178 -2.64473
    endloop
  endfacet
  facet normal -0.757466 -0.000206064 -0.652875
    outer loop
      vertex 48.4616 10.8287 -2.35774
      vertex 46.1107 8.5963 0.370479
      vertex 46.1106 8.90369 0.370498
    endloop
  endfacet
  facet normal -0.757549 0 -0.652778
    outer loop
      vertex 46.1107 8.5963 0.370479
      vertex 48.4616 10.8287 -2.35774
      vertex 48.4616 6.67133 -2.35774
    endloop
  endfacet
  facet normal 0.649639 -0.0979403 -0.753907
    outer loop
      vertex 53.7321 8.75 0.717239
      vertex 49.1555 8.26227 -3.16304
      vertex 49.1868 8.75 -3.19943
    endloop
  endfacet
  facet normal 0.757549 2.0319e-05 0.652778
    outer loop
      vertex 53.7321 8.75 0.717239
      vertex 53.4571 7.36107 1.03642
      vertex 53.6079 7.79329 0.861403
    endloop
  endfacet
  facet normal -0.757581 0 -0.652741
    outer loop
      vertex 49.0626 7.79329 -3.05527
      vertex 48.4616 10.8287 -2.35774
      vertex 49.0626 9.70671 -3.05527
    endloop
  endfacet
  facet normal -0.757581 -0 -0.652741
    outer loop
      vertex 48.4616 10.8287 -2.35774
      vertex 49.0626 7.79329 -3.05527
      vertex 48.4616 6.67133 -2.35774
    endloop
  endfacet
  facet normal -0.757607 0 -0.652711
    outer loop
      vertex 49.1868 8.75 -3.19943
      vertex 49.0626 7.79329 -3.05527
      vertex 49.0626 9.70671 -3.05527
    endloop
  endfacet
  facet normal 0.757513 0.000107348 0.65282
    outer loop
      vertex 53.4571 7.36107 1.03642
      vertex 52.1002 6.25 2.61111
      vertex 52.4186 6.29804 2.24164
    endloop
  endfacet
  facet normal -0.0639853 -0.995184 0.074255
    outer loop
      vertex 47.2365 6.29804 -0.93608
      vertex 52.1002 6.25 2.61111
      vertex 51.7818 6.29804 2.98059
    endloop
  endfacet
  facet normal -0.0639853 -0.995184 0.074255
    outer loop
      vertex 52.1002 6.25 2.61111
      vertex 47.2365 6.29804 -0.93608
      vertex 47.5549 6.25 -1.30556
    endloop
  endfacet
  facet normal 0.757389 0.000294954 0.652964
    outer loop
      vertex 53.4571 7.36107 1.03642
      vertex 53.0069 6.67133 1.55893
      vertex 53.2542 6.98223 1.27194
    endloop
  endfacet
  facet normal 0.307669 0.881961 -0.35705
    outer loop
      vertex 53.0069 10.8287 1.55893
      vertex 48.4616 10.8287 -2.35774
      vertex 52.7247 11.0597 1.88636
    endloop
  endfacet
  facet normal 0.757738 0.000719646 0.652559
    outer loop
      vertex 52.7247 11.0597 1.88636
      vertex 52.4186 11.202 2.24164
      vertex 53.0069 10.8287 1.55893
    endloop
  endfacet
  facet normal 0.50463 -0.634345 -0.585623
    outer loop
      vertex 53.2542 6.98223 1.27194
      vertex 48.9118 7.36107 -2.88025
      vertex 53.4571 7.36107 1.03642
    endloop
  endfacet
  facet normal -0.757087 -0.000158471 -0.653314
    outer loop
      vertex 49.1555 8.26227 -3.16304
      vertex 49.0626 7.79329 -3.05527
      vertex 49.1868 8.75 -3.19943
    endloop
  endfacet
  facet normal -0.504452 -0.634353 0.585768
    outer loop
      vertex 46.4009 6.98223 0.0336132
      vertex 46.2412 7.36107 0.306344
      vertex 46.198 7.36107 0.269141
    endloop
  endfacet
  facet normal -0.504485 -0.634349 0.585744
    outer loop
      vertex 46.2412 7.36107 0.306344
      vertex 46.4009 6.98223 0.0336132
      vertex 46.5447 6.98223 0.157464
    endloop
  endfacet
  facet normal -0.504655 -0.634297 0.585654
    outer loop
      vertex 47.0505 7.36107 1.00374
      vertex 50.8119 7.23294 4.10615
      vertex 50.7433 7.36107 4.18581
    endloop
  endfacet
  facet normal -0.504612 -0.634384 0.585597
    outer loop
      vertex 50.8119 7.23294 4.10615
      vertex 47.0505 7.36107 1.00374
      vertex 50.9462 6.98223 3.95028
    endloop
  endfacet
  facet normal -0.504607 -0.634396 0.585589
    outer loop
      vertex 50.9462 6.98223 3.95028
      vertex 47.0505 7.36107 1.00374
      vertex 47.0505 6.98223 0.593325
    endloop
  endfacet
  facet normal 0.757516 0.000100485 0.652816
    outer loop
      vertex 53.4571 7.36107 1.03642
      vertex 52.4186 6.29804 2.24164
      vertex 53.0069 6.67133 1.55893
    endloop
  endfacet
  facet normal 0.624661 -0.290327 -0.72492
    outer loop
      vertex 53.6079 7.79329 0.861403
      vertex 49.0626 7.79329 -3.05527
      vertex 53.7008 8.26227 0.75363
    endloop
  endfacet
  facet normal -0.757584 3.63222e-06 -0.652738
    outer loop
      vertex 48.9118 7.36107 -2.88025
      vertex 48.4616 6.67133 -2.35774
      vertex 49.0626 7.79329 -3.05527
    endloop
  endfacet
  facet normal 0.757096 0.000158447 0.653304
    outer loop
      vertex 53.7321 8.75 0.717239
      vertex 53.6079 7.79329 0.861403
      vertex 53.7008 8.26227 0.75363
    endloop
  endfacet
  facet normal 0.0639863 -0.995184 -0.0742562
    outer loop
      vertex 47.5549 6.25 -1.30556
      vertex 52.4186 6.29804 2.24164
      vertex 52.1002 6.25 2.61111
    endloop
  endfacet
  facet normal 0.0639863 -0.995184 -0.0742562
    outer loop
      vertex 52.4186 6.29804 2.24164
      vertex 47.5549 6.25 -1.30556
      vertex 47.8733 6.29804 -1.67503
    endloop
  endfacet
  facet normal -0.757536 4.15945e-05 -0.652793
    outer loop
      vertex 46.1107 7.64762 0.370419
      vertex 46.1107 8.05567 0.370445
      vertex 46.4009 6.98223 0.0336132
    endloop
  endfacet
  facet normal 0.414112 0.773017 -0.480578
    outer loop
      vertex 53.2542 10.5178 1.27194
      vertex 48.4616 10.8287 -2.35774
      vertex 53.0069 10.8287 1.55893
    endloop
  endfacet
  facet normal 0.757389 -0.000294811 0.652964
    outer loop
      vertex 53.2542 10.5178 1.27194
      vertex 53.0069 10.8287 1.55893
      vertex 53.4571 10.1389 1.03642
    endloop
  endfacet
  facet normal 0.624661 0.290327 -0.72492
    outer loop
      vertex 53.7008 9.23773 0.75363
      vertex 49.0626 9.70671 -3.05527
      vertex 53.6079 9.70671 0.861403
    endloop
  endfacet
  facet normal 0.624662 0.290323 -0.724921
    outer loop
      vertex 49.1555 9.23773 -3.16304
      vertex 49.0626 9.70671 -3.05527
      vertex 53.7008 9.23773 0.75363
    endloop
  endfacet
  facet normal -0.75774 -0.000739783 -0.652556
    outer loop
      vertex 46.9304 6.4403 -0.580802
      vertex 46.6482 6.67133 -0.253377
      vertex 47.2365 6.29804 -0.93608
    endloop
  endfacet
  facet normal -0.757738 0.000719165 -0.652559
    outer loop
      vertex 48.1794 6.4403 -2.03031
      vertex 47.8733 6.29804 -1.67503
      vertex 48.4616 6.67133 -2.35774
    endloop
  endfacet
  facet normal 0.3077 -0.881936 -0.357086
    outer loop
      vertex 52.7247 6.4403 1.88636
      vertex 48.4616 6.67133 -2.35774
      vertex 53.0069 6.67133 1.55893
    endloop
  endfacet
  facet normal 0.575701 -0.471391 -0.668101
    outer loop
      vertex 53.4571 7.36107 1.03642
      vertex 49.0626 7.79329 -3.05527
      vertex 53.6079 7.79329 0.861403
    endloop
  endfacet
  facet normal 0.575699 -0.471395 -0.6681
    outer loop
      vertex 49.0626 7.79329 -3.05527
      vertex 53.4571 7.36107 1.03642
      vertex 48.9118 7.36107 -2.88025
    endloop
  endfacet
  facet normal 0.624662 -0.290323 -0.724921
    outer loop
      vertex 53.7008 8.26227 0.75363
      vertex 49.0626 7.79329 -3.05527
      vertex 49.1555 8.26227 -3.16304
    endloop
  endfacet
  facet normal 0.649639 -0.0979418 -0.753907
    outer loop
      vertex 53.7008 8.26227 0.75363
      vertex 49.1555 8.26227 -3.16304
      vertex 53.7321 8.75 0.717239
    endloop
  endfacet
  facet normal -0.757637 3.99875e-05 -0.652677
    outer loop
      vertex 46.1106 9.44405 0.370532
      vertex 46.1106 9.8521 0.370557
      vertex 46.4009 10.5178 0.0336132
    endloop
  endfacet
  facet normal 0.758138 0 0.652094
    outer loop
      vertex 50.4996 9.23773 4.46859
      vertex 50.4683 8.75 4.50498
      vertex 50.4996 8.26227 4.46859
    endloop
  endfacet
  facet normal -0.757528 4.13049e-05 -0.652803
    outer loop
      vertex 47.8733 6.29804 -1.67503
      vertex 46.1107 8.05567 0.370445
      vertex 46.1107 8.514 0.370474
    endloop
  endfacet
  facet normal -0.757525 4.86001e-05 -0.652806
    outer loop
      vertex 46.1107 8.05567 0.370445
      vertex 47.8733 6.29804 -1.67503
      vertex 46.4009 6.98223 0.0336132
    endloop
  endfacet
  facet normal -0.757541 8.60299e-06 -0.652788
    outer loop
      vertex 48.4616 10.8287 -2.35774
      vertex 46.1106 8.98596 0.370503
      vertex 47.8733 11.202 -1.67503
    endloop
  endfacet
  facet normal -0.757551 3.96728e-05 -0.652776
    outer loop
      vertex 46.1106 8.98596 0.370503
      vertex 48.4616 10.8287 -2.35774
      vertex 46.1106 8.90369 0.370498
    endloop
  endfacet
  facet normal -0.757524 -5.51318e-05 -0.652808
    outer loop
      vertex 47.8733 11.202 -1.67503
      vertex 46.4009 10.5178 0.0336132
      vertex 47.5549 11.25 -1.30556
    endloop
  endfacet
  facet normal -0.189544 0.956916 0.219966
    outer loop
      vertex 51.7818 11.202 2.98059
      vertex 46.9304 11.0597 -0.580802
      vertex 51.4757 11.0597 3.33587
    endloop
  endfacet
  facet normal 0.414112 0.773017 -0.480578
    outer loop
      vertex 48.7089 10.5178 -2.64473
      vertex 48.4616 10.8287 -2.35774
      vertex 53.2542 10.5178 1.27194
    endloop
  endfacet
  facet normal -0.757584 -3.63312e-06 -0.652738
    outer loop
      vertex 49.0626 9.70671 -3.05527
      vertex 48.4616 10.8287 -2.35774
      vertex 48.9118 10.1389 -2.88025
    endloop
  endfacet
  facet normal 0.757606 -0 0.652712
    outer loop
      vertex 50.4996 8.26227 4.46859
      vertex 50.6472 9.78373 4.29727
      vertex 50.4996 9.23773 4.46859
    endloop
  endfacet
  facet normal 0.757606 0 0.652712
    outer loop
      vertex 50.6472 9.78373 4.29727
      vertex 50.4996 8.26227 4.46859
      vertex 50.6472 7.71627 4.29727
    endloop
  endfacet
  facet normal 0.414112 -0.773017 -0.480578
    outer loop
      vertex 53.0069 6.67133 1.55893
      vertex 48.4616 6.67133 -2.35774
      vertex 53.2542 6.98223 1.27194
    endloop
  endfacet
  facet normal 0.50463 -0.634345 -0.585623
    outer loop
      vertex 53.2542 6.98223 1.27194
      vertex 48.7089 6.98223 -2.64473
      vertex 48.9118 7.36107 -2.88025
    endloop
  endfacet
  facet normal 0.757738 -0.000719165 0.652559
    outer loop
      vertex 53.0069 6.67133 1.55893
      vertex 52.4186 6.29804 2.24164
      vertex 52.7247 6.4403 1.88636
    endloop
  endfacet
  facet normal 0.189495 -0.956938 -0.21991
    outer loop
      vertex 52.4186 6.29804 2.24164
      vertex 47.8733 6.29804 -1.67503
      vertex 52.7247 6.4403 1.88636
    endloop
  endfacet
  facet normal 0.758233 -0.000543058 0.651983
    outer loop
      vertex 50.5925 9.70671 4.36082
      vertex 50.6472 9.78373 4.29727
      vertex 50.6653 9.91538 4.27633
    endloop
  endfacet
  facet normal 0.758093 -0.000309397 0.652146
    outer loop
      vertex 50.6472 9.78373 4.29727
      vertex 50.5925 9.70671 4.36082
      vertex 50.4996 9.23773 4.46859
    endloop
  endfacet
  facet normal -0.649641 0.0979403 0.753906
    outer loop
      vertex 47.0505 9.23773 1.4965
      vertex 50.4683 8.75 4.50498
      vertex 50.4996 9.23773 4.46859
    endloop
  endfacet
  facet normal -0.64963 0.0980156 0.753906
    outer loop
      vertex 50.4683 8.75 4.50498
      vertex 47.0505 9.23773 1.4965
      vertex 47.0505 8.75 1.55991
    endloop
  endfacet
  facet normal -0.624661 0.290323 0.724922
    outer loop
      vertex 47.0505 9.70671 1.3087
      vertex 50.4996 9.23773 4.46859
      vertex 50.5925 9.70671 4.36082
    endloop
  endfacet
  facet normal -0.624669 0.290292 0.724927
    outer loop
      vertex 50.4996 9.23773 4.46859
      vertex 47.0505 9.70671 1.3087
      vertex 47.0505 9.23773 1.4965
    endloop
  endfacet
  facet normal -0.64963 -0.0980156 0.753906
    outer loop
      vertex 47.0505 8.26227 1.4965
      vertex 50.4683 8.75 4.50498
      vertex 47.0505 8.75 1.55991
    endloop
  endfacet
  facet normal -0.649641 -0.0979403 0.753906
    outer loop
      vertex 50.4683 8.75 4.50498
      vertex 47.0505 8.26227 1.4965
      vertex 50.4996 8.26227 4.46859
    endloop
  endfacet
  facet normal -0.307744 -0.881903 0.357129
    outer loop
      vertex 46.9304 6.4403 -0.580802
      vertex 51.212 6.65618 3.64182
      vertex 51.1935 6.67133 3.66329
    endloop
  endfacet
  facet normal -0.307702 -0.881934 0.357088
    outer loop
      vertex 51.212 6.65618 3.64182
      vertex 46.9304 6.4403 -0.580802
      vertex 51.4757 6.4403 3.33587
    endloop
  endfacet
  facet normal -0.57571 -0.471368 0.66811
    outer loop
      vertex 47.0505 7.36107 1.00374
      vertex 50.6653 7.58462 4.27633
      vertex 50.5925 7.79329 4.36082
    endloop
  endfacet
  facet normal -0.5757 -0.471391 0.668102
    outer loop
      vertex 47.0505 7.36107 1.00374
      vertex 50.5925 7.79329 4.36082
      vertex 47.0505 7.79329 1.3087
    endloop
  endfacet
  facet normal -0.575698 -0.471397 0.668099
    outer loop
      vertex 50.6653 7.58462 4.27633
      vertex 47.0505 7.36107 1.00374
      vertex 50.7433 7.36107 4.18581
    endloop
  endfacet
  facet normal -0.575233 -0.472164 0.667958
    outer loop
      vertex 46.2371 7.3689 0.308348
      vertex 46.198 7.36107 0.269141
      vertex 46.2412 7.36107 0.306344
    endloop
  endfacet
  facet normal -0.575584 -0.471444 0.668165
    outer loop
      vertex 46.198 7.36107 0.269141
      vertex 46.2371 7.3689 0.308348
      vertex 46.1107 7.61119 0.370417
    endloop
  endfacet
  facet normal -0.624669 -0.290292 0.724927
    outer loop
      vertex 47.0505 7.79329 1.3087
      vertex 50.4996 8.26227 4.46859
      vertex 47.0505 8.26227 1.4965
    endloop
  endfacet
  facet normal -0.624661 -0.290323 0.724922
    outer loop
      vertex 50.4996 8.26227 4.46859
      vertex 47.0505 7.79329 1.3087
      vertex 50.5925 7.79329 4.36082
    endloop
  endfacet
  facet normal -0.757529 -2.83908e-05 -0.652802
    outer loop
      vertex 47.8733 11.202 -1.67503
      vertex 46.1106 9.44405 0.370532
      vertex 46.4009 10.5178 0.0336132
    endloop
  endfacet
  facet normal -0.757559 4.13243e-05 -0.652767
    outer loop
      vertex 46.1106 9.44405 0.370532
      vertex 47.8733 11.202 -1.67503
      vertex 46.1106 8.98596 0.370503
    endloop
  endfacet
  facet normal 0.757513 -0.000107324 0.65282
    outer loop
      vertex 52.4186 11.202 2.24164
      vertex 52.1002 11.25 2.61111
      vertex 53.4571 10.1389 1.03642
    endloop
  endfacet
  facet normal -0.75774 0.000740278 -0.652556
    outer loop
      vertex 47.2365 11.202 -0.93608
      vertex 46.6482 10.8287 -0.253377
      vertex 46.9304 11.0597 -0.580802
    endloop
  endfacet
  facet normal -0.757532 -2.79809e-05 -0.652797
    outer loop
      vertex 47.2365 11.202 -0.93608
      vertex 46.4009 10.5178 0.0336132
      vertex 46.6482 10.8287 -0.253377
    endloop
  endfacet
  facet normal 0.504662 0.634285 -0.585661
    outer loop
      vertex 48.9118 10.1389 -2.88025
      vertex 48.7089 10.5178 -2.64473
      vertex 53.2542 10.5178 1.27194
    endloop
  endfacet
  facet normal 0.504662 0.634285 -0.585661
    outer loop
      vertex 53.4571 10.1389 1.03642
      vertex 48.9118 10.1389 -2.88025
      vertex 53.2542 10.5178 1.27194
    endloop
  endfacet
  facet normal 0.414112 -0.773017 -0.480578
    outer loop
      vertex 53.2542 6.98223 1.27194
      vertex 48.4616 6.67133 -2.35774
      vertex 48.7089 6.98223 -2.64473
    endloop
  endfacet
  facet normal -0.757389 -0.000294954 -0.652964
    outer loop
      vertex 48.7089 6.98223 -2.64473
      vertex 48.4616 6.67133 -2.35774
      vertex 48.9118 7.36107 -2.88025
    endloop
  endfacet
  facet normal 0.3077 -0.881936 -0.357086
    outer loop
      vertex 52.7247 6.4403 1.88636
      vertex 48.1794 6.4403 -2.03031
      vertex 48.4616 6.67133 -2.35774
    endloop
  endfacet
  facet normal 0.189495 -0.956938 -0.21991
    outer loop
      vertex 52.7247 6.4403 1.88636
      vertex 47.8733 6.29804 -1.67503
      vertex 48.1794 6.4403 -2.03031
    endloop
  endfacet
  facet normal -0.575681 0.471446 0.668079
    outer loop
      vertex 47.0505 10.1389 1.00374
      vertex 50.6653 9.91538 4.27633
      vertex 50.7433 10.1389 4.18581
    endloop
  endfacet
  facet normal -0.575712 0.471368 0.668108
    outer loop
      vertex 50.6653 9.91538 4.27633
      vertex 47.0505 10.1389 1.00374
      vertex 50.5925 9.70671 4.36082
    endloop
  endfacet
  facet normal -0.575691 0.471416 0.668092
    outer loop
      vertex 50.5925 9.70671 4.36082
      vertex 47.0505 10.1389 1.00374
      vertex 47.0505 9.70671 1.3087
    endloop
  endfacet
  facet normal -0.576033 0.471449 0.667774
    outer loop
      vertex 46.198 10.1389 0.269141
      vertex 46.1106 9.88846 0.370559
      vertex 46.2412 10.1389 0.306406
    endloop
  endfacet
  facet normal -0.757532 2.79801e-05 -0.652797
    outer loop
      vertex 46.6482 6.67133 -0.253377
      vertex 46.4009 6.98223 0.0336132
      vertex 47.2365 6.29804 -0.93608
    endloop
  endfacet
  facet normal -0.189496 -0.956938 0.21991
    outer loop
      vertex 51.7818 6.29804 2.98059
      vertex 46.9304 6.4403 -0.580802
      vertex 47.2365 6.29804 -0.93608
    endloop
  endfacet
  facet normal -0.413995 -0.773017 0.480679
    outer loop
      vertex 46.6482 6.67133 -0.253377
      vertex 46.5447 6.98223 0.157464
      vertex 46.4009 6.98223 0.0336132
    endloop
  endfacet
  facet normal -0.414151 -0.772977 0.480609
    outer loop
      vertex 46.5447 6.98223 0.157464
      vertex 46.6482 6.67133 -0.253377
      vertex 46.8349 6.73822 0.0150871
    endloop
  endfacet
  facet normal -0.409035 -0.777238 0.478113
    outer loop
      vertex 46.8349 6.73822 0.0150871
      vertex 46.6482 6.67133 -0.253377
      vertex 46.8361 6.73724 0.0145206
    endloop
  endfacet
  facet normal -0.412227 -0.774572 0.479696
    outer loop
      vertex 46.8361 6.73724 0.0145206
      vertex 46.6482 6.67133 -0.253377
      vertex 46.8373 6.73626 0.0139694
    endloop
  endfacet
  facet normal -0.412227 -0.774572 0.479696
    outer loop
      vertex 46.8373 6.73626 0.0139694
      vertex 46.6482 6.67133 -0.253377
      vertex 46.8385 6.73528 0.0134182
    endloop
  endfacet
  facet normal -0.411841 -0.774899 0.479499
    outer loop
      vertex 46.8385 6.73528 0.0134182
      vertex 46.6482 6.67133 -0.253377
      vertex 46.8397 6.73431 0.0128813
    endloop
  endfacet
  facet normal -0.41501 -0.772187 0.481137
    outer loop
      vertex 46.8397 6.73431 0.0128813
      vertex 46.6482 6.67133 -0.253377
      vertex 46.8409 6.73334 0.0123596
    endloop
  endfacet
  facet normal -0.413261 -0.773695 0.480221
    outer loop
      vertex 46.8409 6.73334 0.0123596
      vertex 46.6482 6.67133 -0.253377
      vertex 46.8421 6.73238 0.0118456
    endloop
  endfacet
  facet normal -0.414847 -0.772321 0.481064
    outer loop
      vertex 46.8421 6.73238 0.0118456
      vertex 46.6482 6.67133 -0.253377
      vertex 46.8433 6.73142 0.0113392
    endloop
  endfacet
  facet normal -0.418019 -0.769541 0.48277
    outer loop
      vertex 46.8433 6.73142 0.0113392
      vertex 46.6482 6.67133 -0.253377
      vertex 46.8445 6.73046 0.010848
    endloop
  endfacet
  facet normal -0.416102 -0.771232 0.481725
    outer loop
      vertex 46.8445 6.73046 0.010848
      vertex 46.6482 6.67133 -0.253377
      vertex 46.8457 6.72951 0.0103636
    endloop
  endfacet
  facet normal -0.415926 -0.771389 0.481628
    outer loop
      vertex 46.8457 6.72951 0.0103636
      vertex 46.6482 6.67133 -0.253377
      vertex 46.8469 6.72857 0.00989437
    endloop
  endfacet
  facet normal -0.420663 -0.767147 0.484281
    outer loop
      vertex 46.8469 6.72857 0.00989437
      vertex 46.6482 6.67133 -0.253377
      vertex 46.8481 6.72762 0.00943184
    endloop
  endfacet
  facet normal -0.401586 -0.783991 0.473378
    outer loop
      vertex 46.8481 6.72762 0.00943184
      vertex 46.6482 6.67133 -0.253377
      vertex 46.8494 6.72668 0.00897789
    endloop
  endfacet
  facet normal -0.418742 -0.768797 0.483329
    outer loop
      vertex 46.8494 6.72668 0.00897789
      vertex 46.6482 6.67133 -0.253377
      vertex 46.8506 6.72575 0.00853825
    endloop
  endfacet
  facet normal -0.420342 -0.767335 0.484262
    outer loop
      vertex 46.8506 6.72575 0.00853825
      vertex 46.6482 6.67133 -0.253377
      vertex 46.8518 6.72482 0.00810623
    endloop
  endfacet
  facet normal -0.402327 -0.783511 0.473544
    outer loop
      vertex 46.8518 6.72482 0.00810623
      vertex 46.6482 6.67133 -0.253377
      vertex 46.8531 6.7239 0.00768852
    endloop
  endfacet
  facet normal -0.421564 -0.76611 0.485138
    outer loop
      vertex 46.8531 6.7239 0.00768852
      vertex 46.6482 6.67133 -0.253377
      vertex 46.8543 6.72298 0.00727844
    endloop
  endfacet
  facet normal -0.406977 -0.779459 0.476249
    outer loop
      vertex 46.8543 6.72298 0.00727844
      vertex 46.6482 6.67133 -0.253377
      vertex 46.8556 6.72206 0.00688362
    endloop
  endfacet
  facet normal -0.423015 -0.764669 0.486147
    outer loop
      vertex 46.8556 6.72206 0.00688362
      vertex 46.6482 6.67133 -0.253377
      vertex 46.8568 6.72115 0.00649643
    endloop
  endfacet
  facet normal -0.404835 -0.781471 0.474775
    outer loop
      vertex 46.8568 6.72115 0.00649643
      vertex 46.6482 6.67133 -0.253377
      vertex 46.8581 6.72025 0.00612354
    endloop
  endfacet
  facet normal -0.424475 -0.76318 0.487213
    outer loop
      vertex 46.8581 6.72025 0.00612354
      vertex 46.6482 6.67133 -0.253377
      vertex 46.8593 6.71935 0.00575924
    endloop
  endfacet
  facet normal -0.407972 -0.778696 0.476645
    outer loop
      vertex 46.8593 6.71935 0.00575924
      vertex 46.6482 6.67133 -0.253377
      vertex 46.8606 6.71845 0.00540161
    endloop
  endfacet
  facet normal -0.425555 -0.762047 0.488045
    outer loop
      vertex 46.8606 6.71845 0.00540161
      vertex 46.6482 6.67133 -0.253377
      vertex 46.8618 6.71756 0.00505829
    endloop
  endfacet
  facet normal -0.407388 -0.779324 0.47612
    outer loop
      vertex 46.8618 6.71756 0.00505829
      vertex 46.6482 6.67133 -0.253377
      vertex 46.8631 6.71668 0.00473022
    endloop
  endfacet
  facet normal -0.409139 -0.777688 0.477291
    outer loop
      vertex 46.8631 6.71668 0.00473022
      vertex 46.6482 6.67133 -0.253377
      vertex 46.8644 6.7158 0.00441074
    endloop
  endfacet
  facet normal -0.406972 -0.779722 0.475824
    outer loop
      vertex 46.8644 6.7158 0.00441074
      vertex 46.6482 6.67133 -0.253377
      vertex 46.8657 6.71493 0.00409698
    endloop
  endfacet
  facet normal -0.428521 -0.75881 0.490486
    outer loop
      vertex 46.8657 6.71493 0.00409698
      vertex 46.6482 6.67133 -0.253377
      vertex 46.8669 6.71406 0.00379944
    endloop
  endfacet
  facet normal -0.40994 -0.777009 0.477709
    outer loop
      vertex 46.8669 6.71406 0.00379944
      vertex 46.6482 6.67133 -0.253377
      vertex 46.8682 6.7132 0.0035162
    endloop
  endfacet
  facet normal -0.411512 -0.7755 0.478809
    outer loop
      vertex 46.8682 6.7132 0.0035162
      vertex 46.6482 6.67133 -0.253377
      vertex 46.8695 6.71234 0.00324059
    endloop
  endfacet
  facet normal -0.409734 -0.777215 0.47755
    outer loop
      vertex 46.8695 6.71234 0.00324059
      vertex 46.6482 6.67133 -0.253377
      vertex 46.8708 6.71149 0.0029726
    endloop
  endfacet
  facet normal -0.427804 -0.759252 0.490427
    outer loop
      vertex 46.8708 6.71149 0.0029726
      vertex 46.6482 6.67133 -0.253377
      vertex 46.872 6.71065 0.00271893
    endloop
  endfacet
  facet normal -0.41255 -0.774554 0.479446
    outer loop
      vertex 46.872 6.71065 0.00271893
      vertex 46.6482 6.67133 -0.253377
      vertex 46.8733 6.70981 0.00248051
    endloop
  endfacet
  facet normal -0.410761 -0.776312 0.478137
    outer loop
      vertex 46.8733 6.70981 0.00248051
      vertex 46.6482 6.67133 -0.253377
      vertex 46.8746 6.70898 0.00224972
    endloop
  endfacet
  facet normal -0.412358 -0.774735 0.479319
    outer loop
      vertex 46.8746 6.70898 0.00224972
      vertex 46.6482 6.67133 -0.253377
      vertex 46.8759 6.70815 0.00202656
    endloop
  endfacet
  facet normal -0.415357 -0.771738 0.48156
    outer loop
      vertex 46.8759 6.70815 0.00202656
      vertex 46.6482 6.67133 -0.253377
      vertex 46.8772 6.70732 0.0018177
    endloop
  endfacet
  facet normal -0.41178 -0.775328 0.478857
    outer loop
      vertex 46.8772 6.70732 0.0018177
      vertex 46.6482 6.67133 -0.253377
      vertex 46.8785 6.70651 0.00162411
    endloop
  endfacet
  facet normal -0.413195 -0.773905 0.479938
    outer loop
      vertex 46.8785 6.70651 0.00162411
      vertex 46.6482 6.67133 -0.253377
      vertex 46.8798 6.7057 0.00143719
    endloop
  endfacet
  facet normal -0.415017 -0.772055 0.481344
    outer loop
      vertex 46.8798 6.7057 0.00143719
      vertex 46.6482 6.67133 -0.253377
      vertex 46.8811 6.70489 0.00125885
    endloop
  endfacet
  facet normal -0.411184 -0.775955 0.478353
    outer loop
      vertex 46.8811 6.70489 0.00125885
      vertex 46.6482 6.67133 -0.253377
      vertex 46.8824 6.7041 0.00109482
    endloop
  endfacet
  facet normal -0.414465 -0.772603 0.480941
    outer loop
      vertex 46.8824 6.7041 0.00109482
      vertex 46.6482 6.67133 -0.253377
      vertex 46.8837 6.70331 0.000946045
    endloop
  endfacet
  facet normal -0.412427 -0.774699 0.479317
    outer loop
      vertex 46.8837 6.70331 0.000946045
      vertex 46.6482 6.67133 -0.253377
      vertex 46.885 6.70253 0.000803947
    endloop
  endfacet
  facet normal -0.415737 -0.771271 0.48198
    outer loop
      vertex 46.885 6.70253 0.000803947
      vertex 46.6482 6.67133 -0.253377
      vertex 46.8863 6.70175 0.000677109
    endloop
  endfacet
  facet normal -0.413902 -0.773185 0.48049
    outer loop
      vertex 46.8863 6.70175 0.000677109
      vertex 46.6482 6.67133 -0.253377
      vertex 46.8876 6.70098 0.000557899
    endloop
  endfacet
  facet normal -0.41557 -0.771437 0.481858
    outer loop
      vertex 46.8876 6.70098 0.000557899
      vertex 46.6482 6.67133 -0.253377
      vertex 46.8889 6.70021 0.00044632
    endloop
  endfacet
  facet normal -0.489624 -0.871934 0
    outer loop
      vertex 46.8941 6.69722 0.000133514
      vertex 46.8967 6.69576 4.3869e-05
      vertex 46.8954 6.69649 8.86917e-05
    endloop
  endfacet
  facet normal -0.398314 -0.789794 0.466446
    outer loop
      vertex 46.8993 6.69434 6.67572e-06
      vertex 46.6482 6.67133 -0.253377
      vertex 46.9007 6.69363 0
    endloop
  endfacet
  facet normal -0.415626 -0.771363 0.481928
    outer loop
      vertex 46.898 6.69505 2.19345e-05
      vertex 46.6482 6.67133 -0.253377
      vertex 46.8993 6.69434 6.67572e-06
    endloop
  endfacet
  facet normal -0.414088 -0.773036 0.480569
    outer loop
      vertex 46.8967 6.69576 4.3869e-05
      vertex 46.6482 6.67133 -0.253377
      vertex 46.898 6.69505 2.19345e-05
    endloop
  endfacet
  facet normal -0.416182 -0.770766 0.482403
    outer loop
      vertex 46.8941 6.69722 0.000133514
      vertex 46.6482 6.67133 -0.253377
      vertex 46.8967 6.69576 4.3869e-05
    endloop
  endfacet
  facet normal -0.412733 -0.774463 0.479435
    outer loop
      vertex 46.8928 6.69795 0.000193596
      vertex 46.6482 6.67133 -0.253377
      vertex 46.8941 6.69722 0.000133514
    endloop
  endfacet
  facet normal -0.416721 -0.770204 0.482835
    outer loop
      vertex 46.8915 6.6987 0.000267982
      vertex 46.6482 6.67133 -0.253377
      vertex 46.8928 6.69795 0.000193596
    endloop
  endfacet
  facet normal -0.415023 -0.772016 0.481402
    outer loop
      vertex 46.8902 6.69945 0.000349998
      vertex 46.6482 6.67133 -0.253377
      vertex 46.8915 6.6987 0.000267982
    endloop
  endfacet
  facet normal -0.415404 -0.771612 0.48172
    outer loop
      vertex 46.8889 6.70021 0.00044632
      vertex 46.6482 6.67133 -0.253377
      vertex 46.8902 6.69945 0.000349998
    endloop
  endfacet
  facet normal -0.0970603 9.95278e-05 0.995278
    outer loop
      vertex 46.9137 6.68699 0.000580788
      vertex 46.9163 6.68576 0.000834465
      vertex 46.915 6.68638 0.000707626
    endloop
  endfacet
  facet normal -0.414798 -0.77215 0.48138
    outer loop
      vertex 46.9531 6.67145 0.00954342
      vertex 46.6482 6.67133 -0.253377
      vertex 46.9535 6.67133 0.00969561
    endloop
  endfacet
  facet normal -0.420439 -0.764962 0.487918
    outer loop
      vertex 46.9519 6.67182 0.00908947
      vertex 46.6482 6.67133 -0.253377
      vertex 46.9531 6.67145 0.00954342
    endloop
  endfacet
  facet normal -0.424172 -0.760124 0.492229
    outer loop
      vertex 46.9507 6.6722 0.0086422
      vertex 46.6482 6.67133 -0.253377
      vertex 46.9519 6.67182 0.00908947
    endloop
  endfacet
  facet normal -0.397403 -0.793189 0.461434
    outer loop
      vertex 46.9494 6.6726 0.00821018
      vertex 46.6482 6.67133 -0.253377
      vertex 46.9507 6.6722 0.0086422
    endloop
  endfacet
  facet normal -0.42468 -0.759549 0.492678
    outer loop
      vertex 46.9482 6.673 0.00779247
      vertex 46.6482 6.67133 -0.253377
      vertex 46.9494 6.6726 0.00821018
    endloop
  endfacet
  facet normal -0.427331 -0.756088 0.495701
    outer loop
      vertex 46.947 6.67341 0.00738335
      vertex 46.6482 6.67133 -0.253377
      vertex 46.9482 6.673 0.00779247
    endloop
  endfacet
  facet normal -0.3991 -0.791053 0.463631
    outer loop
      vertex 46.9457 6.67383 0.0069809
      vertex 46.6482 6.67133 -0.253377
      vertex 46.947 6.67341 0.00738335
    endloop
  endfacet
  facet normal -0.424792 -0.759483 0.492684
    outer loop
      vertex 46.9445 6.67425 0.0065937
      vertex 46.6482 6.67133 -0.253377
      vertex 46.9457 6.67383 0.0069809
    endloop
  endfacet
  facet normal -0.403181 -0.786187 0.468354
    outer loop
      vertex 46.9432 6.67469 0.00621319
      vertex 46.6482 6.67133 -0.253377
      vertex 46.9445 6.67425 0.0065937
    endloop
  endfacet
  facet normal -0.428005 -0.755402 0.496165
    outer loop
      vertex 46.942 6.67513 0.00584793
      vertex 46.6482 6.67133 -0.253377
      vertex 46.9432 6.67469 0.00621319
    endloop
  endfacet
  facet normal -0.406651 -0.781996 0.472352
    outer loop
      vertex 46.9407 6.67559 0.0054903
      vertex 46.6482 6.67133 -0.253377
      vertex 46.942 6.67513 0.00584793
    endloop
  endfacet
  facet normal -0.401721 -0.78781 0.466878
    outer loop
      vertex 46.9394 6.67605 0.00514793
      vertex 46.6482 6.67133 -0.253377
      vertex 46.9407 6.67559 0.0054903
    endloop
  endfacet
  facet normal -0.433538 -0.748362 0.501996
    outer loop
      vertex 46.9382 6.67652 0.00481224
      vertex 46.6482 6.67133 -0.253377
      vertex 46.9394 6.67605 0.00514793
    endloop
  endfacet
  facet normal -0.402234 -0.787112 0.467614
    outer loop
      vertex 46.9369 6.67699 0.00448513
      vertex 46.6482 6.67133 -0.253377
      vertex 46.9382 6.67652 0.00481224
    endloop
  endfacet
  facet normal -0.40609 -0.782602 0.471832
    outer loop
      vertex 46.9356 6.67748 0.004179
      vertex 46.6482 6.67133 -0.253377
      vertex 46.9369 6.67699 0.00448513
    endloop
  endfacet
  facet normal -0.43821 -0.742436 0.506716
    outer loop
      vertex 46.9344 6.67798 0.00387383
      vertex 46.6482 6.67133 -0.253377
      vertex 46.9356 6.67748 0.004179
    endloop
  endfacet
  facet normal -0.40649 -0.782022 0.472449
    outer loop
      vertex 46.9331 6.67848 0.00358295
      vertex 46.6482 6.67133 -0.253377
      vertex 46.9344 6.67798 0.00387383
    endloop
  endfacet
  facet normal -0.406868 -0.781579 0.472856
    outer loop
      vertex 46.9318 6.67899 0.00330734
      vertex 46.6482 6.67133 -0.253377
      vertex 46.9331 6.67848 0.00358295
    endloop
  endfacet
  facet normal -0.40946 -0.778537 0.475629
    outer loop
      vertex 46.9305 6.67951 0.00303936
      vertex 46.6482 6.67133 -0.253377
      vertex 46.9318 6.67899 0.00330734
    endloop
  endfacet
  facet normal -0.410055 -0.777837 0.476261
    outer loop
      vertex 46.9292 6.68004 0.00278568
      vertex 46.6482 6.67133 -0.253377
      vertex 46.9305 6.67951 0.00303936
    endloop
  endfacet
  facet normal -0.437814 -0.743468 0.505543
    outer loop
      vertex 46.928 6.68058 0.00254059
      vertex 46.6482 6.67133 -0.253377
      vertex 46.9292 6.68004 0.00278568
    endloop
  endfacet
  facet normal -0.410349 -0.777387 0.476741
    outer loop
      vertex 46.9267 6.68112 0.00230217
      vertex 46.6482 6.67133 -0.253377
      vertex 46.928 6.68058 0.00254059
    endloop
  endfacet
  facet normal -0.410906 -0.776736 0.477323
    outer loop
      vertex 46.9254 6.68167 0.00207806
      vertex 46.6482 6.67133 -0.253377
      vertex 46.9267 6.68112 0.00230217
    endloop
  endfacet
  facet normal -0.411187 -0.776408 0.477615
    outer loop
      vertex 46.9241 6.68223 0.0018692
      vertex 46.6482 6.67133 -0.253377
      vertex 46.9254 6.68167 0.00207806
    endloop
  endfacet
  facet normal -0.413268 -0.773977 0.47976
    outer loop
      vertex 46.9228 6.6828 0.00166893
      vertex 46.6482 6.67133 -0.253377
      vertex 46.9241 6.68223 0.0018692
    endloop
  endfacet
  facet normal -0.414015 -0.773103 0.480525
    outer loop
      vertex 46.9215 6.68338 0.00148201
      vertex 46.6482 6.67133 -0.253377
      vertex 46.9228 6.6828 0.00166893
    endloop
  endfacet
  facet normal -0.411715 -0.775776 0.478186
    outer loop
      vertex 46.9202 6.68396 0.00130367
      vertex 46.6482 6.67133 -0.253377
      vertex 46.9215 6.68338 0.00148201
    endloop
  endfacet
  facet normal -0.412219 -0.775194 0.478695
    outer loop
      vertex 46.9189 6.68455 0.00113964
      vertex 46.6482 6.67133 -0.253377
      vertex 46.9202 6.68396 0.00130367
    endloop
  endfacet
  facet normal -0.414452 -0.772613 0.480935
    outer loop
      vertex 46.9176 6.68515 0.000983238
      vertex 46.6482 6.67133 -0.253377
      vertex 46.9189 6.68455 0.00113964
    endloop
  endfacet
  facet normal -0.416633 -0.770081 0.483108
    outer loop
      vertex 46.9163 6.68576 0.000834465
      vertex 46.6482 6.67133 -0.253377
      vertex 46.9176 6.68515 0.000983238
    endloop
  endfacet
  facet normal -0.413052 -0.774212 0.479566
    outer loop
      vertex 46.9137 6.68699 0.000580788
      vertex 46.6482 6.67133 -0.253377
      vertex 46.9163 6.68576 0.000834465
    endloop
  endfacet
  facet normal -0.417388 -0.769241 0.483793
    outer loop
      vertex 46.9124 6.68763 0.000476837
      vertex 46.6482 6.67133 -0.253377
      vertex 46.9137 6.68699 0.000580788
    endloop
  endfacet
  facet normal -0.41171 -0.775709 0.478299
    outer loop
      vertex 46.9111 6.68826 0.000379562
      vertex 46.6482 6.67133 -0.253377
      vertex 46.9124 6.68763 0.000476837
    endloop
  endfacet
  facet normal -0.417789 -0.768808 0.484136
    outer loop
      vertex 46.9098 6.68891 0.000289917
      vertex 46.6482 6.67133 -0.253377
      vertex 46.9111 6.68826 0.000379562
    endloop
  endfacet
  facet normal -0.414034 -0.773072 0.480559
    outer loop
      vertex 46.9085 6.68956 0.00021553
      vertex 46.6482 6.67133 -0.253377
      vertex 46.9098 6.68891 0.000289917
    endloop
  endfacet
  facet normal -0.416085 -0.770759 0.482498
    outer loop
      vertex 46.9072 6.69022 0.000148773
      vertex 46.6482 6.67133 -0.253377
      vertex 46.9085 6.68956 0.00021553
    endloop
  endfacet
  facet normal -0.416487 -0.770306 0.482874
    outer loop
      vertex 46.9059 6.69089 9.63211e-05
      vertex 46.6482 6.67133 -0.253377
      vertex 46.9072 6.69022 0.000148773
    endloop
  endfacet
  facet normal -0.414653 -0.77236 0.481168
    outer loop
      vertex 46.9046 6.69156 5.14984e-05
      vertex 46.6482 6.67133 -0.253377
      vertex 46.9059 6.69089 9.63211e-05
    endloop
  endfacet
  facet normal -0.414841 -0.772151 0.481342
    outer loop
      vertex 46.9033 6.69224 2.19345e-05
      vertex 46.6482 6.67133 -0.253377
      vertex 46.9046 6.69156 5.14984e-05
    endloop
  endfacet
  facet normal -0.418981 -0.767532 0.485129
    outer loop
      vertex 46.902 6.69294 6.67572e-06
      vertex 46.6482 6.67133 -0.253377
      vertex 46.9033 6.69224 2.19345e-05
    endloop
  endfacet
  facet normal -0.413229 -0.773904 0.479911
    outer loop
      vertex 46.6482 6.67133 -0.253377
      vertex 46.902 6.69294 6.67572e-06
      vertex 46.9007 6.69363 0
    endloop
  endfacet
  facet normal -0.414084 -0.773057 0.480538
    outer loop
      vertex 47.0505 6.98223 0.593325
      vertex 51.1741 6.69581 3.68589
      vertex 50.9462 6.98223 3.95028
    endloop
  endfacet
  facet normal -0.414436 -0.772546 0.481056
    outer loop
      vertex 51.1741 6.69581 3.68589
      vertex 47.0505 6.98223 0.593325
      vertex 51.1935 6.67133 3.66329
    endloop
  endfacet
  facet normal -0.414117 -0.773016 0.480577
    outer loop
      vertex 47.0505 6.70662 0.150002
      vertex 51.1935 6.67133 3.66329
      vertex 47.0505 6.98223 0.593325
    endloop
  endfacet
  facet normal -0.412615 -0.774926 0.478788
    outer loop
      vertex 47.0505 6.70581 0.148691
      vertex 51.1935 6.67133 3.66329
      vertex 47.0505 6.70662 0.150002
    endloop
  endfacet
  facet normal -0.413913 -0.773277 0.480333
    outer loop
      vertex 47.0505 6.705 0.147387
      vertex 51.1935 6.67133 3.66329
      vertex 47.0505 6.70581 0.148691
    endloop
  endfacet
  facet normal -0.425802 -0.757741 0.494491
    outer loop
      vertex 47.0504 6.7042 0.146075
      vertex 51.1935 6.67133 3.66329
      vertex 47.0505 6.705 0.147387
    endloop
  endfacet
  facet normal -0.408018 -0.780693 0.473329
    outer loop
      vertex 47.0504 6.70341 0.144772
      vertex 51.1935 6.67133 3.66329
      vertex 47.0504 6.7042 0.146075
    endloop
  endfacet
  facet normal -0.422794 -0.761749 0.4909
    outer loop
      vertex 47.0503 6.70262 0.14346
      vertex 51.1935 6.67133 3.66329
      vertex 47.0504 6.70341 0.144772
    endloop
  endfacet
  facet normal -0.401748 -0.788382 0.465889
    outer loop
      vertex 47.0503 6.70185 0.142157
      vertex 51.1935 6.67133 3.66329
      vertex 47.0503 6.70262 0.14346
    endloop
  endfacet
  facet normal -0.419737 -0.765772 0.487253
    outer loop
      vertex 47.0502 6.70107 0.140845
      vertex 51.1935 6.67133 3.66329
      vertex 47.0503 6.70185 0.142157
    endloop
  endfacet
  facet normal -0.415236 -0.771585 0.481909
    outer loop
      vertex 47.0501 6.70031 0.139542
      vertex 51.1935 6.67133 3.66329
      vertex 47.0502 6.70107 0.140845
    endloop
  endfacet
  facet normal -0.415036 -0.771839 0.481673
    outer loop
      vertex 47.05 6.69955 0.138238
      vertex 51.1935 6.67133 3.66329
      vertex 47.0501 6.70031 0.139542
    endloop
  endfacet
  facet normal -0.411618 -0.776176 0.47762
    outer loop
      vertex 47.0499 6.6988 0.136933
      vertex 51.1935 6.67133 3.66329
      vertex 47.05 6.69955 0.138238
    endloop
  endfacet
  facet normal -0.412018 -0.775672 0.478094
    outer loop
      vertex 47.0498 6.69805 0.13563
      vertex 51.1935 6.67133 3.66329
      vertex 47.0499 6.6988 0.136933
    endloop
  endfacet
  facet normal -0.410152 -0.778016 0.475885
    outer loop
      vertex 47.0497 6.69731 0.134334
      vertex 51.1935 6.67133 3.66329
      vertex 47.0498 6.69805 0.13563
    endloop
  endfacet
  facet normal -0.423051 -0.761443 0.491153
    outer loop
      vertex 47.0495 6.69658 0.13303
      vertex 51.1935 6.67133 3.66329
      vertex 47.0497 6.69731 0.134334
    endloop
  endfacet
  facet normal -0.403239 -0.786536 0.467717
    outer loop
      vertex 47.0494 6.69586 0.131733
      vertex 51.1935 6.67133 3.66329
      vertex 47.0495 6.69658 0.13303
    endloop
  endfacet
  facet normal -0.421444 -0.763563 0.48924
    outer loop
      vertex 47.0492 6.69514 0.130437
      vertex 51.1935 6.67133 3.66329
      vertex 47.0494 6.69586 0.131733
    endloop
  endfacet
  facet normal -0.418058 -0.767966 0.485237
    outer loop
      vertex 47.049 6.69443 0.129141
      vertex 51.1935 6.67133 3.66329
      vertex 47.0492 6.69514 0.130437
    endloop
  endfacet
  facet normal -0.417842 -0.768245 0.484982
    outer loop
      vertex 47.0488 6.69372 0.127844
      vertex 51.1935 6.67133 3.66329
      vertex 47.049 6.69443 0.129141
    endloop
  endfacet
  facet normal -0.414609 -0.772385 0.481166
    outer loop
      vertex 47.0486 6.69302 0.126548
      vertex 51.1935 6.67133 3.66329
      vertex 47.0488 6.69372 0.127844
    endloop
  endfacet
  facet normal -0.412406 -0.775174 0.478567
    outer loop
      vertex 47.0484 6.69233 0.125258
      vertex 51.1935 6.67133 3.66329
      vertex 47.0486 6.69302 0.126548
    endloop
  endfacet
  facet normal -0.409275 -0.779094 0.474875
    outer loop
      vertex 47.0482 6.69165 0.12397
      vertex 51.1935 6.67133 3.66329
      vertex 47.0484 6.69233 0.125258
    endloop
  endfacet
  facet normal -0.409055 -0.779367 0.474616
    outer loop
      vertex 47.048 6.69097 0.122681
      vertex 51.1935 6.67133 3.66329
      vertex 47.0482 6.69165 0.12397
    endloop
  endfacet
  facet normal -0.423001 -0.761542 0.491044
    outer loop
      vertex 47.0477 6.69031 0.121399
      vertex 51.1935 6.67133 3.66329
      vertex 47.048 6.69097 0.122681
    endloop
  endfacet
  facet normal -0.403482 -0.786204 0.468065
    outer loop
      vertex 47.0475 6.68965 0.120118
      vertex 51.1935 6.67133 3.66329
      vertex 47.0477 6.69031 0.121399
    endloop
  endfacet
  facet normal -0.423011 -0.761537 0.491043
    outer loop
      vertex 47.0472 6.68899 0.118836
      vertex 51.1935 6.67133 3.66329
      vertex 47.0475 6.68965 0.120118
    endloop
  endfacet
  facet normal -0.415769 -0.770912 0.482525
    outer loop
      vertex 47.0469 6.68835 0.117555
      vertex 51.1935 6.67133 3.66329
      vertex 47.0472 6.68899 0.118836
    endloop
  endfacet
  facet normal -0.417444 -0.768769 0.484494
    outer loop
      vertex 47.0466 6.68771 0.116281
      vertex 51.1935 6.67133 3.66329
      vertex 47.0469 6.68835 0.117555
    endloop
  endfacet
  facet normal -0.413358 -0.77397 0.479693
    outer loop
      vertex 47.0463 6.68708 0.115006
      vertex 51.1935 6.67133 3.66329
      vertex 47.0466 6.68771 0.116281
    endloop
  endfacet
  facet normal -0.413599 -0.773666 0.479976
    outer loop
      vertex 47.046 6.68645 0.113732
      vertex 51.1935 6.67133 3.66329
      vertex 47.0463 6.68708 0.115006
    endloop
  endfacet
  facet normal -0.407624 -0.781121 0.472963
    outer loop
      vertex 47.0457 6.68584 0.112466
      vertex 51.1935 6.67133 3.66329
      vertex 47.046 6.68645 0.113732
    endloop
  endfacet
  facet normal -0.407379 -0.781421 0.472676
    outer loop
      vertex 47.0454 6.68523 0.111199
      vertex 51.1935 6.67133 3.66329
      vertex 47.0457 6.68584 0.112466
    endloop
  endfacet
  facet normal -0.427531 -0.755576 0.49631
    outer loop
      vertex 47.045 6.68463 0.109941
      vertex 51.1935 6.67133 3.66329
      vertex 47.0454 6.68523 0.111199
    endloop
  endfacet
  facet normal -0.400863 -0.789327 0.465049
    outer loop
      vertex 47.0447 6.68404 0.108681
      vertex 51.1935 6.67133 3.66329
      vertex 47.045 6.68463 0.109941
    endloop
  endfacet
  facet normal -0.425338 -0.758501 0.493725
    outer loop
      vertex 47.0443 6.68345 0.10743
      vertex 51.1935 6.67133 3.66329
      vertex 47.0447 6.68404 0.108681
    endloop
  endfacet
  facet normal -0.419043 -0.766724 0.486352
    outer loop
      vertex 47.0439 6.68287 0.106171
      vertex 51.1935 6.67133 3.66329
      vertex 47.0443 6.68345 0.10743
    endloop
  endfacet
  facet normal -0.391643 -0.800153 0.45428
    outer loop
      vertex 47.0436 6.68231 0.104926
      vertex 51.1935 6.67133 3.66329
      vertex 47.0439 6.68287 0.106171
    endloop
  endfacet
  facet normal -0.416682 -0.76976 0.483575
    outer loop
      vertex 47.0432 6.68174 0.103674
      vertex 51.1935 6.67133 3.66329
      vertex 47.0436 6.68231 0.104926
    endloop
  endfacet
  facet normal -0.436953 -0.742786 0.507288
    outer loop
      vertex 47.0427 6.68119 0.102438
      vertex 51.1935 6.67133 3.66329
      vertex 47.0432 6.68174 0.103674
    endloop
  endfacet
  facet normal -0.409801 -0.778412 0.47554
    outer loop
      vertex 47.0423 6.68064 0.101193
      vertex 51.1935 6.67133 3.66329
      vertex 47.0427 6.68119 0.102438
    endloop
  endfacet
  facet normal -0.405112 -0.784174 0.47006
    outer loop
      vertex 47.0419 6.68011 0.0999641
      vertex 51.1935 6.67133 3.66329
      vertex 47.0423 6.68064 0.101193
    endloop
  endfacet
  facet normal -0.402882 -0.786874 0.467456
    outer loop
      vertex 47.0415 6.67958 0.0987272
      vertex 51.1935 6.67133 3.66329
      vertex 47.0419 6.68011 0.0999641
    endloop
  endfacet
  facet normal -0.427829 -0.755224 0.496587
    outer loop
      vertex 47.041 6.67906 0.0975056
      vertex 51.1935 6.67133 3.66329
      vertex 47.0415 6.67958 0.0987272
    endloop
  endfacet
  facet normal -0.425477 -0.758347 0.493841
    outer loop
      vertex 47.0405 6.67854 0.0962763
      vertex 51.1935 6.67133 3.66329
      vertex 47.041 6.67906 0.0975056
    endloop
  endfacet
  facet normal -0.394559 -0.796726 0.457767
    outer loop
      vertex 47.0401 6.67804 0.0950613
      vertex 51.1935 6.67133 3.66329
      vertex 47.0405 6.67854 0.0962763
    endloop
  endfacet
  facet normal -0.41569 -0.771026 0.482412
    outer loop
      vertex 47.0396 6.67755 0.0938473
      vertex 51.1935 6.67133 3.66329
      vertex 47.0401 6.67804 0.0950613
    endloop
  endfacet
  facet normal -0.415377 -0.771423 0.482046
    outer loop
      vertex 47.0391 6.67706 0.0926323
      vertex 51.1935 6.67133 3.66329
      vertex 47.0396 6.67755 0.0938473
    endloop
  endfacet
  facet normal -0.413015 -0.7744 0.479294
    outer loop
      vertex 47.0386 6.67658 0.0914259
      vertex 51.1935 6.67133 3.66329
      vertex 47.0391 6.67706 0.0926323
    endloop
  endfacet
  facet normal -0.40996 -0.778209 0.475734
    outer loop
      vertex 47.0381 6.67611 0.0902262
      vertex 51.1935 6.67133 3.66329
      vertex 47.0386 6.67658 0.0914259
    endloop
  endfacet
  facet normal -0.433759 -0.747254 0.503453
    outer loop
      vertex 47.0375 6.67565 0.0890265
      vertex 51.1935 6.67133 3.66329
      vertex 47.0381 6.67611 0.0902262
    endloop
  endfacet
  facet normal -0.407086 -0.781743 0.472397
    outer loop
      vertex 47.037 6.67519 0.0878344
      vertex 51.1935 6.67133 3.66329
      vertex 47.0375 6.67565 0.0890265
    endloop
  endfacet
  facet normal -0.398531 -0.792036 0.462441
    outer loop
      vertex 47.0365 6.67475 0.0866499
      vertex 51.1935 6.67133 3.66329
      vertex 47.037 6.67519 0.0878344
    endloop
  endfacet
  facet normal -0.428471 -0.754408 0.497275
    outer loop
      vertex 47.0359 6.67431 0.0854654
      vertex 51.1935 6.67133 3.66329
      vertex 47.0365 6.67475 0.0866499
    endloop
  endfacet
  facet normal -0.425327 -0.758576 0.493619
    outer loop
      vertex 47.0353 6.67388 0.0842876
      vertex 51.1935 6.67133 3.66329
      vertex 47.0359 6.67431 0.0854654
    endloop
  endfacet
  facet normal -0.419937 -0.7656 0.48735
    outer loop
      vertex 47.0347 6.67346 0.0831108
      vertex 51.1935 6.67133 3.66329
      vertex 47.0353 6.67388 0.0842876
    endloop
  endfacet
  facet normal -0.385665 -0.806841 0.447515
    outer loop
      vertex 47.0342 6.67305 0.0819407
      vertex 51.1935 6.67133 3.66329
      vertex 47.0347 6.67346 0.0831108
    endloop
  endfacet
  facet normal -0.413671 -0.773578 0.480056
    outer loop
      vertex 47.0336 6.67265 0.0807791
      vertex 51.1935 6.67133 3.66329
      vertex 47.0342 6.67305 0.0819407
    endloop
  endfacet
  facet normal -0.409989 -0.778166 0.47578
    outer loop
      vertex 47.033 6.67226 0.0796242
      vertex 51.1935 6.67133 3.66329
      vertex 47.0336 6.67265 0.0807791
    endloop
  endfacet
  facet normal -0.445331 -0.731146 0.516823
    outer loop
      vertex 47.0323 6.67187 0.0784693
      vertex 51.1935 6.67133 3.66329
      vertex 47.033 6.67226 0.0796242
    endloop
  endfacet
  facet normal -0.406501 -0.782443 0.471741
    outer loop
      vertex 47.0317 6.67149 0.077322
      vertex 51.1935 6.67133 3.66329
      vertex 47.0323 6.67187 0.0784693
    endloop
  endfacet
  facet normal -0.409792 -0.778403 0.475561
    outer loop
      vertex 51.1935 6.67133 3.66329
      vertex 47.0317 6.67149 0.077322
      vertex 47.0314 6.67133 0.0768016
    endloop
  endfacet
  facet normal 0.757609 0.000394987 0.652709
    outer loop
      vertex 51.4757 6.4403 3.33587
      vertex 51.417 6.52952 3.40395
      vertex 51.212 6.65618 3.64182
    endloop
  endfacet
  facet normal 0.757702 0.000538614 0.652601
    outer loop
      vertex 51.417 6.52952 3.40395
      vertex 51.4757 6.4403 3.33587
      vertex 51.7818 6.29804 2.98059
    endloop
  endfacet
  facet normal -0.368311 -0.858009 0.358005
    outer loop
      vertex 46.9304 6.4403 -0.580802
      vertex 47.0314 6.67133 0.0768016
      vertex 47.0311 6.6712 0.0761814
    endloop
  endfacet
  facet normal -0.268392 -0.895208 0.355763
    outer loop
      vertex 46.9304 6.4403 -0.580802
      vertex 47.0311 6.6712 0.0761814
      vertex 47.0304 6.67096 0.0750494
    endloop
  endfacet
  facet normal -0.34255 -0.868718 0.357754
    outer loop
      vertex 46.9304 6.4403 -0.580802
      vertex 47.0304 6.67096 0.0750494
      vertex 47.0298 6.67073 0.0739164
    endloop
  endfacet
  facet normal -0.294313 -0.886634 0.356736
    outer loop
      vertex 46.9304 6.4403 -0.580802
      vertex 47.0298 6.67073 0.0739164
      vertex 47.0291 6.67051 0.0727921
    endloop
  endfacet
  facet normal -0.305308 -0.882785 0.357041
    outer loop
      vertex 46.9304 6.4403 -0.580802
      vertex 47.0291 6.67051 0.0727921
      vertex 47.0284 6.6703 0.0716743
    endloop
  endfacet
  facet normal -0.300645 -0.884432 0.356921
    outer loop
      vertex 46.9304 6.4403 -0.580802
      vertex 47.0284 6.6703 0.0716743
      vertex 47.0277 6.67009 0.0705643
    endloop
  endfacet
  facet normal -0.300705 -0.884411 0.356923
    outer loop
      vertex 46.9304 6.4403 -0.580802
      vertex 47.0277 6.67009 0.0705643
      vertex 47.027 6.66988 0.0694542
    endloop
  endfacet
  facet normal -0.311396 -0.880605 0.357167
    outer loop
      vertex 46.9304 6.4403 -0.580802
      vertex 47.027 6.66988 0.0694542
      vertex 47.0263 6.66968 0.0683508
    endloop
  endfacet
  facet normal -0.320789 -0.877157 0.357337
    outer loop
      vertex 46.9304 6.4403 -0.580802
      vertex 47.0263 6.66968 0.0683508
      vertex 47.0256 6.66949 0.067256
    endloop
  endfacet
  facet normal -0.316936 -0.878582 0.357274
    outer loop
      vertex 46.9304 6.4403 -0.580802
      vertex 47.0256 6.66949 0.067256
      vertex 47.0249 6.6693 0.0661678
    endloop
  endfacet
  facet normal -0.280419 -0.89125 0.356424
    outer loop
      vertex 46.9304 6.4403 -0.580802
      vertex 47.0249 6.6693 0.0661678
      vertex 47.0241 6.66912 0.0650883
    endloop
  endfacet
  facet normal -0.33628 -0.871287 0.357456
    outer loop
      vertex 46.9304 6.4403 -0.580802
      vertex 47.0241 6.66912 0.0650883
      vertex 47.0234 6.66895 0.0640154
    endloop
  endfacet
  facet normal -0.286331 -0.889285 0.356634
    outer loop
      vertex 46.9304 6.4403 -0.580802
      vertex 47.0234 6.66895 0.0640154
      vertex 47.0226 6.66878 0.0629492
    endloop
  endfacet
  facet normal -0.331863 -0.87301 0.357379
    outer loop
      vertex 46.9304 6.4403 -0.580802
      vertex 47.0226 6.66878 0.0629492
      vertex 47.0219 6.66861 0.0618839
    endloop
  endfacet
  facet normal -0.29446 -0.886536 0.356859
    outer loop
      vertex 46.9304 6.4403 -0.580802
      vertex 47.0219 6.66861 0.0618839
      vertex 47.0211 6.66845 0.0608263
    endloop
  endfacet
  facet normal -0.299625 -0.884763 0.356958
    outer loop
      vertex 46.9304 6.4403 -0.580802
      vertex 47.0211 6.66845 0.0608263
      vertex 47.0203 6.6683 0.059783
    endloop
  endfacet
  facet normal -0.311662 -0.880522 0.357138
    outer loop
      vertex 46.9304 6.4403 -0.580802
      vertex 47.0203 6.6683 0.059783
      vertex 47.0195 6.66816 0.0587397
    endloop
  endfacet
  facet normal -0.307981 -0.881835 0.357093
    outer loop
      vertex 46.9304 6.4403 -0.580802
      vertex 47.0195 6.66816 0.0587397
      vertex 47.0187 6.66802 0.057704
    endloop
  endfacet
  facet normal -0.304301 -0.88313 0.357046
    outer loop
      vertex 46.9304 6.4403 -0.580802
      vertex 47.0187 6.66802 0.057704
      vertex 47.0179 6.66788 0.0566759
    endloop
  endfacet
  facet normal -0.324237 -0.875938 0.357215
    outer loop
      vertex 46.9304 6.4403 -0.580802
      vertex 47.0179 6.66788 0.0566759
      vertex 47.0171 6.66776 0.0556555
    endloop
  endfacet
  facet normal -0.30934 -0.881348 0.357119
    outer loop
      vertex 46.9304 6.4403 -0.580802
      vertex 47.0171 6.66776 0.0556555
      vertex 47.0163 6.66763 0.0546417
    endloop
  endfacet
  facet normal -0.290028 -0.887986 0.356883
    outer loop
      vertex 46.9304 6.4403 -0.580802
      vertex 47.0163 6.66763 0.0546417
      vertex 47.0154 6.66752 0.0536366
    endloop
  endfacet
  facet normal -0.325396 -0.87553 0.357161
    outer loop
      vertex 46.9304 6.4403 -0.580802
      vertex 47.0154 6.66752 0.0536366
      vertex 47.0146 6.66741 0.0526381
    endloop
  endfacet
  facet normal -0.294537 -0.886462 0.356978
    outer loop
      vertex 46.9304 6.4403 -0.580802
      vertex 47.0146 6.66741 0.0526381
      vertex 47.0137 6.66731 0.0516472
    endloop
  endfacet
  facet normal -0.329696 -0.873939 0.357114
    outer loop
      vertex 46.9304 6.4403 -0.580802
      vertex 47.0137 6.66731 0.0516472
      vertex 47.0129 6.66721 0.0506639
    endloop
  endfacet
  facet normal -0.298907 -0.884967 0.357054
    outer loop
      vertex 46.9304 6.4403 -0.580802
      vertex 47.0129 6.66721 0.0506639
      vertex 47.012 6.66712 0.0496874
    endloop
  endfacet
  facet normal -0.29576 -0.886033 0.357031
    outer loop
      vertex 46.9304 6.4403 -0.580802
      vertex 47.012 6.66712 0.0496874
      vertex 47.0111 6.66703 0.0487185
    endloop
  endfacet
  facet normal -0.302476 -0.883748 0.357069
    outer loop
      vertex 46.9304 6.4403 -0.580802
      vertex 47.0111 6.66703 0.0487185
      vertex 47.0102 6.66695 0.0477581
    endloop
  endfacet
  facet normal -0.30985 -0.881185 0.35708
    outer loop
      vertex 46.9304 6.4403 -0.580802
      vertex 47.0102 6.66695 0.0477581
      vertex 47.0093 6.66688 0.0468044
    endloop
  endfacet
  facet normal -0.307119 -0.88214 0.357082
    outer loop
      vertex 46.9304 6.4403 -0.580802
      vertex 47.0093 6.66688 0.0468044
      vertex 47.0084 6.66681 0.0458574
    endloop
  endfacet
  facet normal -0.313644 -0.879848 0.357066
    outer loop
      vertex 46.9304 6.4403 -0.580802
      vertex 47.0084 6.66681 0.0458574
      vertex 47.0075 6.66675 0.044919
    endloop
  endfacet
  facet normal -0.31057 -0.880932 0.357079
    outer loop
      vertex 46.9304 6.4403 -0.580802
      vertex 47.0075 6.66675 0.044919
      vertex 47.0066 6.66669 0.0439882
    endloop
  endfacet
  facet normal -0.324584 -0.87591 0.356969
    outer loop
      vertex 46.9304 6.4403 -0.580802
      vertex 47.0066 6.66669 0.0439882
      vertex 47.0057 6.66665 0.0430717
    endloop
  endfacet
  facet normal -0.28275 -0.890236 0.357117
    outer loop
      vertex 46.9304 6.4403 -0.580802
      vertex 47.0057 6.66665 0.0430717
      vertex 47.0047 6.6666 0.0421553
    endloop
  endfacet
  facet normal -0.318831 -0.878016 0.356981
    outer loop
      vertex 46.9304 6.4403 -0.580802
      vertex 47.0047 6.6666 0.0421553
      vertex 47.0038 6.66656 0.0412531
    endloop
  endfacet
  facet normal -0.295287 -0.88614 0.357158
    outer loop
      vertex 46.9304 6.4403 -0.580802
      vertex 47.0038 6.66656 0.0412531
      vertex 47.0028 6.66653 0.0403519
    endloop
  endfacet
  facet normal -0.332134 -0.873173 0.35673
    outer loop
      vertex 46.9304 6.4403 -0.580802
      vertex 47.0028 6.66653 0.0403519
      vertex 47.0019 6.66651 0.039465
    endloop
  endfacet
  facet normal -0.29637 -0.885762 0.357199
    outer loop
      vertex 46.9304 6.4403 -0.580802
      vertex 47.0019 6.66651 0.039465
      vertex 47.0009 6.66649 0.0385857
    endloop
  endfacet
  facet normal -0.302488 -0.883712 0.357147
    outer loop
      vertex 46.9304 6.4403 -0.580802
      vertex 47.0009 6.66649 0.0385857
      vertex 46.9999 6.66648 0.037714
    endloop
  endfacet
  facet normal -0.33266 -0.873015 0.356625
    outer loop
      vertex 46.9304 6.4403 -0.580802
      vertex 46.9999 6.66648 0.037714
      vertex 46.999 6.66647 0.03685
    endloop
  endfacet
  facet normal -0.3077 -0.881934 0.35709
    outer loop
      vertex 46.9304 6.4403 -0.580802
      vertex 46.9535 6.67133 0.00969561
      vertex 46.6482 6.67133 -0.253377
    endloop
  endfacet
  facet normal -0.291156 -0.886995 0.358424
    outer loop
      vertex 46.9535 6.67133 0.00969561
      vertex 46.9304 6.4403 -0.580802
      vertex 46.9544 6.67116 0.010006
    endloop
  endfacet
  facet normal -0.310652 -0.880988 0.356868
    outer loop
      vertex 46.9544 6.67116 0.010006
      vertex 46.9304 6.4403 -0.580802
      vertex 46.9556 6.67093 0.0104828
    endloop
  endfacet
  facet normal -0.306021 -0.882456 0.357243
    outer loop
      vertex 46.9556 6.67093 0.0104828
      vertex 46.9304 6.4403 -0.580802
      vertex 46.9568 6.67071 0.0109673
    endloop
  endfacet
  facet normal -0.316598 -0.879062 0.356394
    outer loop
      vertex 46.9568 6.67071 0.0109673
      vertex 46.9304 6.4403 -0.580802
      vertex 46.958 6.67048 0.011466
    endloop
  endfacet
  facet normal -0.305247 -0.882708 0.357282
    outer loop
      vertex 46.958 6.67048 0.011466
      vertex 46.9304 6.4403 -0.580802
      vertex 46.9592 6.67027 0.0119724
    endloop
  endfacet
  facet normal -0.307355 -0.88204 0.357125
    outer loop
      vertex 46.9592 6.67027 0.0119724
      vertex 46.9304 6.4403 -0.580802
      vertex 46.9604 6.67006 0.0124865
    endloop
  endfacet
  facet normal -0.304722 -0.882876 0.357316
    outer loop
      vertex 46.9604 6.67006 0.0124865
      vertex 46.9304 6.4403 -0.580802
      vertex 46.9616 6.66986 0.0130157
    endloop
  endfacet
  facet normal -0.306589 -0.882282 0.357184
    outer loop
      vertex 46.9616 6.66986 0.0130157
      vertex 46.9304 6.4403 -0.580802
      vertex 46.9628 6.66966 0.0135517
    endloop
  endfacet
  facet normal -0.30425 -0.883027 0.357344
    outer loop
      vertex 46.9628 6.66966 0.0135517
      vertex 46.9304 6.4403 -0.580802
      vertex 46.964 6.66947 0.0141039
    endloop
  endfacet
  facet normal -0.306068 -0.882448 0.357224
    outer loop
      vertex 46.964 6.66947 0.0141039
      vertex 46.9304 6.4403 -0.580802
      vertex 46.9652 6.66928 0.0146627
    endloop
  endfacet
  facet normal -0.326265 -0.87575 0.355828
    outer loop
      vertex 46.9652 6.66928 0.0146627
      vertex 46.9304 6.4403 -0.580802
      vertex 46.9663 6.6691 0.0152283
    endloop
  endfacet
  facet normal -0.305557 -0.882626 0.357221
    outer loop
      vertex 46.9663 6.6691 0.0152283
      vertex 46.9304 6.4403 -0.580802
      vertex 46.9675 6.66892 0.01581
    endloop
  endfacet
  facet normal -0.300568 -0.884216 0.35752
    outer loop
      vertex 46.9675 6.66892 0.01581
      vertex 46.9304 6.4403 -0.580802
      vertex 46.9687 6.66875 0.0163984
    endloop
  endfacet
  facet normal -0.322993 -0.876837 0.356135
    outer loop
      vertex 46.9687 6.66875 0.0163984
      vertex 46.9304 6.4403 -0.580802
      vertex 46.9698 6.66859 0.0170021
    endloop
  endfacet
  facet normal -0.292879 -0.886642 0.357895
    outer loop
      vertex 46.9698 6.66859 0.0170021
      vertex 46.9304 6.4403 -0.580802
      vertex 46.971 6.66844 0.0176125
    endloop
  endfacet
  facet normal -0.302163 -0.883717 0.35741
    outer loop
      vertex 46.971 6.66844 0.0176125
      vertex 46.9304 6.4403 -0.580802
      vertex 46.9722 6.66828 0.0182314
    endloop
  endfacet
  facet normal -0.314819 -0.87957 0.356714
    outer loop
      vertex 46.9722 6.66828 0.0182314
      vertex 46.9304 6.4403 -0.580802
      vertex 46.9733 6.66814 0.018857
    endloop
  endfacet
  facet normal -0.319429 -0.878013 0.356453
    outer loop
      vertex 46.9733 6.66814 0.018857
      vertex 46.9304 6.4403 -0.580802
      vertex 46.9744 6.668 0.0194979
    endloop
  endfacet
  facet normal -0.291466 -0.887122 0.357858
    outer loop
      vertex 46.9744 6.668 0.0194979
      vertex 46.9304 6.4403 -0.580802
      vertex 46.9756 6.66787 0.020153
    endloop
  endfacet
  facet normal -0.316635 -0.878943 0.356654
    outer loop
      vertex 46.9756 6.66787 0.020153
      vertex 46.9304 6.4403 -0.580802
      vertex 46.9767 6.66774 0.0208092
    endloop
  endfacet
  facet normal -0.313464 -0.880014 0.356815
    outer loop
      vertex 46.9767 6.66774 0.0208092
      vertex 46.9304 6.4403 -0.580802
      vertex 46.9778 6.66762 0.0214796
    endloop
  endfacet
  facet normal -0.290919 -0.887325 0.3578
    outer loop
      vertex 46.9778 6.66762 0.0214796
      vertex 46.9304 6.4403 -0.580802
      vertex 46.979 6.6675 0.0221577
    endloop
  endfacet
  facet normal -0.305082 -0.882786 0.357231
    outer loop
      vertex 46.979 6.6675 0.0221577
      vertex 46.9304 6.4403 -0.580802
      vertex 46.9801 6.6674 0.02285
    endloop
  endfacet
  facet normal -0.312986 -0.880152 0.356891
    outer loop
      vertex 46.9801 6.6674 0.02285
      vertex 46.9304 6.4403 -0.580802
      vertex 46.9812 6.66729 0.0235434
    endloop
  endfacet
  facet normal -0.309778 -0.881232 0.357027
    outer loop
      vertex 46.9812 6.66729 0.0235434
      vertex 46.9304 6.4403 -0.580802
      vertex 46.9823 6.66719 0.024251
    endloop
  endfacet
  facet normal -0.299236 -0.884706 0.357425
    outer loop
      vertex 46.9823 6.66719 0.024251
      vertex 46.9304 6.4403 -0.580802
      vertex 46.9834 6.66711 0.0249739
    endloop
  endfacet
  facet normal -0.335776 -0.872115 0.355908
    outer loop
      vertex 46.9834 6.66711 0.0249739
      vertex 46.9304 6.4403 -0.580802
      vertex 46.9844 6.66702 0.0256968
    endloop
  endfacet
  facet normal -0.303612 -0.883295 0.357224
    outer loop
      vertex 46.9844 6.66702 0.0256968
      vertex 46.9304 6.4403 -0.580802
      vertex 46.9855 6.66694 0.0264339
    endloop
  endfacet
  facet normal -0.300708 -0.884251 0.357317
    outer loop
      vertex 46.9855 6.66694 0.0264339
      vertex 46.9304 6.4403 -0.580802
      vertex 46.9866 6.66687 0.0271864
    endloop
  endfacet
  facet normal -0.300677 -0.884261 0.357318
    outer loop
      vertex 46.9866 6.66687 0.0271864
      vertex 46.9304 6.4403 -0.580802
      vertex 46.9877 6.6668 0.0279388
    endloop
  endfacet
  facet normal -0.326224 -0.875506 0.356465
    outer loop
      vertex 46.9877 6.6668 0.0279388
      vertex 46.9304 6.4403 -0.580802
      vertex 46.9887 6.66674 0.0287066
    endloop
  endfacet
  facet normal -0.292283 -0.887002 0.357489
    outer loop
      vertex 46.9887 6.66674 0.0287066
      vertex 46.9304 6.4403 -0.580802
      vertex 46.9898 6.66669 0.0294819
    endloop
  endfacet
  facet normal -0.32273 -0.876728 0.356642
    outer loop
      vertex 46.9898 6.66669 0.0294819
      vertex 46.9304 6.4403 -0.580802
      vertex 46.9908 6.66664 0.0302639
    endloop
  endfacet
  facet normal -0.288921 -0.888094 0.35751
    outer loop
      vertex 46.9908 6.66664 0.0302639
      vertex 46.9304 6.4403 -0.580802
      vertex 46.9919 6.6666 0.0310535
    endloop
  endfacet
  facet normal -0.317963 -0.878388 0.356839
    outer loop
      vertex 46.9919 6.6666 0.0310535
      vertex 46.9304 6.4403 -0.580802
      vertex 46.9939 6.66653 0.0326633
    endloop
  endfacet
  facet normal -0.282464 -0.890169 0.357509
    outer loop
      vertex 46.9939 6.66653 0.0326633
      vertex 46.9304 6.4403 -0.580802
      vertex 46.995 6.66651 0.0334826
    endloop
  endfacet
  facet normal -0.307714 -0.881925 0.3571
    outer loop
      vertex 47.0314 6.67133 0.0768016
      vertex 46.9304 6.4403 -0.580802
      vertex 51.1935 6.67133 3.66329
    endloop
  endfacet
  facet normal -0.305856 -0.882554 0.357141
    outer loop
      vertex 46.998 6.66647 0.0359936
      vertex 46.9304 6.4403 -0.580802
      vertex 46.999 6.66647 0.03685
    endloop
  endfacet
  facet normal -0.309513 -0.881302 0.357083
    outer loop
      vertex 46.997 6.66648 0.0351515
      vertex 46.9304 6.4403 -0.580802
      vertex 46.998 6.66647 0.0359936
    endloop
  endfacet
  facet normal -0.306847 -0.882215 0.35713
    outer loop
      vertex 46.996 6.66649 0.034317
      vertex 46.9304 6.4403 -0.580802
      vertex 46.997 6.66648 0.0351515
    endloop
  endfacet
  facet normal -0.315429 -0.879253 0.356956
    outer loop
      vertex 46.995 6.66651 0.0334826
      vertex 46.9304 6.4403 -0.580802
      vertex 46.996 6.66649 0.034317
    endloop
  endfacet
  facet normal 0.758093 0.000309397 0.652146
    outer loop
      vertex 50.5925 7.79329 4.36082
      vertex 50.6472 7.71627 4.29727
      vertex 50.4996 8.26227 4.46859
    endloop
  endfacet
  facet normal 0.758233 0.000543058 0.651983
    outer loop
      vertex 50.6472 7.71627 4.29727
      vertex 50.5925 7.79329 4.36082
      vertex 50.6653 7.58462 4.27633
    endloop
  endfacet
  facet normal 0.0639335 0.995192 -0.0741949
    outer loop
      vertex 52.4186 11.202 2.24164
      vertex 47.5549 11.25 -1.30556
      vertex 52.1002 11.25 2.61111
    endloop
  endfacet
  facet normal 0.0639335 0.995192 -0.0741949
    outer loop
      vertex 47.5549 11.25 -1.30556
      vertex 52.4186 11.202 2.24164
      vertex 47.8733 11.202 -1.67503
    endloop
  endfacet
  facet normal 0.189544 0.956916 -0.219966
    outer loop
      vertex 52.7247 11.0597 1.88636
      vertex 47.8733 11.202 -1.67503
      vertex 52.4186 11.202 2.24164
    endloop
  endfacet
  facet normal 0.757157 0.000531655 0.653233
    outer loop
      vertex 50.9462 10.5178 3.95028
      vertex 50.8119 10.2671 4.10615
      vertex 51.1741 10.8042 3.68589
    endloop
  endfacet
  facet normal -0.307683 0.881951 0.357064
    outer loop
      vertex 46.9304 11.0597 -0.580802
      vertex 47.0314 10.8287 0.0768016
      vertex 51.1935 10.8287 3.66329
    endloop
  endfacet
  facet normal -0.466193 0.809857 0.356084
    outer loop
      vertex 47.0314 10.8287 0.0768016
      vertex 46.9304 11.0597 -0.580802
      vertex 47.0311 10.8288 0.0761814
    endloop
  endfacet
  facet normal -0.328507 0.874192 0.357591
    outer loop
      vertex 47.0311 10.8288 0.0761814
      vertex 46.9304 11.0597 -0.580802
      vertex 47.0304 10.829 0.0750494
    endloop
  endfacet
  facet normal -0.21029 0.911768 0.352784
    outer loop
      vertex 47.0304 10.829 0.0750494
      vertex 46.9304 11.0597 -0.580802
      vertex 47.0298 10.8293 0.0739164
    endloop
  endfacet
  facet normal -0.323801 0.87601 0.357434
    outer loop
      vertex 47.0298 10.8293 0.0739164
      vertex 46.9304 11.0597 -0.580802
      vertex 47.0291 10.8295 0.0727921
    endloop
  endfacet
  facet normal -0.319954 0.877452 0.357361
    outer loop
      vertex 47.0291 10.8295 0.0727921
      vertex 46.9304 11.0597 -0.580802
      vertex 47.0284 10.8297 0.0716743
    endloop
  endfacet
  facet normal -0.315339 0.879159 0.357269
    outer loop
      vertex 47.0284 10.8297 0.0716743
      vertex 46.9304 11.0597 -0.580802
      vertex 47.0277 10.8299 0.0705643
    endloop
  endfacet
  facet normal -0.315398 0.879137 0.35727
    outer loop
      vertex 47.0277 10.8299 0.0705643
      vertex 46.9304 11.0597 -0.580802
      vertex 47.027 10.8301 0.0694542
    endloop
  endfacet
  facet normal -0.311442 0.880578 0.357192
    outer loop
      vertex 47.027 10.8301 0.0694542
      vertex 46.9304 11.0597 -0.580802
      vertex 47.0263 10.8303 0.0683508
    endloop
  endfacet
  facet normal -0.306368 0.882399 0.357086
    outer loop
      vertex 47.0263 10.8303 0.0683508
      vertex 46.9304 11.0597 -0.580802
      vertex 47.0256 10.8305 0.067256
    endloop
  endfacet
  facet normal -0.302475 0.883776 0.357
    outer loop
      vertex 47.0256 10.8305 0.067256
      vertex 46.9304 11.0597 -0.580802
      vertex 47.0249 10.8307 0.0661678
    endloop
  endfacet
  facet normal -0.25493 0.899229 0.355526
    outer loop
      vertex 47.0249 10.8307 0.0661678
      vertex 46.9304 11.0597 -0.580802
      vertex 47.0241 10.8309 0.0650883
    endloop
  endfacet
  facet normal -0.293385 0.886936 0.35675
    outer loop
      vertex 47.0241 10.8309 0.0650883
      vertex 46.9304 11.0597 -0.580802
      vertex 47.0234 10.8311 0.0640154
    endloop
  endfacet
  facet normal -0.369063 0.857944 0.357386
    outer loop
      vertex 47.0234 10.8311 0.0640154
      vertex 46.9304 11.0597 -0.580802
      vertex 47.0226 10.8312 0.0629492
    endloop
  endfacet
  facet normal -0.289068 0.888362 0.356726
    outer loop
      vertex 47.0226 10.8312 0.0629492
      vertex 46.9304 11.0597 -0.580802
      vertex 47.0219 10.8314 0.0618839
    endloop
  endfacet
  facet normal -0.364957 0.859712 0.357353
    outer loop
      vertex 47.0219 10.8314 0.0618839
      vertex 46.9304 11.0597 -0.580802
      vertex 47.0211 10.8315 0.0608263
    endloop
  endfacet
  facet normal -0.237053 0.904266 0.355119
    outer loop
      vertex 47.0211 10.8315 0.0608263
      vertex 46.9304 11.0597 -0.580802
      vertex 47.0203 10.8317 0.059783
    endloop
  endfacet
  facet normal -0.358116 0.862613 0.357283
    outer loop
      vertex 47.0203 10.8317 0.059783
      vertex 46.9304 11.0597 -0.580802
      vertex 47.0195 10.8318 0.0587397
    endloop
  endfacet
  facet normal -0.233407 0.905224 0.355093
    outer loop
      vertex 47.0195 10.8318 0.0587397
      vertex 46.9304 11.0597 -0.580802
      vertex 47.0187 10.832 0.057704
    endloop
  endfacet
  facet normal -0.350861 0.865619 0.357213
    outer loop
      vertex 47.0187 10.832 0.057704
      vertex 46.9304 11.0597 -0.580802
      vertex 47.0179 10.8321 0.0566759
    endloop
  endfacet
  facet normal -0.347269 0.867058 0.357233
    outer loop
      vertex 47.0179 10.8321 0.0566759
      vertex 46.9304 11.0597 -0.580802
      vertex 47.0171 10.8322 0.0556555
    endloop
  endfacet
  facet normal -0.22275 0.907981 0.354899
    outer loop
      vertex 47.0171 10.8322 0.0556555
      vertex 46.9304 11.0597 -0.580802
      vertex 47.0163 10.8324 0.0546417
    endloop
  endfacet
  facet normal -0.300404 0.884485 0.356992
    outer loop
      vertex 47.0163 10.8324 0.0546417
      vertex 46.9304 11.0597 -0.580802
      vertex 47.0154 10.8325 0.0536366
    endloop
  endfacet
  facet normal -0.336827 0.871214 0.357119
    outer loop
      vertex 47.0154 10.8325 0.0536366
      vertex 46.9304 11.0597 -0.580802
      vertex 47.0146 10.8326 0.0526381
    endloop
  endfacet
  facet normal -0.294523 0.886472 0.356966
    outer loop
      vertex 47.0146 10.8326 0.0526381
      vertex 46.9304 11.0597 -0.580802
      vertex 47.0137 10.8327 0.0516472
    endloop
  endfacet
  facet normal -0.32968 0.87395 0.357102
    outer loop
      vertex 47.0137 10.8327 0.0516472
      vertex 46.9304 11.0597 -0.580802
      vertex 47.0129 10.8328 0.0506639
    endloop
  endfacet
  facet normal -0.288561 0.888442 0.356937
    outer loop
      vertex 47.0129 10.8328 0.0506639
      vertex 46.9304 11.0597 -0.580802
      vertex 47.012 10.8329 0.0496874
    endloop
  endfacet
  facet normal -0.285392 0.889479 0.3569
    outer loop
      vertex 47.012 10.8329 0.0496874
      vertex 46.9304 11.0597 -0.580802
      vertex 47.0111 10.833 0.0487185
    endloop
  endfacet
  facet normal -0.380036 0.853663 0.356135
    outer loop
      vertex 47.0111 10.833 0.0487185
      vertex 46.9304 11.0597 -0.580802
      vertex 47.0102 10.833 0.0477581
    endloop
  endfacet
  facet normal -0.279203 0.891421 0.356952
    outer loop
      vertex 47.0102 10.833 0.0477581
      vertex 46.9304 11.0597 -0.580802
      vertex 47.0093 10.8331 0.0468044
    endloop
  endfacet
  facet normal -0.276414 0.892303 0.356919
    outer loop
      vertex 47.0093 10.8331 0.0468044
      vertex 46.9304 11.0597 -0.580802
      vertex 47.0084 10.8332 0.0458574
    endloop
  endfacet
  facet normal -0.272836 0.89342 0.356878
    outer loop
      vertex 47.0084 10.8332 0.0458574
      vertex 46.9304 11.0597 -0.580802
      vertex 47.0075 10.8333 0.044919
    endloop
  endfacet
  facet normal -0.368301 0.8588 0.356114
    outer loop
      vertex 47.0075 10.8333 0.044919
      vertex 46.9304 11.0597 -0.580802
      vertex 47.0066 10.8333 0.0439882
    endloop
  endfacet
  facet normal -0.263871 0.896102 0.356895
    outer loop
      vertex 47.0066 10.8333 0.0439882
      vertex 46.9304 11.0597 -0.580802
      vertex 47.0057 10.8334 0.0430717
    endloop
  endfacet
  facet normal -0.327042 0.875033 0.356877
    outer loop
      vertex 47.0057 10.8334 0.0430717
      vertex 46.9304 11.0597 -0.580802
      vertex 47.0047 10.8334 0.0421553
    endloop
  endfacet
  facet normal -0.357128 0.863447 0.356257
    outer loop
      vertex 47.0047 10.8334 0.0421553
      vertex 46.9304 11.0597 -0.580802
      vertex 47.0038 10.8334 0.0412531
    endloop
  endfacet
  facet normal -0.230819 0.905303 0.35658
    outer loop
      vertex 47.0038 10.8334 0.0412531
      vertex 46.9304 11.0597 -0.580802
      vertex 47.0028 10.8335 0.0403519
    endloop
  endfacet
  facet normal -0.351071 0.865927 0.356257
    outer loop
      vertex 47.0028 10.8335 0.0403519
      vertex 46.9304 11.0597 -0.580802
      vertex 47.0019 10.8335 0.039465
    endloop
  endfacet
  facet normal -0.313929 0.879764 0.357021
    outer loop
      vertex 47.0019 10.8335 0.039465
      vertex 46.9304 11.0597 -0.580802
      vertex 47.0009 10.8335 0.0385857
    endloop
  endfacet
  facet normal -0.311248 0.880701 0.357058
    outer loop
      vertex 47.0009 10.8335 0.0385857
      vertex 46.9304 11.0597 -0.580802
      vertex 46.9999 10.8335 0.037714
    endloop
  endfacet
  facet normal -0.225514 0.904262 0.362565
    outer loop
      vertex 46.9304 11.0597 -0.580802
      vertex 46.9535 10.8287 0.00969561
      vertex 46.9544 10.8288 0.010006
    endloop
  endfacet
  facet normal -0.356418 0.865228 0.352628
    outer loop
      vertex 46.9304 11.0597 -0.580802
      vertex 46.9544 10.8288 0.010006
      vertex 46.9556 10.8291 0.0104828
    endloop
  endfacet
  facet normal -0.29242 0.886648 0.358254
    outer loop
      vertex 46.9304 11.0597 -0.580802
      vertex 46.9556 10.8291 0.0104828
      vertex 46.9568 10.8293 0.0109673
    endloop
  endfacet
  facet normal -0.296342 0.885461 0.357967
    outer loop
      vertex 46.9304 11.0597 -0.580802
      vertex 46.9568 10.8293 0.0109673
      vertex 46.958 10.8295 0.011466
    endloop
  endfacet
  facet normal -0.298465 0.88481 0.357813
    outer loop
      vertex 46.9304 11.0597 -0.580802
      vertex 46.958 10.8295 0.011466
      vertex 46.9592 10.8297 0.0119724
    endloop
  endfacet
  facet normal -0.300587 0.884153 0.357661
    outer loop
      vertex 46.9304 11.0597 -0.580802
      vertex 46.9592 10.8297 0.0119724
      vertex 46.9604 10.8299 0.0124865
    endloop
  endfacet
  facet normal -0.30474 0.88285 0.357366
    outer loop
      vertex 46.9304 11.0597 -0.580802
      vertex 46.9604 10.8299 0.0124865
      vertex 46.9616 10.8301 0.0130157
    endloop
  endfacet
  facet normal -0.306607 0.882256 0.357234
    outer loop
      vertex 46.9304 11.0597 -0.580802
      vertex 46.9616 10.8301 0.0130157
      vertex 46.9628 10.8303 0.0135517
    endloop
  endfacet
  facet normal -0.311049 0.880825 0.356924
    outer loop
      vertex 46.9304 11.0597 -0.580802
      vertex 46.9628 10.8303 0.0135517
      vertex 46.964 10.8305 0.0141039
    endloop
  endfacet
  facet normal -0.312856 0.880236 0.356799
    outer loop
      vertex 46.9304 11.0597 -0.580802
      vertex 46.964 10.8305 0.0141039
      vertex 46.9652 10.8307 0.0146627
    endloop
  endfacet
  facet normal -0.34071 0.870672 0.354749
    outer loop
      vertex 46.9304 11.0597 -0.580802
      vertex 46.9652 10.8307 0.0146627
      vertex 46.9663 10.8309 0.0152283
    endloop
  endfacet
  facet normal -0.319095 0.878184 0.356331
    outer loop
      vertex 46.9304 11.0597 -0.580802
      vertex 46.9663 10.8309 0.0152283
      vertex 46.9675 10.8311 0.01581
    endloop
  endfacet
  facet normal -0.251346 0.898497 0.359901
    outer loop
      vertex 46.9304 11.0597 -0.580802
      vertex 46.9675 10.8311 0.01581
      vertex 46.9687 10.8312 0.0163984
    endloop
  endfacet
  facet normal -0.351879 0.866484 0.3541
    outer loop
      vertex 46.9304 11.0597 -0.580802
      vertex 46.9687 10.8312 0.0163984
      vertex 46.9698 10.8314 0.0170021
    endloop
  endfacet
  facet normal -0.326941 0.875473 0.355889
    outer loop
      vertex 46.9304 11.0597 -0.580802
      vertex 46.9698 10.8314 0.0170021
      vertex 46.971 10.8316 0.0176125
    endloop
  endfacet
  facet normal -0.259989 0.896284 0.359279
    outer loop
      vertex 46.9304 11.0597 -0.580802
      vertex 46.971 10.8316 0.0176125
      vertex 46.9722 10.8317 0.0182314
    endloop
  endfacet
  facet normal -0.358317 0.863951 0.353834
    outer loop
      vertex 46.9304 11.0597 -0.580802
      vertex 46.9722 10.8317 0.0182314
      vertex 46.9733 10.8319 0.018857
    endloop
  endfacet
  facet normal -0.289267 0.887802 0.357955
    outer loop
      vertex 46.9304 11.0597 -0.580802
      vertex 46.9733 10.8319 0.018857
      vertex 46.9744 10.832 0.0194979
    endloop
  endfacet
  facet normal -0.270281 0.893462 0.35871
    outer loop
      vertex 46.9304 11.0597 -0.580802
      vertex 46.9744 10.832 0.0194979
      vertex 46.9756 10.8321 0.020153
    endloop
  endfacet
  facet normal -0.367278 0.860333 0.353459
    outer loop
      vertex 46.9304 11.0597 -0.580802
      vertex 46.9756 10.8321 0.020153
      vertex 46.9767 10.8323 0.0208092
    endloop
  endfacet
  facet normal -0.298318 0.884996 0.357474
    outer loop
      vertex 46.9304 11.0597 -0.580802
      vertex 46.9767 10.8323 0.0208092
      vertex 46.9778 10.8324 0.0214796
    endloop
  endfacet
  facet normal -0.276766 0.891645 0.358287
    outer loop
      vertex 46.9304 11.0597 -0.580802
      vertex 46.9778 10.8324 0.0214796
      vertex 46.979 10.8325 0.0221577
    endloop
  endfacet
  facet normal -0.305082 0.882786 0.357231
    outer loop
      vertex 46.9304 11.0597 -0.580802
      vertex 46.979 10.8325 0.0221577
      vertex 46.9801 10.8326 0.02285
    endloop
  endfacet
  facet normal -0.30542 0.882675 0.357217
    outer loop
      vertex 46.9304 11.0597 -0.580802
      vertex 46.9801 10.8326 0.02285
      vertex 46.9812 10.8327 0.0235434
    endloop
  endfacet
  facet normal -0.309785 0.881224 0.357039
    outer loop
      vertex 46.9304 11.0597 -0.580802
      vertex 46.9812 10.8327 0.0235434
      vertex 46.9823 10.8328 0.024251
    endloop
  endfacet
  facet normal -0.31448 0.879638 0.356847
    outer loop
      vertex 46.9304 11.0597 -0.580802
      vertex 46.9823 10.8328 0.024251
      vertex 46.9834 10.8329 0.0249739
    endloop
  endfacet
  facet normal -0.343891 0.869121 0.355483
    outer loop
      vertex 46.9304 11.0597 -0.580802
      vertex 46.9834 10.8329 0.0249739
      vertex 46.9844 10.833 0.0256968
    endloop
  endfacet
  facet normal -0.318808 0.878166 0.35663
    outer loop
      vertex 46.9304 11.0597 -0.580802
      vertex 46.9844 10.833 0.0256968
      vertex 46.9855 10.8331 0.0264339
    endloop
  endfacet
  facet normal -0.245175 0.900801 0.358395
    outer loop
      vertex 46.9304 11.0597 -0.580802
      vertex 46.9855 10.8331 0.0264339
      vertex 46.9866 10.8331 0.0271864
    endloop
  endfacet
  facet normal -0.323568 0.87645 0.356566
    outer loop
      vertex 46.9304 11.0597 -0.580802
      vertex 46.9866 10.8331 0.0271864
      vertex 46.9877 10.8332 0.0279388
    endloop
  endfacet
  facet normal -0.358877 0.863249 0.354978
    outer loop
      vertex 46.9304 11.0597 -0.580802
      vertex 46.9877 10.8332 0.0279388
      vertex 46.9887 10.8333 0.0287066
    endloop
  endfacet
  facet normal -0.252361 0.898951 0.358051
    outer loop
      vertex 46.9304 11.0597 -0.580802
      vertex 46.9887 10.8333 0.0287066
      vertex 46.9898 10.8333 0.0294819
    endloop
  endfacet
  facet normal -0.363664 0.861272 0.354906
    outer loop
      vertex 46.9304 11.0597 -0.580802
      vertex 46.9898 10.8333 0.0294819
      vertex 46.9908 10.8334 0.0302639
    endloop
  endfacet
  facet normal -0.256878 0.897747 0.357859
    outer loop
      vertex 46.9304 11.0597 -0.580802
      vertex 46.9908 10.8334 0.0302639
      vertex 46.9919 10.8334 0.0310535
    endloop
  endfacet
  facet normal -0.330592 0.873876 0.35644
    outer loop
      vertex 46.9304 11.0597 -0.580802
      vertex 46.9919 10.8334 0.0310535
      vertex 46.9939 10.8335 0.0326633
    endloop
  endfacet
  facet normal -0.266354 0.895082 0.357609
    outer loop
      vertex 46.9304 11.0597 -0.580802
      vertex 46.9939 10.8335 0.0326633
      vertex 46.995 10.8335 0.0334826
    endloop
  endfacet
  facet normal -0.298121 0.885138 0.357288
    outer loop
      vertex 46.9304 11.0597 -0.580802
      vertex 46.995 10.8335 0.0334826
      vertex 46.996 10.8335 0.034317
    endloop
  endfacet
  facet normal -0.307669 0.881959 0.357054
    outer loop
      vertex 46.9535 10.8287 0.00969561
      vertex 46.9304 11.0597 -0.580802
      vertex 46.6482 10.8287 -0.253377
    endloop
  endfacet
  facet normal -0.298157 0.885126 0.357288
    outer loop
      vertex 46.997 10.8335 0.0351515
      vertex 46.9304 11.0597 -0.580802
      vertex 46.996 10.8335 0.034317
    endloop
  endfacet
  facet normal -0.30084 0.884233 0.35725
    outer loop
      vertex 46.998 10.8335 0.0359936
      vertex 46.9304 11.0597 -0.580802
      vertex 46.997 10.8335 0.0351515
    endloop
  endfacet
  facet normal -0.305887 0.882529 0.357178
    outer loop
      vertex 46.999 10.8335 0.03685
      vertex 46.9304 11.0597 -0.580802
      vertex 46.998 10.8335 0.0359936
    endloop
  endfacet
  facet normal -0.342152 0.869428 0.356408
    outer loop
      vertex 46.9999 10.8335 0.037714
      vertex 46.9304 11.0597 -0.580802
      vertex 46.999 10.8335 0.03685
    endloop
  endfacet
  facet normal -0.757526 4.71203e-05 -0.652805
    outer loop
      vertex 47.2365 6.29804 -0.93608
      vertex 46.4009 6.98223 0.0336132
      vertex 47.5549 6.25 -1.30556
    endloop
  endfacet
  facet normal -0.757524 5.51212e-05 -0.652808
    outer loop
      vertex 47.5549 6.25 -1.30556
      vertex 46.4009 6.98223 0.0336132
      vertex 47.8733 6.29804 -1.67503
    endloop
  endfacet
  facet normal 0.757532 5.27972e-05 0.652798
    outer loop
      vertex 53.4571 7.36107 1.03642
      vertex 51.7818 6.29804 2.98059
      vertex 52.1002 6.25 2.61111
    endloop
  endfacet
  facet normal -0.757738 -0.000719646 -0.652559
    outer loop
      vertex 48.4616 10.8287 -2.35774
      vertex 47.8733 11.202 -1.67503
      vertex 48.1794 11.0597 -2.03031
    endloop
  endfacet
  facet normal 0.189544 0.956916 -0.219966
    outer loop
      vertex 48.1794 11.0597 -2.03031
      vertex 47.8733 11.202 -1.67503
      vertex 52.7247 11.0597 1.88636
    endloop
  endfacet
  facet normal -0.757526 -4.71106e-05 -0.652805
    outer loop
      vertex 47.5549 11.25 -1.30556
      vertex 46.4009 10.5178 0.0336132
      vertex 47.2365 11.202 -0.93608
    endloop
  endfacet
  facet normal -0.0639325 0.995192 0.0741938
    outer loop
      vertex 52.1002 11.25 2.61111
      vertex 47.2365 11.202 -0.93608
      vertex 51.7818 11.202 2.98059
    endloop
  endfacet
  facet normal -0.0639325 0.995192 0.0741938
    outer loop
      vertex 47.2365 11.202 -0.93608
      vertex 52.1002 11.25 2.61111
      vertex 47.5549 11.25 -1.30556
    endloop
  endfacet
  facet normal -0.504898 0.634421 0.58531
    outer loop
      vertex 46.4132 10.3537 0.221953
      vertex 46.198 10.1389 0.269141
      vertex 46.2412 10.1389 0.306406
    endloop
  endfacet
  facet normal -0.504451 0.634411 0.585706
    outer loop
      vertex 46.4009 10.5178 0.0336132
      vertex 46.4132 10.3537 0.221953
      vertex 46.5447 10.5178 0.157464
    endloop
  endfacet
  facet normal -0.504702 0.634293 0.585618
    outer loop
      vertex 46.4132 10.3537 0.221953
      vertex 46.4009 10.5178 0.0336132
      vertex 46.198 10.1389 0.269141
    endloop
  endfacet
  facet normal -0.504611 0.634399 0.585581
    outer loop
      vertex 47.0505 10.1389 1.00374
      vertex 50.8119 10.2671 4.10615
      vertex 50.9462 10.5178 3.95028
    endloop
  endfacet
  facet normal -0.504766 0.63409 0.585782
    outer loop
      vertex 50.8119 10.2671 4.10615
      vertex 47.0505 10.1389 1.00374
      vertex 50.7433 10.1389 4.18581
    endloop
  endfacet
  facet normal -0.504639 0.634336 0.585626
    outer loop
      vertex 47.0505 10.1389 1.00374
      vertex 50.9462 10.5178 3.95028
      vertex 47.0505 10.5178 0.593325
    endloop
  endfacet
  facet normal 0.757453 0.000382574 0.65289
    outer loop
      vertex 51.7818 11.202 2.98059
      vertex 51.417 10.9705 3.40395
      vertex 51.5591 10.974 3.23909
    endloop
  endfacet
  facet normal 0.757453 -0.00038252 0.65289
    outer loop
      vertex 51.5591 6.52604 3.23909
      vertex 51.417 6.52952 3.40395
      vertex 51.7818 6.29804 2.98059
    endloop
  endfacet
  facet normal 0.757157 -0.000531666 0.653233
    outer loop
      vertex 51.1741 6.69581 3.68589
      vertex 50.8119 7.23294 4.10615
      vertex 50.9462 6.98223 3.95028
    endloop
  endfacet
  facet normal -0.307724 0.881916 0.357114
    outer loop
      vertex 46.9304 11.0597 -0.580802
      vertex 51.212 10.8438 3.64182
      vertex 51.4757 11.0597 3.33587
    endloop
  endfacet
  facet normal -0.306872 0.882549 0.356282
    outer loop
      vertex 51.212 10.8438 3.64182
      vertex 46.9304 11.0597 -0.580802
      vertex 51.1935 10.8287 3.66329
    endloop
  endfacet
  facet normal 0.757702 -0.000538855 0.6526
    outer loop
      vertex 51.4757 11.0597 3.33587
      vertex 51.417 10.9705 3.40395
      vertex 51.7818 11.202 2.98059
    endloop
  endfacet
  facet normal 0.757609 -0.000395221 0.652709
    outer loop
      vertex 51.417 10.9705 3.40395
      vertex 51.4757 11.0597 3.33587
      vertex 51.212 10.8438 3.64182
    endloop
  endfacet
  facet normal -0.414609 0.772292 0.481315
    outer loop
      vertex 47.0505 10.5178 0.593325
      vertex 51.1741 10.8042 3.68589
      vertex 51.1935 10.8287 3.66329
    endloop
  endfacet
  facet normal -0.414066 0.773079 0.480518
    outer loop
      vertex 51.1741 10.8042 3.68589
      vertex 47.0505 10.5178 0.593325
      vertex 50.9462 10.5178 3.95028
    endloop
  endfacet
  facet normal -0.414109 0.773026 0.480566
    outer loop
      vertex 51.1935 10.8287 3.66329
      vertex 47.0505 10.7934 0.150002
      vertex 47.0505 10.5178 0.593325
    endloop
  endfacet
  facet normal -0.409603 0.778726 0.475195
    outer loop
      vertex 51.1935 10.8287 3.66329
      vertex 47.0505 10.7942 0.148691
      vertex 47.0505 10.7934 0.150002
    endloop
  endfacet
  facet normal -0.410904 0.777093 0.476744
    outer loop
      vertex 51.1935 10.8287 3.66329
      vertex 47.0505 10.795 0.147387
      vertex 47.0505 10.7942 0.148691
    endloop
  endfacet
  facet normal -0.425807 0.757739 0.494491
    outer loop
      vertex 51.1935 10.8287 3.66329
      vertex 47.0504 10.7958 0.146075
      vertex 47.0505 10.795 0.147387
    endloop
  endfacet
  facet normal -0.411083 0.776861 0.476968
    outer loop
      vertex 51.1935 10.8287 3.66329
      vertex 47.0504 10.7966 0.144772
      vertex 47.0504 10.7958 0.146075
    endloop
  endfacet
  facet normal -0.425814 0.757735 0.494489
    outer loop
      vertex 51.1935 10.8287 3.66329
      vertex 47.0503 10.7974 0.14346
      vertex 47.0504 10.7966 0.144772
    endloop
  endfacet
  facet normal -0.411075 0.776864 0.476969
    outer loop
      vertex 51.1935 10.8287 3.66329
      vertex 47.0503 10.7982 0.142157
      vertex 47.0503 10.7974 0.14346
    endloop
  endfacet
  facet normal -0.393361 0.798365 0.455939
    outer loop
      vertex 51.1935 10.8287 3.66329
      vertex 47.0502 10.7989 0.140845
      vertex 47.0503 10.7982 0.142157
    endloop
  endfacet
  facet normal -0.427603 0.755356 0.496581
    outer loop
      vertex 51.1935 10.8287 3.66329
      vertex 47.0501 10.7997 0.139542
      vertex 47.0502 10.7989 0.140845
    endloop
  endfacet
  facet normal -0.394951 0.796485 0.457849
    outer loop
      vertex 51.1935 10.8287 3.66329
      vertex 47.05 10.8004 0.138238
      vertex 47.0501 10.7997 0.139542
    endloop
  endfacet
  facet normal -0.427226 0.755878 0.496111
    outer loop
      vertex 51.1935 10.8287 3.66329
      vertex 47.0499 10.8012 0.136933
      vertex 47.05 10.8004 0.138238
    endloop
  endfacet
  facet normal -0.395136 0.796254 0.45809
    outer loop
      vertex 51.1935 10.8287 3.66329
      vertex 47.0498 10.8019 0.13563
      vertex 47.0499 10.8012 0.136933
    endloop
  endfacet
  facet normal -0.429017 0.753478 0.498213
    outer loop
      vertex 51.1935 10.8287 3.66329
      vertex 47.0497 10.8027 0.134334
      vertex 47.0498 10.8019 0.13563
    endloop
  endfacet
  facet normal -0.412893 0.77457 0.479124
    outer loop
      vertex 51.1935 10.8287 3.66329
      vertex 47.0495 10.8034 0.13303
      vertex 47.0497 10.8027 0.134334
    endloop
  endfacet
  facet normal -0.396327 0.79483 0.459533
    outer loop
      vertex 51.1935 10.8287 3.66329
      vertex 47.0494 10.8041 0.131733
      vertex 47.0495 10.8034 0.13303
    endloop
  endfacet
  facet normal -0.446514 0.728962 0.518883
    outer loop
      vertex 51.1935 10.8287 3.66329
      vertex 47.0492 10.8049 0.130437
      vertex 47.0494 10.8041 0.131733
    endloop
  endfacet
  facet normal -0.414611 0.772384 0.481166
    outer loop
      vertex 51.1935 10.8287 3.66329
      vertex 47.049 10.8056 0.129141
      vertex 47.0492 10.8049 0.130437
    endloop
  endfacet
  facet normal -0.414394 0.77266 0.48091
    outer loop
      vertex 51.1935 10.8287 3.66329
      vertex 47.0488 10.8063 0.127844
      vertex 47.049 10.8056 0.129141
    endloop
  endfacet
  facet normal -0.414611 0.772384 0.481166
    outer loop
      vertex 51.1935 10.8287 3.66329
      vertex 47.0486 10.807 0.126548
      vertex 47.0488 10.8063 0.127844
    endloop
  endfacet
  facet normal -0.415915 0.770722 0.482704
    outer loop
      vertex 51.1935 10.8287 3.66329
      vertex 47.0484 10.8077 0.125258
      vertex 47.0486 10.807 0.126548
    endloop
  endfacet
  facet normal -0.378412 0.815181 0.438502
    outer loop
      vertex 51.1935 10.8287 3.66329
      vertex 47.0482 10.8083 0.12397
      vertex 47.0484 10.8077 0.125258
    endloop
  endfacet
  facet normal -0.416149 0.770435 0.482959
    outer loop
      vertex 51.1935 10.8287 3.66329
      vertex 47.048 10.809 0.122681
      vertex 47.0482 10.8083 0.12397
    endloop
  endfacet
  facet normal -0.437122 0.742425 0.507671
    outer loop
      vertex 51.1935 10.8287 3.66329
      vertex 47.0477 10.8097 0.121399
      vertex 47.048 10.809 0.122681
    endloop
  endfacet
  facet normal -0.417891 0.768193 0.485022
    outer loop
      vertex 51.1935 10.8287 3.66329
      vertex 47.0475 10.8104 0.120118
      vertex 47.0477 10.8097 0.121399
    endloop
  endfacet
  facet normal -0.399702 0.790755 0.463622
    outer loop
      vertex 51.1935 10.8287 3.66329
      vertex 47.0472 10.811 0.118836
      vertex 47.0475 10.8104 0.120118
    endloop
  endfacet
  facet normal -0.437381 0.742086 0.507943
    outer loop
      vertex 51.1935 10.8287 3.66329
      vertex 47.0469 10.8117 0.117555
      vertex 47.0472 10.811 0.118836
    endloop
  endfacet
  facet normal -0.401618 0.788444 0.465896
    outer loop
      vertex 51.1935 10.8287 3.66329
      vertex 47.0466 10.8123 0.116281
      vertex 47.0469 10.8117 0.117555
    endloop
  endfacet
  facet normal -0.401375 0.788736 0.465611
    outer loop
      vertex 51.1935 10.8287 3.66329
      vertex 47.0463 10.8129 0.115006
      vertex 47.0466 10.8123 0.116281
    endloop
  endfacet
  facet normal -0.401618 0.788444 0.465896
    outer loop
      vertex 51.1935 10.8287 3.66329
      vertex 47.046 10.8135 0.113732
      vertex 47.0463 10.8129 0.115006
    endloop
  endfacet
  facet normal -0.440942 0.73713 0.512064
    outer loop
      vertex 51.1935 10.8287 3.66329
      vertex 47.0457 10.8142 0.112466
      vertex 47.046 10.8135 0.113732
    endloop
  endfacet
  facet normal -0.403305 0.786394 0.467899
    outer loop
      vertex 51.1935 10.8287 3.66329
      vertex 47.0454 10.8148 0.111199
      vertex 47.0457 10.8142 0.112466
    endloop
  endfacet
  facet normal -0.427531 0.755576 0.49631
    outer loop
      vertex 51.1935 10.8287 3.66329
      vertex 47.045 10.8154 0.109941
      vertex 47.0454 10.8148 0.111199
    endloop
  endfacet
  facet normal -0.405014 0.784312 0.469914
    outer loop
      vertex 51.1935 10.8287 3.66329
      vertex 47.0447 10.816 0.108681
      vertex 47.045 10.8154 0.109941
    endloop
  endfacet
  facet normal -0.38459 0.808197 0.445991
    outer loop
      vertex 51.1935 10.8287 3.66329
      vertex 47.0443 10.8165 0.10743
      vertex 47.0447 10.816 0.108681
    endloop
  endfacet
  facet normal -0.427295 0.755912 0.496001
    outer loop
      vertex 51.1935 10.8287 3.66329
      vertex 47.0439 10.8171 0.106171
      vertex 47.0443 10.8165 0.10743
    endloop
  endfacet
  facet normal -0.408734 0.779746 0.474271
    outer loop
      vertex 51.1935 10.8287 3.66329
      vertex 47.0436 10.8177 0.104926
      vertex 47.0439 10.8171 0.106171
    endloop
  endfacet
  facet normal -0.429162 0.753419 0.498176
    outer loop
      vertex 51.1935 10.8287 3.66329
      vertex 47.0432 10.8183 0.103674
      vertex 47.0436 10.8177 0.104926
    endloop
  endfacet
  facet normal -0.413846 0.773357 0.48026
    outer loop
      vertex 51.1935 10.8287 3.66329
      vertex 47.0427 10.8188 0.102438
      vertex 47.0432 10.8183 0.103674
    endloop
  endfacet
  facet normal -0.431038 0.750895 0.500363
    outer loop
      vertex 51.1935 10.8287 3.66329
      vertex 47.0423 10.8194 0.101193
      vertex 47.0427 10.8188 0.102438
    endloop
  endfacet
  facet normal -0.390651 0.801269 0.453166
    outer loop
      vertex 51.1935 10.8287 3.66329
      vertex 47.0419 10.8199 0.0999641
      vertex 47.0423 10.8194 0.101193
    endloop
  endfacet
  facet normal -0.388408 0.803833 0.450546
    outer loop
      vertex 51.1935 10.8287 3.66329
      vertex 47.0415 10.8204 0.0987272
      vertex 47.0419 10.8199 0.0999641
    endloop
  endfacet
  facet normal -0.418286 0.76772 0.485431
    outer loop
      vertex 51.1935 10.8287 3.66329
      vertex 47.041 10.8209 0.0975056
      vertex 47.0415 10.8204 0.0987272
    endloop
  endfacet
  facet normal -0.459439 0.71015 0.533482
    outer loop
      vertex 51.1935 10.8287 3.66329
      vertex 47.0405 10.8215 0.0962763
      vertex 47.041 10.8209 0.0975056
    endloop
  endfacet
  facet normal -0.394557 0.796727 0.457767
    outer loop
      vertex 51.1935 10.8287 3.66329
      vertex 47.0401 10.822 0.0950613
      vertex 47.0405 10.8215 0.0962763
    endloop
  endfacet
  facet normal -0.420641 0.764679 0.488188
    outer loop
      vertex 51.1935 10.8287 3.66329
      vertex 47.0396 10.8225 0.0938473
      vertex 47.0401 10.822 0.0950613
    endloop
  endfacet
  facet normal -0.36488 0.829323 0.423185
    outer loop
      vertex 51.1935 10.8287 3.66329
      vertex 47.0391 10.8229 0.0926323
      vertex 47.0396 10.8225 0.0938473
    endloop
  endfacet
  facet normal -0.423046 0.761565 0.490969
    outer loop
      vertex 51.1935 10.8287 3.66329
      vertex 47.0386 10.8234 0.0914259
      vertex 47.0391 10.8229 0.0926323
    endloop
  endfacet
  facet normal -0.425162 0.758787 0.493436
    outer loop
      vertex 51.1935 10.8287 3.66329
      vertex 47.0381 10.8239 0.0902262
      vertex 47.0386 10.8234 0.0914259
    endloop
  endfacet
  facet normal -0.453568 0.719061 0.526524
    outer loop
      vertex 51.1935 10.8287 3.66329
      vertex 47.0375 10.8244 0.0890265
      vertex 47.0381 10.8239 0.0902262
    endloop
  endfacet
  facet normal -0.372202 0.821596 0.431792
    outer loop
      vertex 51.1935 10.8287 3.66329
      vertex 47.037 10.8248 0.0878344
      vertex 47.0375 10.8244 0.0890265
    endloop
  endfacet
  facet normal -0.430028 0.752319 0.499091
    outer loop
      vertex 51.1935 10.8287 3.66329
      vertex 47.0365 10.8253 0.0866499
      vertex 47.037 10.8248 0.0878344
    endloop
  endfacet
  facet normal -0.405026 0.784253 0.470001
    outer loop
      vertex 51.1935 10.8287 3.66329
      vertex 47.0359 10.8257 0.0854654
      vertex 47.0365 10.8253 0.0866499
    endloop
  endfacet
  facet normal -0.40753 0.781199 0.472913
    outer loop
      vertex 51.1935 10.8287 3.66329
      vertex 47.0353 10.8261 0.0842876
      vertex 47.0359 10.8257 0.0854654
    endloop
  endfacet
  facet normal -0.407905 0.780739 0.47335
    outer loop
      vertex 51.1935 10.8287 3.66329
      vertex 47.0347 10.8265 0.0831108
      vertex 47.0353 10.8261 0.0842876
    endloop
  endfacet
  facet normal -0.434725 0.745967 0.504526
    outer loop
      vertex 51.1935 10.8287 3.66329
      vertex 47.0342 10.827 0.0819407
      vertex 47.0347 10.8265 0.0831108
    endloop
  endfacet
  facet normal -0.413666 0.773581 0.480055
    outer loop
      vertex 51.1935 10.8287 3.66329
      vertex 47.0336 10.8274 0.0807791
      vertex 47.0342 10.827 0.0819407
    endloop
  endfacet
  facet normal -0.344404 0.849531 0.399603
    outer loop
      vertex 51.1935 10.8287 3.66329
      vertex 47.033 10.8277 0.0796242
      vertex 47.0336 10.8274 0.0807791
    endloop
  endfacet
  facet normal -0.451338 0.722456 0.523785
    outer loop
      vertex 51.1935 10.8287 3.66329
      vertex 47.0323 10.8281 0.0784693
      vertex 47.033 10.8277 0.0796242
    endloop
  endfacet
  facet normal -0.419212 0.766546 0.486486
    outer loop
      vertex 51.1935 10.8287 3.66329
      vertex 47.0317 10.8285 0.077322
      vertex 47.0323 10.8281 0.0784693
    endloop
  endfacet
  facet normal -0.463442 0.70425 0.537822
    outer loop
      vertex 47.0317 10.8285 0.077322
      vertex 51.1935 10.8287 3.66329
      vertex 47.0314 10.8287 0.0768016
    endloop
  endfacet
  facet normal 0.419058 -0.907959 1.61283e-06
    outer loop
      vertex 46.9163 10.8142 0.000834465
      vertex 46.9137 10.813 0.000580788
      vertex 46.915 10.8136 0.000707626
    endloop
  endfacet
  facet normal -0.416979 0.769781 0.483285
    outer loop
      vertex 46.902 10.8071 6.67572e-06
      vertex 46.6482 10.8287 -0.253377
      vertex 46.9007 10.8064 0
    endloop
  endfacet
  facet normal -0.418987 0.767544 0.485105
    outer loop
      vertex 46.9033 10.8078 2.19345e-05
      vertex 46.6482 10.8287 -0.253377
      vertex 46.902 10.8071 6.67572e-06
    endloop
  endfacet
  facet normal -0.382371 0.806226 0.451434
    outer loop
      vertex 46.9046 10.8084 5.14984e-05
      vertex 46.6482 10.8287 -0.253377
      vertex 46.9033 10.8078 2.19345e-05
    endloop
  endfacet
  facet normal -0.425904 0.759477 0.491733
    outer loop
      vertex 46.9059 10.8091 9.63211e-05
      vertex 46.6482 10.8287 -0.253377
      vertex 46.9046 10.8084 5.14984e-05
    endloop
  endfacet
  facet normal -0.427719 0.757363 0.493415
    outer loop
      vertex 46.9072 10.8098 0.000148773
      vertex 46.6482 10.8287 -0.253377
      vertex 46.9059 10.8091 9.63211e-05
    endloop
  endfacet
  facet normal -0.391553 0.797246 0.459441
    outer loop
      vertex 46.9085 10.8104 0.00021553
      vertex 46.6482 10.8287 -0.253377
      vertex 46.9072 10.8098 0.000148773
    endloop
  endfacet
  facet normal -0.432918 0.75101 0.498564
    outer loop
      vertex 46.9098 10.8111 0.000289917
      vertex 46.6482 10.8287 -0.253377
      vertex 46.9085 10.8104 0.00021553
    endloop
  endfacet
  facet normal -0.397292 0.791381 0.464625
    outer loop
      vertex 46.9111 10.8117 0.000379562
      vertex 46.6482 10.8287 -0.253377
      vertex 46.9098 10.8111 0.000289917
    endloop
  endfacet
  facet normal -0.438404 0.744133 0.504052
    outer loop
      vertex 46.9124 10.8124 0.000476837
      vertex 46.6482 10.8287 -0.253377
      vertex 46.9111 10.8117 0.000379562
    endloop
  endfacet
  facet normal -0.400934 0.787635 0.467849
    outer loop
      vertex 46.9137 10.813 0.000580788
      vertex 46.6482 10.8287 -0.253377
      vertex 46.9124 10.8124 0.000476837
    endloop
  endfacet
  facet normal -0.406764 0.781215 0.473547
    outer loop
      vertex 46.9163 10.8142 0.000834465
      vertex 46.6482 10.8287 -0.253377
      vertex 46.9137 10.813 0.000580788
    endloop
  endfacet
  facet normal -0.412433 0.774794 0.479159
    outer loop
      vertex 46.9176 10.8148 0.000983238
      vertex 46.6482 10.8287 -0.253377
      vertex 46.9163 10.8142 0.000834465
    endloop
  endfacet
  facet normal -0.414424 0.772499 0.481143
    outer loop
      vertex 46.9189 10.8154 0.00113964
      vertex 46.6482 10.8287 -0.253377
      vertex 46.9176 10.8148 0.000983238
    endloop
  endfacet
  facet normal -0.416424 0.770168 0.483148
    outer loop
      vertex 46.9202 10.816 0.00130367
      vertex 46.6482 10.8287 -0.253377
      vertex 46.9189 10.8154 0.00113964
    endloop
  endfacet
  facet normal -0.420204 0.7657 0.486962
    outer loop
      vertex 46.9215 10.8166 0.00148201
      vertex 46.6482 10.8287 -0.253377
      vertex 46.9202 10.816 0.00130367
    endloop
  endfacet
  facet normal -0.422487 0.762961 0.48928
    outer loop
      vertex 46.9228 10.8172 0.00166893
      vertex 46.6482 10.8287 -0.253377
      vertex 46.9215 10.8166 0.00148201
    endloop
  endfacet
  facet normal -0.426065 0.758606 0.492936
    outer loop
      vertex 46.9241 10.8178 0.0018692
      vertex 46.6482 10.8287 -0.253377
      vertex 46.9228 10.8172 0.00166893
    endloop
  endfacet
  facet normal -0.382725 0.807865 0.448192
    outer loop
      vertex 46.9254 10.8183 0.00207806
      vertex 46.6482 10.8287 -0.253377
      vertex 46.9241 10.8178 0.0018692
    endloop
  endfacet
  facet normal -0.432503 0.750382 0.499868
    outer loop
      vertex 46.9267 10.8189 0.00230217
      vertex 46.6482 10.8287 -0.253377
      vertex 46.9254 10.8183 0.00207806
    endloop
  endfacet
  facet normal -0.391087 0.799091 0.456623
    outer loop
      vertex 46.928 10.8194 0.00254059
      vertex 46.6482 10.8287 -0.253377
      vertex 46.9267 10.8189 0.00230217
    endloop
  endfacet
  facet normal -0.46309 0.70884 0.532065
    outer loop
      vertex 46.9292 10.82 0.00278568
      vertex 46.6482 10.8287 -0.253377
      vertex 46.928 10.8194 0.00254059
    endloop
  endfacet
  facet normal -0.395499 0.794491 0.46083
    outer loop
      vertex 46.9305 10.8205 0.00303936
      vertex 46.6482 10.8287 -0.253377
      vertex 46.9292 10.82 0.00278568
    endloop
  endfacet
  facet normal -0.399678 0.789792 0.46528
    outer loop
      vertex 46.9318 10.821 0.00330734
      vertex 46.6482 10.8287 -0.253377
      vertex 46.9305 10.8205 0.00303936
    endloop
  endfacet
  facet normal -0.401931 0.78722 0.467692
    outer loop
      vertex 46.9331 10.8215 0.00358295
      vertex 46.6482 10.8287 -0.253377
      vertex 46.9318 10.821 0.00330734
    endloop
  endfacet
  facet normal -0.406489 0.781933 0.472597
    outer loop
      vertex 46.9344 10.822 0.00387383
      vertex 46.6482 10.8287 -0.253377
      vertex 46.9331 10.8215 0.00358295
    endloop
  endfacet
  facet normal -0.438207 0.742344 0.506854
    outer loop
      vertex 46.9356 10.8225 0.004179
      vertex 46.6482 10.8287 -0.253377
      vertex 46.9344 10.822 0.00387383
    endloop
  endfacet
  facet normal -0.411106 0.776561 0.477436
    outer loop
      vertex 46.9369 10.823 0.00448513
      vertex 46.6482 10.8287 -0.253377
      vertex 46.9356 10.8225 0.004179
    endloop
  endfacet
  facet normal -0.417565 0.768703 0.484494
    outer loop
      vertex 46.9382 10.8235 0.00481224
      vertex 46.6482 10.8287 -0.253377
      vertex 46.9369 10.823 0.00448513
    endloop
  endfacet
  facet normal -0.393809 0.796747 0.458376
    outer loop
      vertex 46.9394 10.8239 0.00514793
      vertex 46.6482 10.8287 -0.253377
      vertex 46.9382 10.8235 0.00481224
    endloop
  endfacet
  facet normal -0.422344 0.762652 0.489885
    outer loop
      vertex 46.9407 10.8244 0.0054903
      vertex 46.6482 10.8287 -0.253377
      vertex 46.9394 10.8239 0.00514793
    endloop
  endfacet
  facet normal -0.427191 0.756458 0.495258
    outer loop
      vertex 46.942 10.8249 0.00584793
      vertex 46.6482 10.8287 -0.253377
      vertex 46.9407 10.8244 0.0054903
    endloop
  endfacet
  facet normal -0.40456 0.784482 0.47002
    outer loop
      vertex 46.9432 10.8253 0.00621319
      vertex 46.6482 10.8287 -0.253377
      vertex 46.942 10.8249 0.00584793
    endloop
  endfacet
  facet normal -0.37945 0.812885 0.441856
    outer loop
      vertex 46.9445 10.8257 0.0065937
      vertex 46.6482 10.8287 -0.253377
      vertex 46.9432 10.8253 0.00621319
    endloop
  endfacet
  facet normal -0.466216 0.701162 0.539458
    outer loop
      vertex 46.9457 10.8262 0.0069809
      vertex 46.6482 10.8287 -0.253377
      vertex 46.9445 10.8257 0.0065937
    endloop
  endfacet
  facet normal -0.386937 0.804923 0.449865
    outer loop
      vertex 46.947 10.8266 0.00738335
      vertex 46.6482 10.8287 -0.253377
      vertex 46.9457 10.8262 0.0069809
    endloop
  endfacet
  facet normal -0.421304 0.763849 0.488915
    outer loop
      vertex 46.9482 10.827 0.00779247
      vertex 46.6482 10.8287 -0.253377
      vertex 46.947 10.8266 0.00738335
    endloop
  endfacet
  facet normal -0.424691 0.759478 0.492778
    outer loop
      vertex 46.9494 10.8274 0.00821018
      vertex 46.6482 10.8287 -0.253377
      vertex 46.9482 10.827 0.00779247
    endloop
  endfacet
  facet normal -0.397418 0.79312 0.461541
    outer loop
      vertex 46.9507 10.8278 0.0086422
      vertex 46.6482 10.8287 -0.253377
      vertex 46.9494 10.8274 0.00821018
    endloop
  endfacet
  facet normal -0.436643 0.743399 0.506656
    outer loop
      vertex 46.9519 10.8282 0.00908947
      vertex 46.6482 10.8287 -0.253377
      vertex 46.9507 10.8278 0.0086422
    endloop
  endfacet
  facet normal -0.439398 0.739593 0.509836
    outer loop
      vertex 46.9531 10.8286 0.00954342
      vertex 46.6482 10.8287 -0.253377
      vertex 46.9519 10.8282 0.00908947
    endloop
  endfacet
  facet normal -0.36919 0.8247 0.42845
    outer loop
      vertex 46.6482 10.8287 -0.253377
      vertex 46.9531 10.8286 0.00954342
      vertex 46.9535 10.8287 0.00969561
    endloop
  endfacet
  facet normal -0.414124 0.772984 0.480621
    outer loop
      vertex 46.6482 10.8287 -0.253377
      vertex 46.5447 10.5178 0.157464
      vertex 46.8349 10.7618 0.0150871
    endloop
  endfacet
  facet normal -0.415749 0.771619 0.481411
    outer loop
      vertex 46.6482 10.8287 -0.253377
      vertex 46.8349 10.7618 0.0150871
      vertex 46.8361 10.7628 0.0145206
    endloop
  endfacet
  facet normal -0.384135 0.797307 0.465556
    outer loop
      vertex 46.6482 10.8287 -0.253377
      vertex 46.8361 10.7628 0.0145206
      vertex 46.8373 10.7637 0.0139694
    endloop
  endfacet
  facet normal -0.418796 0.768873 0.48316
    outer loop
      vertex 46.6482 10.8287 -0.253377
      vertex 46.8373 10.7637 0.0139694
      vertex 46.8385 10.7647 0.0134182
    endloop
  endfacet
  facet normal -0.421752 0.766313 0.484654
    outer loop
      vertex 46.6482 10.8287 -0.253377
      vertex 46.8385 10.7647 0.0134182
      vertex 46.8397 10.7657 0.0128813
    endloop
  endfacet
  facet normal -0.424894 0.763555 0.486261
    outer loop
      vertex 46.6482 10.8287 -0.253377
      vertex 46.8397 10.7657 0.0128813
      vertex 46.8409 10.7667 0.0123596
    endloop
  endfacet
  facet normal -0.392411 0.791149 0.469145
    outer loop
      vertex 46.6482 10.8287 -0.253377
      vertex 46.8409 10.7667 0.0123596
      vertex 46.8421 10.7676 0.0118456
    endloop
  endfacet
  facet normal -0.427929 0.760685 0.488093
    outer loop
      vertex 46.6482 10.8287 -0.253377
      vertex 46.8421 10.7676 0.0118456
      vertex 46.8433 10.7686 0.0113392
    endloop
  endfacet
  facet normal -0.397369 0.78721 0.471592
    outer loop
      vertex 46.6482 10.8287 -0.253377
      vertex 46.8433 10.7686 0.0113392
      vertex 46.8445 10.7695 0.010848
    endloop
  endfacet
  facet normal -0.432343 0.756504 0.490695
    outer loop
      vertex 46.6482 10.8287 -0.253377
      vertex 46.8445 10.7695 0.010848
      vertex 46.8457 10.7705 0.0103636
    endloop
  endfacet
  facet normal -0.402147 0.783326 0.474002
    outer loop
      vertex 46.6482 10.8287 -0.253377
      vertex 46.8457 10.7705 0.0103636
      vertex 46.8469 10.7714 0.00989437
    endloop
  endfacet
  facet normal -0.436726 0.752255 0.493338
    outer loop
      vertex 46.6482 10.8287 -0.253377
      vertex 46.8469 10.7714 0.00989437
      vertex 46.8481 10.7724 0.00943184
    endloop
  endfacet
  facet normal -0.388077 0.795385 0.465573
    outer loop
      vertex 46.6482 10.8287 -0.253377
      vertex 46.8481 10.7724 0.00943184
      vertex 46.8494 10.7733 0.00897789
    endloop
  endfacet
  facet normal -0.408474 0.777896 0.477522
    outer loop
      vertex 46.6482 10.8287 -0.253377
      vertex 46.8494 10.7733 0.00897789
      vertex 46.8506 10.7742 0.00853825
    endloop
  endfacet
  facet normal -0.442695 0.746099 0.497351
    outer loop
      vertex 46.6482 10.8287 -0.253377
      vertex 46.8506 10.7742 0.00853825
      vertex 46.8518 10.7752 0.00810623
    endloop
  endfacet
  facet normal -0.395597 0.789335 0.469525
    outer loop
      vertex 46.6482 10.8287 -0.253377
      vertex 46.8518 10.7752 0.00810623
      vertex 46.8531 10.7761 0.00768852
    endloop
  endfacet
  facet normal -0.414792 0.772292 0.481157
    outer loop
      vertex 46.6482 10.8287 -0.253377
      vertex 46.8531 10.7761 0.00768852
      vertex 46.8543 10.777 0.00727844
    endloop
  endfacet
  facet normal -0.400267 0.785339 0.47226
    outer loop
      vertex 46.6482 10.8287 -0.253377
      vertex 46.8543 10.777 0.00727844
      vertex 46.8556 10.7779 0.00688362
    endloop
  endfacet
  facet normal -0.419588 0.76777 0.484227
    outer loop
      vertex 46.6482 10.8287 -0.253377
      vertex 46.8556 10.7779 0.00688362
      vertex 46.8568 10.7788 0.00649643
    endloop
  endfacet
  facet normal -0.436339 0.751664 0.49458
    outer loop
      vertex 46.6482 10.8287 -0.253377
      vertex 46.8568 10.7788 0.00649643
      vertex 46.8581 10.7798 0.00612354
    endloop
  endfacet
  facet normal -0.389181 0.795372 0.464673
    outer loop
      vertex 46.6482 10.8287 -0.253377
      vertex 46.8581 10.7798 0.00612354
      vertex 46.8593 10.7806 0.00575924
    endloop
  endfacet
  facet normal -0.407889 0.778641 0.476807
    outer loop
      vertex 46.6482 10.8287 -0.253377
      vertex 46.8593 10.7806 0.00575924
      vertex 46.8606 10.7815 0.00540161
    endloop
  endfacet
  facet normal -0.428786 0.75876 0.490333
    outer loop
      vertex 46.6482 10.8287 -0.253377
      vertex 46.8606 10.7815 0.00540161
      vertex 46.8618 10.7824 0.00505829
    endloop
  endfacet
  facet normal -0.413927 0.773091 0.480619
    outer loop
      vertex 46.6482 10.8287 -0.253377
      vertex 46.8618 10.7824 0.00505829
      vertex 46.8631 10.7833 0.00473022
    endloop
  endfacet
  facet normal -0.41567 0.771433 0.481778
    outer loop
      vertex 46.6482 10.8287 -0.253377
      vertex 46.8631 10.7833 0.00473022
      vertex 46.8644 10.7842 0.00441074
    endloop
  endfacet
  facet normal -0.41683 0.770318 0.482559
    outer loop
      vertex 46.6482 10.8287 -0.253377
      vertex 46.8644 10.7842 0.00441074
      vertex 46.8657 10.7851 0.00409698
    endloop
  endfacet
  facet normal -0.404108 0.782403 0.473859
    outer loop
      vertex 46.6482 10.8287 -0.253377
      vertex 46.8657 10.7851 0.00409698
      vertex 46.8669 10.7859 0.00379944
    endloop
  endfacet
  facet normal -0.422989 0.764213 0.486887
    outer loop
      vertex 46.6482 10.8287 -0.253377
      vertex 46.8669 10.7859 0.00379944
      vertex 46.8682 10.7868 0.0035162
    endloop
  endfacet
  facet normal -0.424544 0.762661 0.487966
    outer loop
      vertex 46.6482 10.8287 -0.253377
      vertex 46.8682 10.7868 0.0035162
      vertex 46.8695 10.7877 0.00324059
    endloop
  endfacet
  facet normal -0.392407 0.79349 0.465178
    outer loop
      vertex 46.6482 10.8287 -0.253377
      vertex 46.8695 10.7877 0.00324059
      vertex 46.8708 10.7885 0.0029726
    endloop
  endfacet
  facet normal -0.447361 0.738619 0.504292
    outer loop
      vertex 46.6482 10.8287 -0.253377
      vertex 46.8708 10.7885 0.0029726
      vertex 46.872 10.7894 0.00271893
    endloop
  endfacet
  facet normal -0.398747 0.787845 0.469362
    outer loop
      vertex 46.6482 10.8287 -0.253377
      vertex 46.872 10.7894 0.00271893
      vertex 46.8733 10.7902 0.00248051
    endloop
  endfacet
  facet normal -0.400354 0.786322 0.470547
    outer loop
      vertex 46.6482 10.8287 -0.253377
      vertex 46.8733 10.7902 0.00248051
      vertex 46.8746 10.791 0.00224972
    endloop
  endfacet
  facet normal -0.435039 0.751405 0.496117
    outer loop
      vertex 46.6482 10.8287 -0.253377
      vertex 46.8746 10.791 0.00224972
      vertex 46.8759 10.7919 0.00202656
    endloop
  endfacet
  facet normal -0.405072 0.78194 0.4738
    outer loop
      vertex 46.6482 10.8287 -0.253377
      vertex 46.8759 10.7919 0.00202656
      vertex 46.8772 10.7927 0.0018177
    endloop
  endfacet
  facet normal -0.408312 0.778755 0.476258
    outer loop
      vertex 46.6482 10.8287 -0.253377
      vertex 46.8772 10.7927 0.0018177
      vertex 46.8785 10.7935 0.00162411
    endloop
  endfacet
  facet normal -0.40973 0.777344 0.477345
    outer loop
      vertex 46.6482 10.8287 -0.253377
      vertex 46.8785 10.7935 0.00162411
      vertex 46.8798 10.7943 0.00143719
    endloop
  endfacet
  facet normal -0.411557 0.775508 0.478757
    outer loop
      vertex 46.6482 10.8287 -0.253377
      vertex 46.8798 10.7943 0.00143719
      vertex 46.8811 10.7951 0.00125885
    endloop
  endfacet
  facet normal -0.414613 0.772398 0.481142
    outer loop
      vertex 46.6482 10.8287 -0.253377
      vertex 46.8811 10.7951 0.00125885
      vertex 46.8824 10.7959 0.00109482
    endloop
  endfacet
  facet normal -0.417885 0.769019 0.483717
    outer loop
      vertex 46.6482 10.8287 -0.253377
      vertex 46.8824 10.7959 0.00109482
      vertex 46.8837 10.7967 0.000946045
    endloop
  endfacet
  facet normal -0.419321 0.767518 0.484858
    outer loop
      vertex 46.6482 10.8287 -0.253377
      vertex 46.8837 10.7967 0.000946045
      vertex 46.885 10.7975 0.000803947
    endloop
  endfacet
  facet normal -0.386339 0.800508 0.458181
    outer loop
      vertex 46.6482 10.8287 -0.253377
      vertex 46.885 10.7975 0.000803947
      vertex 46.8863 10.7982 0.000677109
    endloop
  endfacet
  facet normal -0.424182 0.76217 0.489046
    outer loop
      vertex 46.6482 10.8287 -0.253377
      vertex 46.8863 10.7982 0.000677109
      vertex 46.8876 10.799 0.000557899
    endloop
  endfacet
  facet normal -0.425835 0.76038 0.490395
    outer loop
      vertex 46.6482 10.8287 -0.253377
      vertex 46.8876 10.799 0.000557899
      vertex 46.8889 10.7998 0.00044632
    endloop
  endfacet
  facet normal -0.393274 0.794125 0.463359
    outer loop
      vertex 46.6482 10.8287 -0.253377
      vertex 46.8889 10.7998 0.00044632
      vertex 46.8902 10.8005 0.000349998
    endloop
  endfacet
  facet normal -0.4741 0.880471 0
    outer loop
      vertex 46.8967 10.8042 4.3869e-05
      vertex 46.8941 10.8028 0.000133514
      vertex 46.8954 10.8035 8.86917e-05
    endloop
  endfacet
  facet normal -0.413995 0.773017 0.480679
    outer loop
      vertex 46.5447 10.5178 0.157464
      vertex 46.6482 10.8287 -0.253377
      vertex 46.4009 10.5178 0.0336132
    endloop
  endfacet
  facet normal -0.432198 0.753165 0.495931
    outer loop
      vertex 46.8915 10.8013 0.000267982
      vertex 46.6482 10.8287 -0.253377
      vertex 46.8902 10.8005 0.000349998
    endloop
  endfacet
  facet normal -0.398275 0.789311 0.467296
    outer loop
      vertex 46.8928 10.802 0.000193596
      vertex 46.6482 10.8287 -0.253377
      vertex 46.8915 10.8013 0.000267982
    endloop
  endfacet
  facet normal -0.436937 0.747589 0.500197
    outer loop
      vertex 46.8941 10.8028 0.000133514
      vertex 46.6482 10.8287 -0.253377
      vertex 46.8928 10.802 0.000193596
    endloop
  endfacet
  facet normal -0.405057 0.782526 0.472844
    outer loop
      vertex 46.8967 10.8042 4.3869e-05
      vertex 46.6482 10.8287 -0.253377
      vertex 46.8941 10.8028 0.000133514
    endloop
  endfacet
  facet normal -0.445238 0.737438 0.507886
    outer loop
      vertex 46.898 10.805 2.19345e-05
      vertex 46.6482 10.8287 -0.253377
      vertex 46.8967 10.8042 4.3869e-05
    endloop
  endfacet
  facet normal -0.411916 0.77542 0.47859
    outer loop
      vertex 46.8993 10.8057 6.67572e-06
      vertex 46.6482 10.8287 -0.253377
      vertex 46.898 10.805 2.19345e-05
    endloop
  endfacet
  facet normal -0.394604 0.793624 0.463086
    outer loop
      vertex 46.6482 10.8287 -0.253377
      vertex 46.8993 10.8057 6.67572e-06
      vertex 46.9007 10.8064 0
    endloop
  endfacet
  facet normal -0.724686 -0.291379 -0.624443
    outer loop
      vertex 64.8623 8.92558 7.53594
      vertex 58.8261 9.05854 14.4791
      vertex 64.854 8.96146 7.52883
    endloop
  endfacet
  facet normal -0.724903 -0.290391 -0.624651
    outer loop
      vertex 58.8261 9.05854 14.4791
      vertex 64.8623 8.92558 7.53594
      vertex 58.8567 8.92558 14.5054
    endloop
  endfacet
  facet normal -0.585237 -0.634966 -0.504298
    outer loop
      vertex 58.7369 9.27899 14.4021
      vertex 64.7605 9.25001 7.44821
      vertex 58.7549 9.25001 14.4177
    endloop
  endfacet
  facet normal -0.585544 -0.634469 -0.504566
    outer loop
      vertex 64.7605 9.25001 7.44821
      vertex 58.7369 9.27899 14.4021
      vertex 64.6937 9.35741 7.39068
    endloop
  endfacet
  facet normal 0.753903 0.0980574 0.649627
    outer loop
      vertex 59.7371 8.57442 3.11962
      vertex 53.7185 8.75 10.0778
      vertex 53.7316 8.57442 10.0891
    endloop
  endfacet
  facet normal 0.753905 0.0980207 0.64963
    outer loop
      vertex 53.7185 8.75 10.0778
      vertex 59.7371 8.57442 3.11962
      vertex 59.724 8.75 3.10833
    endloop
  endfacet
  facet normal 0 -1 0
    outer loop
      vertex 54.4003 9.65 10.6653
      vertex 64.1936 9.65 6.95972
      vertex 58.188 9.65 13.9292
    endloop
  endfacet
  facet normal -0 -1 0
    outer loop
      vertex 64.1936 9.65 6.95972
      vertex 54.4003 9.65 10.6653
      vertex 60.4058 9.65 3.69583
    endloop
  endfacet
  facet normal 0 1 0
    outer loop
      vertex 64.1936 7.85 6.95972
      vertex 54.4003 7.85 10.6653
      vertex 58.188 7.85 13.9292
    endloop
  endfacet
  facet normal 0 1 0
    outer loop
      vertex 54.4003 7.85 10.6653
      vertex 64.1936 7.85 6.95972
      vertex 60.4058 7.85 3.69583
    endloop
  endfacet
  facet normal 0.357175 0.881873 0.307777
    outer loop
      vertex 60.1449 7.91851 3.47101
      vertex 54.0215 8.00168 10.3389
      vertex 54.1393 7.91851 10.4405
    endloop
  endfacet
  facet normal 0.357076 0.881943 0.307688
    outer loop
      vertex 54.0215 8.00168 10.3389
      vertex 60.1449 7.91851 3.47101
      vertex 60.027 8.00168 3.36944
    endloop
  endfacet
  facet normal 0.0743006 0.995178 0.0640251
    outer loop
      vertex 60.3011 7.86362 3.60557
      vertex 54.2673 7.86729 10.5507
      vertex 54.372 7.85367 10.6409
    endloop
  endfacet
  facet normal 0.0741121 0.995203 0.0638613
    outer loop
      vertex 54.2673 7.86729 10.5507
      vertex 60.3011 7.86362 3.60557
      vertex 60.2728 7.86729 3.58122
    endloop
  endfacet
  facet normal -0.219827 -0.956971 -0.189426
    outer loop
      vertex 58.4217 9.59237 14.1306
      vertex 64.4545 9.58149 7.18455
      vertex 58.4489 9.58149 14.154
    endloop
  endfacet
  facet normal -0.21992 -0.956934 -0.189506
    outer loop
      vertex 64.4545 9.58149 7.18455
      vertex 58.4217 9.59237 14.1306
      vertex 64.3538 9.62182 7.09776
    endloop
  endfacet
  facet normal -0.480515 -0.773084 -0.414061
    outer loop
      vertex 58.5887 9.47454 14.2745
      vertex 64.6757 9.3864 7.37515
      vertex 58.6701 9.3864 14.3446
    endloop
  endfacet
  facet normal -0.480186 -0.773446 -0.413766
    outer loop
      vertex 64.6757 9.3864 7.37515
      vertex 58.5887 9.47454 14.2745
      vertex 64.6537 9.41018 7.35623
    endloop
  endfacet
  facet normal -0.668107 -0.471375 -0.575707
    outer loop
      vertex 64.8235 9.09441 7.5025
      vertex 58.7549 9.25001 14.4177
      vertex 64.7605 9.25001 7.44821
    endloop
  endfacet
  facet normal -0.668096 -0.471403 -0.575697
    outer loop
      vertex 58.7549 9.25001 14.4177
      vertex 64.8235 9.09441 7.5025
      vertex 58.8179 9.09441 14.472
    endloop
  endfacet
  facet normal 0.357175 -0.881873 0.307777
    outer loop
      vertex 54.0215 9.49832 10.3389
      vertex 60.1449 9.58149 3.47101
      vertex 54.1393 9.58149 10.4405
    endloop
  endfacet
  facet normal 0.357076 -0.881943 0.307688
    outer loop
      vertex 60.1449 9.58149 3.47101
      vertex 54.0215 9.49832 10.3389
      vertex 60.027 9.49832 3.36944
    endloop
  endfacet
  facet normal 0.0740479 0.995211 0.0638061
    outer loop
      vertex 60.4058 7.85 3.69583
      vertex 54.372 7.85367 10.6409
      vertex 54.4003 7.85 10.6653
    endloop
  endfacet
  facet normal 0.0742795 0.995181 0.0640073
    outer loop
      vertex 54.372 7.85367 10.6409
      vertex 60.4058 7.85 3.69583
      vertex 60.3011 7.86362 3.60557
    endloop
  endfacet
  facet normal -0.724985 -0.29004 -0.624718
    outer loop
      vertex 64.854 8.96146 7.52883
      vertex 58.8179 9.09441 14.472
      vertex 64.8235 9.09441 7.5025
    endloop
  endfacet
  facet normal -0.725116 -0.289444 -0.624843
    outer loop
      vertex 58.8179 9.09441 14.472
      vertex 64.854 8.96146 7.52883
      vertex 58.8261 9.05854 14.4791
    endloop
  endfacet
  facet normal -0.585619 0.63435 -0.504629
    outer loop
      vertex 64.6937 8.14258 7.39068
      vertex 58.6701 8.1136 14.3446
      vertex 58.7369 8.22101 14.4021
    endloop
  endfacet
  facet normal -0.585688 0.634238 -0.50469
    outer loop
      vertex 58.6701 8.1136 14.3446
      vertex 64.6937 8.14258 7.39068
      vertex 64.6757 8.1136 7.37515
    endloop
  endfacet
  facet normal -0.724686 0.291379 -0.624443
    outer loop
      vertex 58.8261 8.44146 14.4791
      vertex 64.8623 8.57442 7.53594
      vertex 64.854 8.53854 7.52883
    endloop
  endfacet
  facet normal -0.724903 0.290391 -0.624651
    outer loop
      vertex 64.8623 8.57442 7.53594
      vertex 58.8261 8.44146 14.4791
      vertex 58.8567 8.57442 14.5054
    endloop
  endfacet
  facet normal -0.585237 0.634966 -0.504298
    outer loop
      vertex 64.7605 8.24999 7.44821
      vertex 58.7369 8.22101 14.4021
      vertex 58.7549 8.24999 14.4177
    endloop
  endfacet
  facet normal -0.585566 0.634434 -0.504585
    outer loop
      vertex 58.7369 8.22101 14.4021
      vertex 64.7605 8.24999 7.44821
      vertex 64.6937 8.14258 7.39068
    endloop
  endfacet
  facet normal 0.58545 0.634631 0.504473
    outer loop
      vertex 59.9237 8.1136 3.28041
      vertex 53.8514 8.22101 10.1923
      vertex 53.9182 8.1136 10.2499
    endloop
  endfacet
  facet normal 0.585689 0.634238 0.504689
    outer loop
      vertex 53.8514 8.22101 10.1923
      vertex 59.9237 8.1136 3.28041
      vertex 59.9057 8.14258 3.26488
    endloop
  endfacet
  facet normal 0.0743006 -0.995178 0.0640251
    outer loop
      vertex 54.2673 9.63271 10.5507
      vertex 60.3011 9.63638 3.60557
      vertex 54.372 9.64633 10.6409
    endloop
  endfacet
  facet normal 0.0741121 -0.995203 0.0638613
    outer loop
      vertex 60.3011 9.63638 3.60557
      vertex 54.2673 9.63271 10.5507
      vertex 60.2728 9.63271 3.58122
    endloop
  endfacet
  facet normal 0.480634 0.772958 0.414157
    outer loop
      vertex 60.027 8.00168 3.36944
      vertex 53.9182 8.1136 10.2499
      vertex 54.0215 8.00168 10.3389
    endloop
  endfacet
  facet normal 0.480594 0.773003 0.41412
    outer loop
      vertex 53.9182 8.1136 10.2499
      vertex 60.027 8.00168 3.36944
      vertex 59.9237 8.1136 3.28041
    endloop
  endfacet
  facet normal -0.753902 0.0979841 -0.649639
    outer loop
      vertex 58.8567 8.57442 14.5054
      vertex 64.8754 8.75 7.54722
      vertex 64.8623 8.57442 7.53594
    endloop
  endfacet
  facet normal -0.753897 0.0980574 -0.649633
    outer loop
      vertex 64.8754 8.75 7.54722
      vertex 58.8567 8.57442 14.5054
      vertex 58.8698 8.75 14.5167
    endloop
  endfacet
  facet normal -0.480515 0.773084 -0.414061
    outer loop
      vertex 64.6757 8.1136 7.37515
      vertex 58.5887 8.02546 14.2745
      vertex 58.6701 8.1136 14.3446
    endloop
  endfacet
  facet normal -0.480186 0.773446 -0.413766
    outer loop
      vertex 58.5887 8.02546 14.2745
      vertex 64.6757 8.1136 7.37515
      vertex 64.6537 8.08982 7.35623
    endloop
  endfacet
  facet normal -0.220012 0.956897 -0.189585
    outer loop
      vertex 64.4545 7.91851 7.18455
      vertex 58.4217 7.90762 14.1306
      vertex 58.4489 7.91851 14.154
    endloop
  endfacet
  facet normal -0.21992 0.956934 -0.189505
    outer loop
      vertex 58.4217 7.90762 14.1306
      vertex 64.4545 7.91851 7.18455
      vertex 64.3538 7.87818 7.09776
    endloop
  endfacet
  facet normal -0.481055 -0.772492 -0.414538
    outer loop
      vertex 58.5668 9.49832 14.2556
      vertex 64.6537 9.41018 7.35623
      vertex 58.5887 9.47454 14.2745
    endloop
  endfacet
  facet normal -0.480502 -0.773103 -0.414041
    outer loop
      vertex 64.6537 9.41018 7.35623
      vertex 58.5668 9.49832 14.2556
      vertex 64.5723 9.49832 7.28612
    endloop
  endfacet
  facet normal -0.0742467 -0.995185 -0.0639786
    outer loop
      vertex 58.188 9.65 13.9292
      vertex 64.3266 9.63271 7.07434
      vertex 58.321 9.63271 14.0438
    endloop
  endfacet
  facet normal -0.0742413 -0.995186 -0.0639738
    outer loop
      vertex 64.3266 9.63271 7.07434
      vertex 58.188 9.65 13.9292
      vertex 64.1936 9.65 6.95972
    endloop
  endfacet
  facet normal 0.58545 -0.634631 0.504473
    outer loop
      vertex 53.8514 9.27899 10.1923
      vertex 59.9237 9.3864 3.28041
      vertex 53.9182 9.3864 10.2499
    endloop
  endfacet
  facet normal 0.585768 -0.634107 0.504761
    outer loop
      vertex 59.9237 9.3864 3.28041
      vertex 53.8514 9.27899 10.1923
      vertex 59.9057 9.35741 3.26488
    endloop
  endfacet
  facet normal 0.66799 0.471672 0.5756
    outer loop
      vertex 53.7704 8.40558 10.1225
      vertex 59.7893 8.37252 3.16459
      vertex 59.7759 8.40558 3.15305
    endloop
  endfacet
  facet normal 0.668056 0.471507 0.575658
    outer loop
      vertex 59.7893 8.37252 3.16459
      vertex 53.7704 8.40558 10.1225
      vertex 53.82 8.28305 10.1653
    endloop
  endfacet
  facet normal 0.21992 0.956934 0.189506
    outer loop
      vertex 60.1449 7.91851 3.47101
      vertex 54.1665 7.90762 10.4639
      vertex 60.2456 7.87818 3.5578
    endloop
  endfacet
  facet normal 0.220012 0.956897 0.189584
    outer loop
      vertex 54.1665 7.90762 10.4639
      vertex 60.1449 7.91851 3.47101
      vertex 54.1393 7.91851 10.4405
    endloop
  endfacet
  facet normal -0.585619 -0.63435 -0.504629
    outer loop
      vertex 58.6701 9.3864 14.3446
      vertex 64.6937 9.35741 7.39068
      vertex 58.7369 9.27899 14.4021
    endloop
  endfacet
  facet normal -0.585769 -0.634107 -0.50476
    outer loop
      vertex 64.6937 9.35741 7.39068
      vertex 58.6701 9.3864 14.3446
      vertex 64.6757 9.3864 7.37515
    endloop
  endfacet
  facet normal 0.219847 -0.956964 0.18944
    outer loop
      vertex 60.2456 9.62182 3.5578
      vertex 54.2673 9.63271 10.5507
      vertex 54.1665 9.59237 10.4639
    endloop
  endfacet
  facet normal 0.219941 -0.956927 0.18952
    outer loop
      vertex 54.2673 9.63271 10.5507
      vertex 60.2456 9.62182 3.5578
      vertex 60.2728 9.63271 3.58122
    endloop
  endfacet
  facet normal 0.0740479 -0.995211 0.0638061
    outer loop
      vertex 54.372 9.64633 10.6409
      vertex 60.4058 9.65 3.69583
      vertex 54.4003 9.65 10.6653
    endloop
  endfacet
  facet normal 0.0742795 -0.995181 0.0640073
    outer loop
      vertex 60.4058 9.65 3.69583
      vertex 54.372 9.64633 10.6409
      vertex 60.3011 9.63638 3.60557
    endloop
  endfacet
  facet normal 0.480634 -0.772958 0.414157
    outer loop
      vertex 53.9182 9.3864 10.2499
      vertex 60.027 9.49832 3.36944
      vertex 54.0215 9.49832 10.3389
    endloop
  endfacet
  facet normal 0.480594 -0.773003 0.41412
    outer loop
      vertex 60.027 9.49832 3.36944
      vertex 53.9182 9.3864 10.2499
      vertex 59.9237 9.3864 3.28041
    endloop
  endfacet
  facet normal -0.72499 0.290021 -0.624722
    outer loop
      vertex 58.8179 8.40558 14.472
      vertex 64.854 8.53854 7.52883
      vertex 64.8235 8.40558 7.5025
    endloop
  endfacet
  facet normal -0.725133 0.28937 -0.624858
    outer loop
      vertex 64.854 8.53854 7.52883
      vertex 58.8179 8.40558 14.472
      vertex 58.8261 8.44146 14.4791
    endloop
  endfacet
  facet normal -0.21991 0.956938 -0.189497
    outer loop
      vertex 64.3538 7.87818 7.09776
      vertex 58.321 7.86729 14.0438
      vertex 58.4217 7.90762 14.1306
    endloop
  endfacet
  facet normal -0.219939 0.956927 -0.189522
    outer loop
      vertex 58.321 7.86729 14.0438
      vertex 64.3538 7.87818 7.09776
      vertex 64.3266 7.86729 7.07434
    endloop
  endfacet
  facet normal -0.0742467 0.995185 -0.0639786
    outer loop
      vertex 64.3266 7.86729 7.07434
      vertex 58.188 7.85 13.9292
      vertex 58.321 7.86729 14.0438
    endloop
  endfacet
  facet normal -0.0742413 0.995186 -0.0639738
    outer loop
      vertex 58.188 7.85 13.9292
      vertex 64.3266 7.86729 7.07434
      vertex 64.1936 7.85 6.95972
    endloop
  endfacet
  facet normal -0.481055 0.772492 -0.414538
    outer loop
      vertex 64.6537 8.08982 7.35623
      vertex 58.5668 8.00168 14.2556
      vertex 58.5887 8.02546 14.2745
    endloop
  endfacet
  facet normal -0.480502 0.773103 -0.414041
    outer loop
      vertex 58.5668 8.00168 14.2556
      vertex 64.6537 8.08982 7.35623
      vertex 64.5723 8.00168 7.28612
    endloop
  endfacet
  facet normal -0.357042 0.881968 -0.307658
    outer loop
      vertex 64.5723 8.00168 7.28612
      vertex 58.4489 7.91851 14.154
      vertex 58.5668 8.00168 14.2556
    endloop
  endfacet
  facet normal -0.357209 0.881848 -0.307808
    outer loop
      vertex 58.4489 7.91851 14.154
      vertex 64.5723 8.00168 7.28612
      vertex 64.4545 7.91851 7.18455
    endloop
  endfacet
  facet normal -0.357042 -0.881968 -0.307658
    outer loop
      vertex 58.4489 9.58149 14.154
      vertex 64.5723 9.49832 7.28612
      vertex 58.5668 9.49832 14.2556
    endloop
  endfacet
  facet normal -0.357209 -0.881848 -0.307808
    outer loop
      vertex 64.5723 9.49832 7.28612
      vertex 58.4489 9.58149 14.154
      vertex 64.4545 9.58149 7.18455
    endloop
  endfacet
  facet normal 0.724903 -0.290411 0.624641
    outer loop
      vertex 53.7398 8.96146 10.0962
      vertex 59.7759 9.09441 3.15305
      vertex 53.7704 9.09441 10.1225
    endloop
  endfacet
  facet normal 0.725115 -0.289444 0.624844
    outer loop
      vertex 59.7759 9.09441 3.15305
      vertex 53.7398 8.96146 10.0962
      vertex 59.7677 9.05854 3.14595
    endloop
  endfacet
  facet normal 0.725132 -0.28937 0.624859
    outer loop
      vertex 53.7316 8.92558 10.0891
      vertex 59.7677 9.05854 3.14595
      vertex 53.7398 8.96146 10.0962
    endloop
  endfacet
  facet normal 0.72488 -0.29052 0.624618
    outer loop
      vertex 59.7677 9.05854 3.14595
      vertex 53.7316 8.92558 10.0891
      vertex 59.7371 8.92558 3.11962
    endloop
  endfacet
  facet normal 0.668209 -0.47113 0.575789
    outer loop
      vertex 53.82 9.21695 10.1653
      vertex 59.8389 9.25001 3.20735
      vertex 53.8334 9.25001 10.1768
    endloop
  endfacet
  facet normal 0.668117 -0.471361 0.575708
    outer loop
      vertex 59.8389 9.25001 3.20735
      vertex 53.82 9.21695 10.1653
      vertex 59.7893 9.12748 3.16459
    endloop
  endfacet
  facet normal 0.585879 -0.633926 0.50486
    outer loop
      vertex 53.8334 9.25001 10.1768
      vertex 59.9057 9.35741 3.26488
      vertex 53.8514 9.27899 10.1923
    endloop
  endfacet
  facet normal 0.585548 -0.634469 0.504561
    outer loop
      vertex 59.9057 9.35741 3.26488
      vertex 53.8334 9.25001 10.1768
      vertex 59.8389 9.25001 3.20735
    endloop
  endfacet
  facet normal 0.219941 0.956927 0.18952
    outer loop
      vertex 60.2456 7.87818 3.5578
      vertex 54.2673 7.86729 10.5507
      vertex 60.2728 7.86729 3.58122
    endloop
  endfacet
  facet normal 0.219797 0.956984 0.189397
    outer loop
      vertex 54.2673 7.86729 10.5507
      vertex 60.2456 7.87818 3.5578
      vertex 54.1665 7.90762 10.4639
    endloop
  endfacet
  facet normal 0.219827 -0.956971 0.189425
    outer loop
      vertex 60.1449 9.58149 3.47101
      vertex 54.1665 9.59237 10.4639
      vertex 54.1393 9.58149 10.4405
    endloop
  endfacet
  facet normal 0.219921 -0.956934 0.189505
    outer loop
      vertex 54.1665 9.59237 10.4639
      vertex 60.1449 9.58149 3.47101
      vertex 60.2456 9.62182 3.5578
    endloop
  endfacet
  facet normal 0.668209 0.47113 0.575789
    outer loop
      vertex 59.8389 8.24999 3.20735
      vertex 53.82 8.28305 10.1653
      vertex 53.8334 8.24999 10.1768
    endloop
  endfacet
  facet normal 0.668117 0.471361 0.575708
    outer loop
      vertex 53.82 8.28305 10.1653
      vertex 59.8389 8.24999 3.20735
      vertex 59.7893 8.37252 3.16459
    endloop
  endfacet
  facet normal 0.58588 0.633926 0.50486
    outer loop
      vertex 59.9057 8.14258 3.26488
      vertex 53.8334 8.24999 10.1768
      vertex 53.8514 8.22101 10.1923
    endloop
  endfacet
  facet normal 0.58557 0.634434 0.50458
    outer loop
      vertex 53.8334 8.24999 10.1768
      vertex 59.9057 8.14258 3.26488
      vertex 59.8389 8.24999 3.20735
    endloop
  endfacet
  facet normal 0.724908 0.290391 0.624645
    outer loop
      vertex 59.7759 8.40558 3.15305
      vertex 53.7398 8.53854 10.0962
      vertex 53.7704 8.40558 10.1225
    endloop
  endfacet
  facet normal 0.725132 0.28937 0.624859
    outer loop
      vertex 53.7398 8.53854 10.0962
      vertex 59.7759 8.40558 3.15305
      vertex 59.7677 8.44146 3.14595
    endloop
  endfacet
  facet normal 0.725132 0.28937 0.624859
    outer loop
      vertex 59.7677 8.44146 3.14595
      vertex 53.7316 8.57442 10.0891
      vertex 53.7398 8.53854 10.0962
    endloop
  endfacet
  facet normal 0.72488 0.29052 0.624618
    outer loop
      vertex 53.7316 8.57442 10.0891
      vertex 59.7677 8.44146 3.14595
      vertex 59.7371 8.57442 3.11962
    endloop
  endfacet
  facet normal -0.753902 -0.0979841 -0.649639
    outer loop
      vertex 64.8754 8.75 7.54722
      vertex 58.8567 8.92558 14.5054
      vertex 64.8623 8.92558 7.53594
    endloop
  endfacet
  facet normal -0.753897 -0.0980574 -0.649633
    outer loop
      vertex 58.8567 8.92558 14.5054
      vertex 64.8754 8.75 7.54722
      vertex 58.8698 8.75 14.5167
    endloop
  endfacet
  facet normal -0.668098 0.471398 -0.575699
    outer loop
      vertex 58.7549 8.24999 14.4177
      vertex 64.8235 8.40558 7.5025
      vertex 64.7605 8.24999 7.44821
    endloop
  endfacet
  facet normal -0.668086 0.471427 -0.575688
    outer loop
      vertex 64.8235 8.40558 7.5025
      vertex 58.7549 8.24999 14.4177
      vertex 58.8179 8.40558 14.472
    endloop
  endfacet
  facet normal -0.21996 -0.956918 -0.18954
    outer loop
      vertex 58.321 9.63271 14.0438
      vertex 64.3538 9.62182 7.09776
      vertex 58.4217 9.59237 14.1306
    endloop
  endfacet
  facet normal -0.219939 -0.956927 -0.189522
    outer loop
      vertex 64.3538 9.62182 7.09776
      vertex 58.321 9.63271 14.0438
      vertex 64.3266 9.63271 7.07434
    endloop
  endfacet
  facet normal 0.753903 -0.0980574 0.649627
    outer loop
      vertex 53.7185 8.75 10.0778
      vertex 59.7371 8.92558 3.11962
      vertex 53.7316 8.92558 10.0891
    endloop
  endfacet
  facet normal 0.753905 -0.0980207 0.64963
    outer loop
      vertex 59.7371 8.92558 3.11962
      vertex 53.7185 8.75 10.0778
      vertex 59.724 8.75 3.10833
    endloop
  endfacet
  facet normal 0.668069 -0.471477 0.575668
    outer loop
      vertex 53.7704 9.09441 10.1225
      vertex 59.7893 9.12748 3.16459
      vertex 53.82 9.21695 10.1653
    endloop
  endfacet
  facet normal 0.668035 -0.471561 0.575638
    outer loop
      vertex 59.7893 9.12748 3.16459
      vertex 53.7704 9.09441 10.1225
      vertex 59.7759 9.09441 3.15305
    endloop
  endfacet
endsolid OpenSCAD_Model
